-- MariaDB dump 10.19  Distrib 10.4.28-MariaDB, for osx10.10 (x86_64)
--
-- Host: localhost    Database: dgt_system
-- ------------------------------------------------------
-- Server version	10.4.28-MariaDB

/*!40101 SET @OLD_CHARACTER_SET_CLIENT=@@CHARACTER_SET_CLIENT */;
/*!40101 SET @OLD_CHARACTER_SET_RESULTS=@@CHARACTER_SET_RESULTS */;
/*!40101 SET @OLD_COLLATION_CONNECTION=@@COLLATION_CONNECTION */;
/*!40101 SET NAMES utf8mb4 */;
/*!40103 SET @OLD_TIME_ZONE=@@TIME_ZONE */;
/*!40103 SET TIME_ZONE='+00:00' */;
/*!40014 SET @OLD_UNIQUE_CHECKS=@@UNIQUE_CHECKS, UNIQUE_CHECKS=0 */;
/*!40014 SET @OLD_FOREIGN_KEY_CHECKS=@@FOREIGN_KEY_CHECKS, FOREIGN_KEY_CHECKS=0 */;
/*!40101 SET @OLD_SQL_MODE=@@SQL_MODE, SQL_MODE='NO_AUTO_VALUE_ON_ZERO' */;
/*!40111 SET @OLD_SQL_NOTES=@@SQL_NOTES, SQL_NOTES=0 */;

--
-- Table structure for table `activity_logs`
--

DROP TABLE IF EXISTS `activity_logs`;
/*!40101 SET @saved_cs_client     = @@character_set_client */;
/*!40101 SET character_set_client = utf8 */;
CREATE TABLE `activity_logs` (
  `id` bigint(20) unsigned NOT NULL AUTO_INCREMENT,
  `user_id` bigint(20) unsigned DEFAULT NULL,
  `action` varchar(255) NOT NULL,
  `module` varchar(255) DEFAULT NULL,
  `description` text DEFAULT NULL,
  `subject_type` varchar(255) DEFAULT NULL,
  `subject_id` bigint(20) unsigned DEFAULT NULL,
  `properties` longtext CHARACTER SET utf8mb4 COLLATE utf8mb4_bin DEFAULT NULL CHECK (json_valid(`properties`)),
  `ip_address` varchar(45) DEFAULT NULL,
  `user_agent` text DEFAULT NULL,
  `created_at` timestamp NOT NULL DEFAULT current_timestamp(),
  PRIMARY KEY (`id`),
  KEY `activity_logs_subject_type_subject_id_index` (`subject_type`,`subject_id`),
  KEY `activity_logs_user_id_created_at_index` (`user_id`,`created_at`),
  KEY `activity_logs_module_index` (`module`),
  KEY `activity_logs_action_index` (`action`),
  CONSTRAINT `activity_logs_user_id_foreign` FOREIGN KEY (`user_id`) REFERENCES `users` (`id`) ON DELETE SET NULL
) ENGINE=InnoDB AUTO_INCREMENT=1317 DEFAULT CHARSET=utf8mb4 COLLATE=utf8mb4_unicode_ci;
/*!40101 SET character_set_client = @saved_cs_client */;

--
-- Dumping data for table `activity_logs`
--

LOCK TABLES `activity_logs` WRITE;
/*!40000 ALTER TABLE `activity_logs` DISABLE KEYS */;
INSERT INTO `activity_logs` VALUES (1,1,'user.login','auth','User logged in',NULL,NULL,'[]','127.0.0.1','Mozilla/5.0 (Macintosh; Intel Mac OS X 10_15_7) AppleWebKit/537.36 (KHTML, like Gecko) Chrome/149.0.0.0 Safari/537.36','2026-06-30 12:18:14'),(2,1,'page.visit','navigation','Visited: dashboard',NULL,NULL,NULL,'127.0.0.1','Mozilla/5.0 (Macintosh; Intel Mac OS X 10_15_7) AppleWebKit/537.36 (KHTML, like Gecko) Chrome/149.0.0.0 Safari/537.36','2026-06-30 12:20:20'),(3,1,'page.visit','navigation','Visited: dashboard',NULL,NULL,NULL,'127.0.0.1','Mozilla/5.0 (Macintosh; Intel Mac OS X 10_15_7) AppleWebKit/537.36 (KHTML, like Gecko) Chrome/149.0.0.0 Safari/537.36','2026-06-30 12:20:20'),(4,1,'page.visit','navigation','Visited: notifications',NULL,NULL,NULL,'127.0.0.1','Mozilla/5.0 (Macintosh; Intel Mac OS X 10_15_7) AppleWebKit/537.36 (KHTML, like Gecko) Chrome/149.0.0.0 Safari/537.36','2026-06-30 12:20:20'),(5,1,'page.visit','navigation','Visited: notifications',NULL,NULL,NULL,'127.0.0.1','Mozilla/5.0 (Macintosh; Intel Mac OS X 10_15_7) AppleWebKit/537.36 (KHTML, like Gecko) Chrome/149.0.0.0 Safari/537.36','2026-06-30 12:20:20'),(6,1,'page.visit','navigation','Visited: notifications',NULL,NULL,NULL,'127.0.0.1','Mozilla/5.0 (Macintosh; Intel Mac OS X 10_15_7) AppleWebKit/537.36 (KHTML, like Gecko) Chrome/149.0.0.0 Safari/537.36','2026-06-30 12:20:33'),(7,1,'page.visit','navigation','Visited: notifications',NULL,NULL,NULL,'127.0.0.1','Mozilla/5.0 (Macintosh; Intel Mac OS X 10_15_7) AppleWebKit/537.36 (KHTML, like Gecko) Chrome/149.0.0.0 Safari/537.36','2026-06-30 12:20:33'),(8,1,'page.visit','navigation','Visited: notifications',NULL,NULL,NULL,'127.0.0.1','Mozilla/5.0 (Macintosh; Intel Mac OS X 10_15_7) AppleWebKit/537.36 (KHTML, like Gecko) Chrome/149.0.0.0 Safari/537.36','2026-06-30 12:20:45'),(9,1,'page.visit','navigation','Visited: notifications',NULL,NULL,NULL,'127.0.0.1','Mozilla/5.0 (Macintosh; Intel Mac OS X 10_15_7) AppleWebKit/537.36 (KHTML, like Gecko) Chrome/149.0.0.0 Safari/537.36','2026-06-30 12:20:45'),(10,1,'page.visit','navigation','Visited: notifications',NULL,NULL,NULL,'127.0.0.1','Mozilla/5.0 (Macintosh; Intel Mac OS X 10_15_7) AppleWebKit/537.36 (KHTML, like Gecko) Chrome/149.0.0.0 Safari/537.36','2026-06-30 12:20:57'),(11,1,'page.visit','navigation','Visited: notifications',NULL,NULL,NULL,'127.0.0.1','Mozilla/5.0 (Macintosh; Intel Mac OS X 10_15_7) AppleWebKit/537.36 (KHTML, like Gecko) Chrome/149.0.0.0 Safari/537.36','2026-06-30 12:20:57'),(12,1,'page.visit','navigation','Visited: notifications',NULL,NULL,NULL,'127.0.0.1','Mozilla/5.0 (Macintosh; Intel Mac OS X 10_15_7) AppleWebKit/537.36 (KHTML, like Gecko) Chrome/149.0.0.0 Safari/537.36','2026-06-30 12:21:09'),(13,1,'page.visit','navigation','Visited: notifications',NULL,NULL,NULL,'127.0.0.1','Mozilla/5.0 (Macintosh; Intel Mac OS X 10_15_7) AppleWebKit/537.36 (KHTML, like Gecko) Chrome/149.0.0.0 Safari/537.36','2026-06-30 12:21:09'),(14,1,'page.visit','navigation','Visited: notifications',NULL,NULL,NULL,'127.0.0.1','Mozilla/5.0 (Macintosh; Intel Mac OS X 10_15_7) AppleWebKit/537.36 (KHTML, like Gecko) Chrome/149.0.0.0 Safari/537.36','2026-06-30 12:21:21'),(15,1,'page.visit','navigation','Visited: notifications',NULL,NULL,NULL,'127.0.0.1','Mozilla/5.0 (Macintosh; Intel Mac OS X 10_15_7) AppleWebKit/537.36 (KHTML, like Gecko) Chrome/149.0.0.0 Safari/537.36','2026-06-30 12:21:21'),(16,1,'page.visit','navigation','Visited: notifications',NULL,NULL,NULL,'127.0.0.1','Mozilla/5.0 (Macintosh; Intel Mac OS X 10_15_7) AppleWebKit/537.36 (KHTML, like Gecko) Chrome/149.0.0.0 Safari/537.36','2026-06-30 12:21:33'),(17,1,'page.visit','navigation','Visited: notifications',NULL,NULL,NULL,'127.0.0.1','Mozilla/5.0 (Macintosh; Intel Mac OS X 10_15_7) AppleWebKit/537.36 (KHTML, like Gecko) Chrome/149.0.0.0 Safari/537.36','2026-06-30 12:21:33'),(18,1,'page.visit','navigation','Visited: notifications',NULL,NULL,NULL,'127.0.0.1','Mozilla/5.0 (Macintosh; Intel Mac OS X 10_15_7) AppleWebKit/537.36 (KHTML, like Gecko) Chrome/149.0.0.0 Safari/537.36','2026-06-30 12:22:01'),(19,1,'page.visit','navigation','Visited: notifications',NULL,NULL,NULL,'127.0.0.1','Mozilla/5.0 (Macintosh; Intel Mac OS X 10_15_7) AppleWebKit/537.36 (KHTML, like Gecko) Chrome/149.0.0.0 Safari/537.36','2026-06-30 12:22:01'),(20,1,'page.visit','navigation','Visited: notifications',NULL,NULL,NULL,'127.0.0.1','Mozilla/5.0 (Macintosh; Intel Mac OS X 10_15_7) AppleWebKit/537.36 (KHTML, like Gecko) Chrome/149.0.0.0 Safari/537.36','2026-06-30 12:23:01'),(21,1,'page.visit','navigation','Visited: notifications',NULL,NULL,NULL,'127.0.0.1','Mozilla/5.0 (Macintosh; Intel Mac OS X 10_15_7) AppleWebKit/537.36 (KHTML, like Gecko) Chrome/149.0.0.0 Safari/537.36','2026-06-30 12:23:01'),(22,1,'page.visit','navigation','Visited: notifications',NULL,NULL,NULL,'127.0.0.1','Mozilla/5.0 (Macintosh; Intel Mac OS X 10_15_7) AppleWebKit/537.36 (KHTML, like Gecko) Chrome/149.0.0.0 Safari/537.36','2026-06-30 12:24:01'),(23,1,'page.visit','navigation','Visited: notifications',NULL,NULL,NULL,'127.0.0.1','Mozilla/5.0 (Macintosh; Intel Mac OS X 10_15_7) AppleWebKit/537.36 (KHTML, like Gecko) Chrome/149.0.0.0 Safari/537.36','2026-06-30 12:24:01'),(24,1,'page.visit','navigation','Visited: notifications',NULL,NULL,NULL,'127.0.0.1','Mozilla/5.0 (Macintosh; Intel Mac OS X 10_15_7) AppleWebKit/537.36 (KHTML, like Gecko) Chrome/149.0.0.0 Safari/537.36','2026-06-30 12:24:35'),(25,1,'page.visit','navigation','Visited: admin/users',NULL,NULL,NULL,'127.0.0.1','Mozilla/5.0 (Macintosh; Intel Mac OS X 10_15_7) AppleWebKit/537.36 (KHTML, like Gecko) Chrome/149.0.0.0 Safari/537.36','2026-06-30 12:24:39'),(26,1,'page.visit','navigation','Visited: notifications',NULL,NULL,NULL,'127.0.0.1','Mozilla/5.0 (Macintosh; Intel Mac OS X 10_15_7) AppleWebKit/537.36 (KHTML, like Gecko) Chrome/149.0.0.0 Safari/537.36','2026-06-30 12:24:39'),(27,1,'page.visit','navigation','Visited: notifications',NULL,NULL,NULL,'127.0.0.1','Mozilla/5.0 (Macintosh; Intel Mac OS X 10_15_7) AppleWebKit/537.36 (KHTML, like Gecko) Chrome/149.0.0.0 Safari/537.36','2026-06-30 12:24:51'),(28,1,'page.visit','navigation','Visited: notifications',NULL,NULL,NULL,'127.0.0.1','Mozilla/5.0 (Macintosh; Intel Mac OS X 10_15_7) AppleWebKit/537.36 (KHTML, like Gecko) Chrome/149.0.0.0 Safari/537.36','2026-06-30 12:25:01'),(29,1,'page.visit','navigation','Visited: notifications',NULL,NULL,NULL,'127.0.0.1','Mozilla/5.0 (Macintosh; Intel Mac OS X 10_15_7) AppleWebKit/537.36 (KHTML, like Gecko) Chrome/149.0.0.0 Safari/537.36','2026-06-30 12:25:03'),(30,1,'page.visit','navigation','Visited: notifications',NULL,NULL,NULL,'127.0.0.1','Mozilla/5.0 (Macintosh; Intel Mac OS X 10_15_7) AppleWebKit/537.36 (KHTML, like Gecko) Chrome/149.0.0.0 Safari/537.36','2026-06-30 12:25:15'),(31,1,'page.visit','navigation','Visited: notifications',NULL,NULL,NULL,'127.0.0.1','Mozilla/5.0 (Macintosh; Intel Mac OS X 10_15_7) AppleWebKit/537.36 (KHTML, like Gecko) Chrome/149.0.0.0 Safari/537.36','2026-06-30 12:25:27'),(32,1,'page.visit','navigation','Visited: notifications',NULL,NULL,NULL,'127.0.0.1','Mozilla/5.0 (Macintosh; Intel Mac OS X 10_15_7) AppleWebKit/537.36 (KHTML, like Gecko) Chrome/149.0.0.0 Safari/537.36','2026-06-30 12:25:39'),(33,1,'page.visit','navigation','Visited: notifications',NULL,NULL,NULL,'127.0.0.1','Mozilla/5.0 (Macintosh; Intel Mac OS X 10_15_7) AppleWebKit/537.36 (KHTML, like Gecko) Chrome/149.0.0.0 Safari/537.36','2026-06-30 12:25:51'),(34,1,'page.visit','navigation','Visited: notifications',NULL,NULL,NULL,'127.0.0.1','Mozilla/5.0 (Macintosh; Intel Mac OS X 10_15_7) AppleWebKit/537.36 (KHTML, like Gecko) Chrome/149.0.0.0 Safari/537.36','2026-06-30 12:26:01'),(35,1,'page.visit','navigation','Visited: notifications',NULL,NULL,NULL,'127.0.0.1','Mozilla/5.0 (Macintosh; Intel Mac OS X 10_15_7) AppleWebKit/537.36 (KHTML, like Gecko) Chrome/149.0.0.0 Safari/537.36','2026-06-30 12:26:03'),(36,1,'page.visit','navigation','Visited: notifications',NULL,NULL,NULL,'127.0.0.1','Mozilla/5.0 (Macintosh; Intel Mac OS X 10_15_7) AppleWebKit/537.36 (KHTML, like Gecko) Chrome/149.0.0.0 Safari/537.36','2026-06-30 12:26:15'),(37,1,'page.visit','navigation','Visited: notifications',NULL,NULL,NULL,'127.0.0.1','Mozilla/5.0 (Macintosh; Intel Mac OS X 10_15_7) AppleWebKit/537.36 (KHTML, like Gecko) Chrome/149.0.0.0 Safari/537.36','2026-06-30 12:26:27'),(38,1,'page.visit','navigation','Visited: notifications',NULL,NULL,NULL,'127.0.0.1','Mozilla/5.0 (Macintosh; Intel Mac OS X 10_15_7) AppleWebKit/537.36 (KHTML, like Gecko) Chrome/149.0.0.0 Safari/537.36','2026-06-30 12:26:39'),(39,1,'page.visit','navigation','Visited: notifications',NULL,NULL,NULL,'127.0.0.1','Mozilla/5.0 (Macintosh; Intel Mac OS X 10_15_7) AppleWebKit/537.36 (KHTML, like Gecko) Chrome/149.0.0.0 Safari/537.36','2026-06-30 12:26:51'),(40,1,'page.visit','navigation','Visited: notifications',NULL,NULL,NULL,'127.0.0.1','Mozilla/5.0 (Macintosh; Intel Mac OS X 10_15_7) AppleWebKit/537.36 (KHTML, like Gecko) Chrome/149.0.0.0 Safari/537.36','2026-06-30 12:27:01'),(41,1,'page.visit','navigation','Visited: notifications',NULL,NULL,NULL,'127.0.0.1','Mozilla/5.0 (Macintosh; Intel Mac OS X 10_15_7) AppleWebKit/537.36 (KHTML, like Gecko) Chrome/149.0.0.0 Safari/537.36','2026-06-30 12:27:03'),(42,1,'page.visit','navigation','Visited: notifications',NULL,NULL,NULL,'127.0.0.1','Mozilla/5.0 (Macintosh; Intel Mac OS X 10_15_7) AppleWebKit/537.36 (KHTML, like Gecko) Chrome/149.0.0.0 Safari/537.36','2026-06-30 12:27:15'),(43,1,'page.visit','navigation','Visited: notifications',NULL,NULL,NULL,'127.0.0.1','Mozilla/5.0 (Macintosh; Intel Mac OS X 10_15_7) AppleWebKit/537.36 (KHTML, like Gecko) Chrome/149.0.0.0 Safari/537.36','2026-06-30 12:27:27'),(44,1,'page.visit','navigation','Visited: notifications',NULL,NULL,NULL,'127.0.0.1','Mozilla/5.0 (Macintosh; Intel Mac OS X 10_15_7) AppleWebKit/537.36 (KHTML, like Gecko) Chrome/149.0.0.0 Safari/537.36','2026-06-30 12:27:39'),(45,1,'page.visit','navigation','Visited: notifications',NULL,NULL,NULL,'127.0.0.1','Mozilla/5.0 (Macintosh; Intel Mac OS X 10_15_7) AppleWebKit/537.36 (KHTML, like Gecko) Chrome/149.0.0.0 Safari/537.36','2026-06-30 12:27:51'),(46,1,'page.visit','navigation','Visited: notifications',NULL,NULL,NULL,'127.0.0.1','Mozilla/5.0 (Macintosh; Intel Mac OS X 10_15_7) AppleWebKit/537.36 (KHTML, like Gecko) Chrome/149.0.0.0 Safari/537.36','2026-06-30 12:28:01'),(47,1,'page.visit','navigation','Visited: notifications',NULL,NULL,NULL,'127.0.0.1','Mozilla/5.0 (Macintosh; Intel Mac OS X 10_15_7) AppleWebKit/537.36 (KHTML, like Gecko) Chrome/149.0.0.0 Safari/537.36','2026-06-30 12:28:03'),(48,1,'page.visit','navigation','Visited: notifications',NULL,NULL,NULL,'127.0.0.1','Mozilla/5.0 (Macintosh; Intel Mac OS X 10_15_7) AppleWebKit/537.36 (KHTML, like Gecko) Chrome/149.0.0.0 Safari/537.36','2026-06-30 12:28:15'),(49,1,'page.visit','navigation','Visited: notifications',NULL,NULL,NULL,'127.0.0.1','Mozilla/5.0 (Macintosh; Intel Mac OS X 10_15_7) AppleWebKit/537.36 (KHTML, like Gecko) Chrome/149.0.0.0 Safari/537.36','2026-06-30 12:28:27'),(50,1,'page.visit','navigation','Visited: notifications',NULL,NULL,NULL,'127.0.0.1','Mozilla/5.0 (Macintosh; Intel Mac OS X 10_15_7) AppleWebKit/537.36 (KHTML, like Gecko) Chrome/149.0.0.0 Safari/537.36','2026-06-30 12:28:39'),(51,1,'page.visit','navigation','Visited: notifications',NULL,NULL,NULL,'127.0.0.1','Mozilla/5.0 (Macintosh; Intel Mac OS X 10_15_7) AppleWebKit/537.36 (KHTML, like Gecko) Chrome/149.0.0.0 Safari/537.36','2026-06-30 12:28:51'),(52,1,'page.visit','navigation','Visited: notifications',NULL,NULL,NULL,'127.0.0.1','Mozilla/5.0 (Macintosh; Intel Mac OS X 10_15_7) AppleWebKit/537.36 (KHTML, like Gecko) Chrome/149.0.0.0 Safari/537.36','2026-06-30 12:29:01'),(53,1,'page.visit','navigation','Visited: notifications',NULL,NULL,NULL,'127.0.0.1','Mozilla/5.0 (Macintosh; Intel Mac OS X 10_15_7) AppleWebKit/537.36 (KHTML, like Gecko) Chrome/149.0.0.0 Safari/537.36','2026-06-30 12:29:03'),(54,1,'page.visit','navigation','Visited: notifications',NULL,NULL,NULL,'127.0.0.1','Mozilla/5.0 (Macintosh; Intel Mac OS X 10_15_7) AppleWebKit/537.36 (KHTML, like Gecko) Chrome/149.0.0.0 Safari/537.36','2026-06-30 12:29:15'),(55,1,'page.visit','navigation','Visited: notifications',NULL,NULL,NULL,'127.0.0.1','Mozilla/5.0 (Macintosh; Intel Mac OS X 10_15_7) AppleWebKit/537.36 (KHTML, like Gecko) Chrome/149.0.0.0 Safari/537.36','2026-06-30 12:29:27'),(56,1,'page.visit','navigation','Visited: notifications',NULL,NULL,NULL,'127.0.0.1','Mozilla/5.0 (Macintosh; Intel Mac OS X 10_15_7) AppleWebKit/537.36 (KHTML, like Gecko) Chrome/149.0.0.0 Safari/537.36','2026-06-30 12:29:39'),(57,1,'page.visit','navigation','Visited: notifications',NULL,NULL,NULL,'127.0.0.1','Mozilla/5.0 (Macintosh; Intel Mac OS X 10_15_7) AppleWebKit/537.36 (KHTML, like Gecko) Chrome/149.0.0.0 Safari/537.36','2026-06-30 12:29:51'),(58,1,'page.visit','navigation','Visited: notifications',NULL,NULL,NULL,'127.0.0.1','Mozilla/5.0 (Macintosh; Intel Mac OS X 10_15_7) AppleWebKit/537.36 (KHTML, like Gecko) Chrome/149.0.0.0 Safari/537.36','2026-06-30 12:30:01'),(59,1,'page.visit','navigation','Visited: notifications',NULL,NULL,NULL,'127.0.0.1','Mozilla/5.0 (Macintosh; Intel Mac OS X 10_15_7) AppleWebKit/537.36 (KHTML, like Gecko) Chrome/149.0.0.0 Safari/537.36','2026-06-30 12:30:03'),(60,1,'page.visit','navigation','Visited: notifications',NULL,NULL,NULL,'127.0.0.1','Mozilla/5.0 (Macintosh; Intel Mac OS X 10_15_7) AppleWebKit/537.36 (KHTML, like Gecko) Chrome/149.0.0.0 Safari/537.36','2026-06-30 12:30:15'),(61,1,'page.visit','navigation','Visited: notifications',NULL,NULL,NULL,'127.0.0.1','Mozilla/5.0 (Macintosh; Intel Mac OS X 10_15_7) AppleWebKit/537.36 (KHTML, like Gecko) Chrome/149.0.0.0 Safari/537.36','2026-06-30 12:30:27'),(62,1,'page.visit','navigation','Visited: notifications',NULL,NULL,NULL,'127.0.0.1','Mozilla/5.0 (Macintosh; Intel Mac OS X 10_15_7) AppleWebKit/537.36 (KHTML, like Gecko) Chrome/149.0.0.0 Safari/537.36','2026-06-30 12:30:39'),(63,1,'page.visit','navigation','Visited: notifications',NULL,NULL,NULL,'127.0.0.1','Mozilla/5.0 (Macintosh; Intel Mac OS X 10_15_7) AppleWebKit/537.36 (KHTML, like Gecko) Chrome/149.0.0.0 Safari/537.36','2026-06-30 12:30:51'),(64,1,'page.visit','navigation','Visited: notifications',NULL,NULL,NULL,'127.0.0.1','Mozilla/5.0 (Macintosh; Intel Mac OS X 10_15_7) AppleWebKit/537.36 (KHTML, like Gecko) Chrome/149.0.0.0 Safari/537.36','2026-06-30 12:31:01'),(65,1,'page.visit','navigation','Visited: notifications',NULL,NULL,NULL,'127.0.0.1','Mozilla/5.0 (Macintosh; Intel Mac OS X 10_15_7) AppleWebKit/537.36 (KHTML, like Gecko) Chrome/149.0.0.0 Safari/537.36','2026-06-30 12:31:03'),(66,1,'page.visit','navigation','Visited: notifications',NULL,NULL,NULL,'127.0.0.1','Mozilla/5.0 (Macintosh; Intel Mac OS X 10_15_7) AppleWebKit/537.36 (KHTML, like Gecko) Chrome/149.0.0.0 Safari/537.36','2026-06-30 12:31:15'),(67,1,'page.visit','navigation','Visited: notifications',NULL,NULL,NULL,'127.0.0.1','Mozilla/5.0 (Macintosh; Intel Mac OS X 10_15_7) AppleWebKit/537.36 (KHTML, like Gecko) Chrome/149.0.0.0 Safari/537.36','2026-06-30 12:31:27'),(68,1,'page.visit','navigation','Visited: notifications',NULL,NULL,NULL,'127.0.0.1','Mozilla/5.0 (Macintosh; Intel Mac OS X 10_15_7) AppleWebKit/537.36 (KHTML, like Gecko) Chrome/149.0.0.0 Safari/537.36','2026-06-30 12:31:39'),(69,1,'page.visit','navigation','Visited: notifications',NULL,NULL,NULL,'127.0.0.1','Mozilla/5.0 (Macintosh; Intel Mac OS X 10_15_7) AppleWebKit/537.36 (KHTML, like Gecko) Chrome/149.0.0.0 Safari/537.36','2026-06-30 12:31:51'),(70,1,'page.visit','navigation','Visited: notifications',NULL,NULL,NULL,'127.0.0.1','Mozilla/5.0 (Macintosh; Intel Mac OS X 10_15_7) AppleWebKit/537.36 (KHTML, like Gecko) Chrome/149.0.0.0 Safari/537.36','2026-06-30 12:32:01'),(71,1,'page.visit','navigation','Visited: notifications',NULL,NULL,NULL,'127.0.0.1','Mozilla/5.0 (Macintosh; Intel Mac OS X 10_15_7) AppleWebKit/537.36 (KHTML, like Gecko) Chrome/149.0.0.0 Safari/537.36','2026-06-30 12:32:03'),(72,1,'page.visit','navigation','Visited: notifications',NULL,NULL,NULL,'127.0.0.1','Mozilla/5.0 (Macintosh; Intel Mac OS X 10_15_7) AppleWebKit/537.36 (KHTML, like Gecko) Chrome/149.0.0.0 Safari/537.36','2026-06-30 12:32:15'),(73,1,'page.visit','navigation','Visited: notifications',NULL,NULL,NULL,'127.0.0.1','Mozilla/5.0 (Macintosh; Intel Mac OS X 10_15_7) AppleWebKit/537.36 (KHTML, like Gecko) Chrome/149.0.0.0 Safari/537.36','2026-06-30 12:32:27'),(74,1,'page.visit','navigation','Visited: notifications',NULL,NULL,NULL,'127.0.0.1','Mozilla/5.0 (Macintosh; Intel Mac OS X 10_15_7) AppleWebKit/537.36 (KHTML, like Gecko) Chrome/149.0.0.0 Safari/537.36','2026-06-30 12:32:39'),(75,1,'page.visit','navigation','Visited: notifications',NULL,NULL,NULL,'127.0.0.1','Mozilla/5.0 (Macintosh; Intel Mac OS X 10_15_7) AppleWebKit/537.36 (KHTML, like Gecko) Chrome/149.0.0.0 Safari/537.36','2026-06-30 12:32:51'),(76,1,'page.visit','navigation','Visited: notifications',NULL,NULL,NULL,'127.0.0.1','Mozilla/5.0 (Macintosh; Intel Mac OS X 10_15_7) AppleWebKit/537.36 (KHTML, like Gecko) Chrome/149.0.0.0 Safari/537.36','2026-06-30 12:33:01'),(77,1,'page.visit','navigation','Visited: notifications',NULL,NULL,NULL,'127.0.0.1','Mozilla/5.0 (Macintosh; Intel Mac OS X 10_15_7) AppleWebKit/537.36 (KHTML, like Gecko) Chrome/149.0.0.0 Safari/537.36','2026-06-30 12:33:03'),(78,1,'page.visit','navigation','Visited: notifications',NULL,NULL,NULL,'127.0.0.1','Mozilla/5.0 (Macintosh; Intel Mac OS X 10_15_7) AppleWebKit/537.36 (KHTML, like Gecko) Chrome/149.0.0.0 Safari/537.36','2026-06-30 12:33:15'),(79,1,'page.visit','navigation','Visited: notifications',NULL,NULL,NULL,'127.0.0.1','Mozilla/5.0 (Macintosh; Intel Mac OS X 10_15_7) AppleWebKit/537.36 (KHTML, like Gecko) Chrome/149.0.0.0 Safari/537.36','2026-06-30 12:33:27'),(80,1,'page.visit','navigation','Visited: notifications',NULL,NULL,NULL,'127.0.0.1','Mozilla/5.0 (Macintosh; Intel Mac OS X 10_15_7) AppleWebKit/537.36 (KHTML, like Gecko) Chrome/149.0.0.0 Safari/537.36','2026-06-30 12:33:39'),(81,1,'page.visit','navigation','Visited: notifications',NULL,NULL,NULL,'127.0.0.1','Mozilla/5.0 (Macintosh; Intel Mac OS X 10_15_7) AppleWebKit/537.36 (KHTML, like Gecko) Chrome/149.0.0.0 Safari/537.36','2026-06-30 12:33:51'),(82,1,'page.visit','navigation','Visited: notifications',NULL,NULL,NULL,'127.0.0.1','Mozilla/5.0 (Macintosh; Intel Mac OS X 10_15_7) AppleWebKit/537.36 (KHTML, like Gecko) Chrome/149.0.0.0 Safari/537.36','2026-06-30 12:34:01'),(83,1,'page.visit','navigation','Visited: notifications',NULL,NULL,NULL,'127.0.0.1','Mozilla/5.0 (Macintosh; Intel Mac OS X 10_15_7) AppleWebKit/537.36 (KHTML, like Gecko) Chrome/149.0.0.0 Safari/537.36','2026-06-30 12:34:03'),(84,1,'page.visit','navigation','Visited: notifications',NULL,NULL,NULL,'127.0.0.1','Mozilla/5.0 (Macintosh; Intel Mac OS X 10_15_7) AppleWebKit/537.36 (KHTML, like Gecko) Chrome/149.0.0.0 Safari/537.36','2026-06-30 12:34:15'),(85,1,'page.visit','navigation','Visited: notifications',NULL,NULL,NULL,'127.0.0.1','Mozilla/5.0 (Macintosh; Intel Mac OS X 10_15_7) AppleWebKit/537.36 (KHTML, like Gecko) Chrome/149.0.0.0 Safari/537.36','2026-06-30 12:34:27'),(86,1,'page.visit','navigation','Visited: notifications',NULL,NULL,NULL,'127.0.0.1','Mozilla/5.0 (Macintosh; Intel Mac OS X 10_15_7) AppleWebKit/537.36 (KHTML, like Gecko) Chrome/149.0.0.0 Safari/537.36','2026-06-30 12:34:39'),(87,1,'page.visit','navigation','Visited: notifications',NULL,NULL,NULL,'127.0.0.1','Mozilla/5.0 (Macintosh; Intel Mac OS X 10_15_7) AppleWebKit/537.36 (KHTML, like Gecko) Chrome/149.0.0.0 Safari/537.36','2026-06-30 12:34:51'),(88,1,'page.visit','navigation','Visited: notifications',NULL,NULL,NULL,'127.0.0.1','Mozilla/5.0 (Macintosh; Intel Mac OS X 10_15_7) AppleWebKit/537.36 (KHTML, like Gecko) Chrome/149.0.0.0 Safari/537.36','2026-06-30 12:35:01'),(89,1,'page.visit','navigation','Visited: notifications',NULL,NULL,NULL,'127.0.0.1','Mozilla/5.0 (Macintosh; Intel Mac OS X 10_15_7) AppleWebKit/537.36 (KHTML, like Gecko) Chrome/149.0.0.0 Safari/537.36','2026-06-30 12:35:03'),(90,1,'page.visit','navigation','Visited: notifications',NULL,NULL,NULL,'127.0.0.1','Mozilla/5.0 (Macintosh; Intel Mac OS X 10_15_7) AppleWebKit/537.36 (KHTML, like Gecko) Chrome/149.0.0.0 Safari/537.36','2026-06-30 12:35:15'),(91,1,'page.visit','navigation','Visited: notifications',NULL,NULL,NULL,'127.0.0.1','Mozilla/5.0 (Macintosh; Intel Mac OS X 10_15_7) AppleWebKit/537.36 (KHTML, like Gecko) Chrome/149.0.0.0 Safari/537.36','2026-06-30 12:35:27'),(92,1,'page.visit','navigation','Visited: notifications',NULL,NULL,NULL,'127.0.0.1','Mozilla/5.0 (Macintosh; Intel Mac OS X 10_15_7) AppleWebKit/537.36 (KHTML, like Gecko) Chrome/149.0.0.0 Safari/537.36','2026-06-30 12:35:39'),(93,1,'page.visit','navigation','Visited: notifications',NULL,NULL,NULL,'127.0.0.1','Mozilla/5.0 (Macintosh; Intel Mac OS X 10_15_7) AppleWebKit/537.36 (KHTML, like Gecko) Chrome/149.0.0.0 Safari/537.36','2026-06-30 12:35:51'),(94,1,'page.visit','navigation','Visited: notifications',NULL,NULL,NULL,'127.0.0.1','Mozilla/5.0 (Macintosh; Intel Mac OS X 10_15_7) AppleWebKit/537.36 (KHTML, like Gecko) Chrome/149.0.0.0 Safari/537.36','2026-06-30 12:36:01'),(95,1,'page.visit','navigation','Visited: notifications',NULL,NULL,NULL,'127.0.0.1','Mozilla/5.0 (Macintosh; Intel Mac OS X 10_15_7) AppleWebKit/537.36 (KHTML, like Gecko) Chrome/149.0.0.0 Safari/537.36','2026-06-30 12:36:03'),(96,1,'page.visit','navigation','Visited: notifications',NULL,NULL,NULL,'127.0.0.1','Mozilla/5.0 (Macintosh; Intel Mac OS X 10_15_7) AppleWebKit/537.36 (KHTML, like Gecko) Chrome/149.0.0.0 Safari/537.36','2026-06-30 12:36:15'),(97,1,'page.visit','navigation','Visited: notifications',NULL,NULL,NULL,'127.0.0.1','Mozilla/5.0 (Macintosh; Intel Mac OS X 10_15_7) AppleWebKit/537.36 (KHTML, like Gecko) Chrome/149.0.0.0 Safari/537.36','2026-06-30 12:36:27'),(98,1,'page.visit','navigation','Visited: notifications',NULL,NULL,NULL,'127.0.0.1','Mozilla/5.0 (Macintosh; Intel Mac OS X 10_15_7) AppleWebKit/537.36 (KHTML, like Gecko) Chrome/149.0.0.0 Safari/537.36','2026-06-30 12:36:39'),(99,1,'page.visit','navigation','Visited: notifications',NULL,NULL,NULL,'127.0.0.1','Mozilla/5.0 (Macintosh; Intel Mac OS X 10_15_7) AppleWebKit/537.36 (KHTML, like Gecko) Chrome/149.0.0.0 Safari/537.36','2026-06-30 12:36:51'),(100,1,'page.visit','navigation','Visited: notifications',NULL,NULL,NULL,'127.0.0.1','Mozilla/5.0 (Macintosh; Intel Mac OS X 10_15_7) AppleWebKit/537.36 (KHTML, like Gecko) Chrome/149.0.0.0 Safari/537.36','2026-06-30 12:37:01'),(101,1,'page.visit','navigation','Visited: notifications',NULL,NULL,NULL,'127.0.0.1','Mozilla/5.0 (Macintosh; Intel Mac OS X 10_15_7) AppleWebKit/537.36 (KHTML, like Gecko) Chrome/149.0.0.0 Safari/537.36','2026-06-30 12:37:03'),(102,1,'page.visit','navigation','Visited: notifications',NULL,NULL,NULL,'127.0.0.1','Mozilla/5.0 (Macintosh; Intel Mac OS X 10_15_7) AppleWebKit/537.36 (KHTML, like Gecko) Chrome/149.0.0.0 Safari/537.36','2026-06-30 12:37:15'),(103,1,'page.visit','navigation','Visited: notifications',NULL,NULL,NULL,'127.0.0.1','Mozilla/5.0 (Macintosh; Intel Mac OS X 10_15_7) AppleWebKit/537.36 (KHTML, like Gecko) Chrome/149.0.0.0 Safari/537.36','2026-06-30 12:37:27'),(104,1,'page.visit','navigation','Visited: notifications',NULL,NULL,NULL,'127.0.0.1','Mozilla/5.0 (Macintosh; Intel Mac OS X 10_15_7) AppleWebKit/537.36 (KHTML, like Gecko) Chrome/149.0.0.0 Safari/537.36','2026-06-30 12:37:39'),(105,1,'page.visit','navigation','Visited: notifications',NULL,NULL,NULL,'127.0.0.1','Mozilla/5.0 (Macintosh; Intel Mac OS X 10_15_7) AppleWebKit/537.36 (KHTML, like Gecko) Chrome/149.0.0.0 Safari/537.36','2026-06-30 12:37:51'),(106,1,'page.visit','navigation','Visited: notifications',NULL,NULL,NULL,'127.0.0.1','Mozilla/5.0 (Macintosh; Intel Mac OS X 10_15_7) AppleWebKit/537.36 (KHTML, like Gecko) Chrome/149.0.0.0 Safari/537.36','2026-06-30 12:38:01'),(107,1,'page.visit','navigation','Visited: notifications',NULL,NULL,NULL,'127.0.0.1','Mozilla/5.0 (Macintosh; Intel Mac OS X 10_15_7) AppleWebKit/537.36 (KHTML, like Gecko) Chrome/149.0.0.0 Safari/537.36','2026-06-30 12:38:03'),(108,1,'page.visit','navigation','Visited: notifications',NULL,NULL,NULL,'127.0.0.1','Mozilla/5.0 (Macintosh; Intel Mac OS X 10_15_7) AppleWebKit/537.36 (KHTML, like Gecko) Chrome/149.0.0.0 Safari/537.36','2026-06-30 12:38:15'),(109,1,'page.visit','navigation','Visited: notifications',NULL,NULL,NULL,'127.0.0.1','Mozilla/5.0 (Macintosh; Intel Mac OS X 10_15_7) AppleWebKit/537.36 (KHTML, like Gecko) Chrome/149.0.0.0 Safari/537.36','2026-06-30 12:38:27'),(110,1,'page.visit','navigation','Visited: notifications',NULL,NULL,NULL,'127.0.0.1','Mozilla/5.0 (Macintosh; Intel Mac OS X 10_15_7) AppleWebKit/537.36 (KHTML, like Gecko) Chrome/149.0.0.0 Safari/537.36','2026-06-30 12:38:39'),(111,1,'page.visit','navigation','Visited: notifications',NULL,NULL,NULL,'127.0.0.1','Mozilla/5.0 (Macintosh; Intel Mac OS X 10_15_7) AppleWebKit/537.36 (KHTML, like Gecko) Chrome/149.0.0.0 Safari/537.36','2026-06-30 12:38:51'),(112,1,'page.visit','navigation','Visited: notifications',NULL,NULL,NULL,'127.0.0.1','Mozilla/5.0 (Macintosh; Intel Mac OS X 10_15_7) AppleWebKit/537.36 (KHTML, like Gecko) Chrome/149.0.0.0 Safari/537.36','2026-06-30 12:39:01'),(113,1,'page.visit','navigation','Visited: notifications',NULL,NULL,NULL,'127.0.0.1','Mozilla/5.0 (Macintosh; Intel Mac OS X 10_15_7) AppleWebKit/537.36 (KHTML, like Gecko) Chrome/149.0.0.0 Safari/537.36','2026-06-30 12:39:03'),(114,1,'page.visit','navigation','Visited: notifications',NULL,NULL,NULL,'127.0.0.1','Mozilla/5.0 (Macintosh; Intel Mac OS X 10_15_7) AppleWebKit/537.36 (KHTML, like Gecko) Chrome/149.0.0.0 Safari/537.36','2026-06-30 12:39:15'),(115,1,'page.visit','navigation','Visited: notifications',NULL,NULL,NULL,'127.0.0.1','Mozilla/5.0 (Macintosh; Intel Mac OS X 10_15_7) AppleWebKit/537.36 (KHTML, like Gecko) Chrome/149.0.0.0 Safari/537.36','2026-06-30 12:39:27'),(116,1,'page.visit','navigation','Visited: notifications',NULL,NULL,NULL,'127.0.0.1','Mozilla/5.0 (Macintosh; Intel Mac OS X 10_15_7) AppleWebKit/537.36 (KHTML, like Gecko) Chrome/149.0.0.0 Safari/537.36','2026-06-30 12:39:39'),(117,1,'page.visit','navigation','Visited: notifications',NULL,NULL,NULL,'127.0.0.1','Mozilla/5.0 (Macintosh; Intel Mac OS X 10_15_7) AppleWebKit/537.36 (KHTML, like Gecko) Chrome/149.0.0.0 Safari/537.36','2026-06-30 12:39:51'),(118,1,'page.visit','navigation','Visited: notifications',NULL,NULL,NULL,'127.0.0.1','Mozilla/5.0 (Macintosh; Intel Mac OS X 10_15_7) AppleWebKit/537.36 (KHTML, like Gecko) Chrome/149.0.0.0 Safari/537.36','2026-06-30 12:40:01'),(119,1,'page.visit','navigation','Visited: notifications',NULL,NULL,NULL,'127.0.0.1','Mozilla/5.0 (Macintosh; Intel Mac OS X 10_15_7) AppleWebKit/537.36 (KHTML, like Gecko) Chrome/149.0.0.0 Safari/537.36','2026-06-30 12:40:03'),(120,1,'page.visit','navigation','Visited: notifications',NULL,NULL,NULL,'127.0.0.1','Mozilla/5.0 (Macintosh; Intel Mac OS X 10_15_7) AppleWebKit/537.36 (KHTML, like Gecko) Chrome/149.0.0.0 Safari/537.36','2026-06-30 12:40:15'),(121,1,'page.visit','navigation','Visited: notifications',NULL,NULL,NULL,'127.0.0.1','Mozilla/5.0 (Macintosh; Intel Mac OS X 10_15_7) AppleWebKit/537.36 (KHTML, like Gecko) Chrome/149.0.0.0 Safari/537.36','2026-06-30 12:40:27'),(122,1,'page.visit','navigation','Visited: notifications',NULL,NULL,NULL,'127.0.0.1','Mozilla/5.0 (Macintosh; Intel Mac OS X 10_15_7) AppleWebKit/537.36 (KHTML, like Gecko) Chrome/149.0.0.0 Safari/537.36','2026-06-30 12:40:39'),(123,1,'page.visit','navigation','Visited: notifications',NULL,NULL,NULL,'127.0.0.1','Mozilla/5.0 (Macintosh; Intel Mac OS X 10_15_7) AppleWebKit/537.36 (KHTML, like Gecko) Chrome/149.0.0.0 Safari/537.36','2026-06-30 12:40:51'),(124,1,'page.visit','navigation','Visited: notifications',NULL,NULL,NULL,'127.0.0.1','Mozilla/5.0 (Macintosh; Intel Mac OS X 10_15_7) AppleWebKit/537.36 (KHTML, like Gecko) Chrome/149.0.0.0 Safari/537.36','2026-06-30 12:41:01'),(125,1,'page.visit','navigation','Visited: notifications',NULL,NULL,NULL,'127.0.0.1','Mozilla/5.0 (Macintosh; Intel Mac OS X 10_15_7) AppleWebKit/537.36 (KHTML, like Gecko) Chrome/149.0.0.0 Safari/537.36','2026-06-30 12:41:03'),(126,1,'page.visit','navigation','Visited: notifications',NULL,NULL,NULL,'127.0.0.1','Mozilla/5.0 (Macintosh; Intel Mac OS X 10_15_7) AppleWebKit/537.36 (KHTML, like Gecko) Chrome/149.0.0.0 Safari/537.36','2026-06-30 12:41:15'),(127,1,'page.visit','navigation','Visited: notifications',NULL,NULL,NULL,'127.0.0.1','Mozilla/5.0 (Macintosh; Intel Mac OS X 10_15_7) AppleWebKit/537.36 (KHTML, like Gecko) Chrome/149.0.0.0 Safari/537.36','2026-06-30 12:41:27'),(128,1,'page.visit','navigation','Visited: notifications',NULL,NULL,NULL,'127.0.0.1','Mozilla/5.0 (Macintosh; Intel Mac OS X 10_15_7) AppleWebKit/537.36 (KHTML, like Gecko) Chrome/149.0.0.0 Safari/537.36','2026-06-30 12:41:39'),(129,1,'page.visit','navigation','Visited: notifications',NULL,NULL,NULL,'127.0.0.1','Mozilla/5.0 (Macintosh; Intel Mac OS X 10_15_7) AppleWebKit/537.36 (KHTML, like Gecko) Chrome/149.0.0.0 Safari/537.36','2026-06-30 12:41:51'),(130,1,'page.visit','navigation','Visited: notifications',NULL,NULL,NULL,'127.0.0.1','Mozilla/5.0 (Macintosh; Intel Mac OS X 10_15_7) AppleWebKit/537.36 (KHTML, like Gecko) Chrome/149.0.0.0 Safari/537.36','2026-06-30 12:42:01'),(131,1,'page.visit','navigation','Visited: notifications',NULL,NULL,NULL,'127.0.0.1','Mozilla/5.0 (Macintosh; Intel Mac OS X 10_15_7) AppleWebKit/537.36 (KHTML, like Gecko) Chrome/149.0.0.0 Safari/537.36','2026-06-30 12:42:03'),(132,1,'page.visit','navigation','Visited: notifications',NULL,NULL,NULL,'127.0.0.1','Mozilla/5.0 (Macintosh; Intel Mac OS X 10_15_7) AppleWebKit/537.36 (KHTML, like Gecko) Chrome/149.0.0.0 Safari/537.36','2026-06-30 12:42:15'),(133,1,'page.visit','navigation','Visited: notifications',NULL,NULL,NULL,'127.0.0.1','Mozilla/5.0 (Macintosh; Intel Mac OS X 10_15_7) AppleWebKit/537.36 (KHTML, like Gecko) Chrome/149.0.0.0 Safari/537.36','2026-06-30 12:42:27'),(134,1,'page.visit','navigation','Visited: notifications',NULL,NULL,NULL,'127.0.0.1','Mozilla/5.0 (Macintosh; Intel Mac OS X 10_15_7) AppleWebKit/537.36 (KHTML, like Gecko) Chrome/149.0.0.0 Safari/537.36','2026-06-30 12:42:39'),(135,1,'page.visit','navigation','Visited: notifications',NULL,NULL,NULL,'127.0.0.1','Mozilla/5.0 (Macintosh; Intel Mac OS X 10_15_7) AppleWebKit/537.36 (KHTML, like Gecko) Chrome/149.0.0.0 Safari/537.36','2026-06-30 12:42:51'),(136,1,'page.visit','navigation','Visited: notifications',NULL,NULL,NULL,'127.0.0.1','Mozilla/5.0 (Macintosh; Intel Mac OS X 10_15_7) AppleWebKit/537.36 (KHTML, like Gecko) Chrome/149.0.0.0 Safari/537.36','2026-06-30 12:43:01'),(137,1,'page.visit','navigation','Visited: notifications',NULL,NULL,NULL,'127.0.0.1','Mozilla/5.0 (Macintosh; Intel Mac OS X 10_15_7) AppleWebKit/537.36 (KHTML, like Gecko) Chrome/149.0.0.0 Safari/537.36','2026-06-30 12:43:03'),(138,1,'page.visit','navigation','Visited: notifications',NULL,NULL,NULL,'127.0.0.1','Mozilla/5.0 (Macintosh; Intel Mac OS X 10_15_7) AppleWebKit/537.36 (KHTML, like Gecko) Chrome/149.0.0.0 Safari/537.36','2026-06-30 12:43:15'),(139,1,'page.visit','navigation','Visited: notifications',NULL,NULL,NULL,'127.0.0.1','Mozilla/5.0 (Macintosh; Intel Mac OS X 10_15_7) AppleWebKit/537.36 (KHTML, like Gecko) Chrome/149.0.0.0 Safari/537.36','2026-06-30 12:43:27'),(140,1,'page.visit','navigation','Visited: notifications',NULL,NULL,NULL,'127.0.0.1','Mozilla/5.0 (Macintosh; Intel Mac OS X 10_15_7) AppleWebKit/537.36 (KHTML, like Gecko) Chrome/149.0.0.0 Safari/537.36','2026-06-30 12:43:39'),(141,1,'page.visit','navigation','Visited: notifications',NULL,NULL,NULL,'127.0.0.1','Mozilla/5.0 (Macintosh; Intel Mac OS X 10_15_7) AppleWebKit/537.36 (KHTML, like Gecko) Chrome/149.0.0.0 Safari/537.36','2026-06-30 12:43:51'),(142,1,'page.visit','navigation','Visited: notifications',NULL,NULL,NULL,'127.0.0.1','Mozilla/5.0 (Macintosh; Intel Mac OS X 10_15_7) AppleWebKit/537.36 (KHTML, like Gecko) Chrome/149.0.0.0 Safari/537.36','2026-06-30 12:44:01'),(143,1,'page.visit','navigation','Visited: notifications',NULL,NULL,NULL,'127.0.0.1','Mozilla/5.0 (Macintosh; Intel Mac OS X 10_15_7) AppleWebKit/537.36 (KHTML, like Gecko) Chrome/149.0.0.0 Safari/537.36','2026-06-30 12:44:03'),(144,1,'page.visit','navigation','Visited: notifications',NULL,NULL,NULL,'127.0.0.1','Mozilla/5.0 (Macintosh; Intel Mac OS X 10_15_7) AppleWebKit/537.36 (KHTML, like Gecko) Chrome/149.0.0.0 Safari/537.36','2026-06-30 12:44:15'),(145,1,'page.visit','navigation','Visited: notifications',NULL,NULL,NULL,'127.0.0.1','Mozilla/5.0 (Macintosh; Intel Mac OS X 10_15_7) AppleWebKit/537.36 (KHTML, like Gecko) Chrome/149.0.0.0 Safari/537.36','2026-06-30 12:44:27'),(146,1,'page.visit','navigation','Visited: notifications',NULL,NULL,NULL,'127.0.0.1','Mozilla/5.0 (Macintosh; Intel Mac OS X 10_15_7) AppleWebKit/537.36 (KHTML, like Gecko) Chrome/149.0.0.0 Safari/537.36','2026-06-30 12:44:39'),(147,1,'page.visit','navigation','Visited: notifications',NULL,NULL,NULL,'127.0.0.1','Mozilla/5.0 (Macintosh; Intel Mac OS X 10_15_7) AppleWebKit/537.36 (KHTML, like Gecko) Chrome/149.0.0.0 Safari/537.36','2026-06-30 12:44:52'),(148,1,'page.visit','navigation','Visited: notifications',NULL,NULL,NULL,'127.0.0.1','Mozilla/5.0 (Macintosh; Intel Mac OS X 10_15_7) AppleWebKit/537.36 (KHTML, like Gecko) Chrome/149.0.0.0 Safari/537.36','2026-06-30 12:45:01'),(149,1,'page.visit','navigation','Visited: notifications',NULL,NULL,NULL,'127.0.0.1','Mozilla/5.0 (Macintosh; Intel Mac OS X 10_15_7) AppleWebKit/537.36 (KHTML, like Gecko) Chrome/149.0.0.0 Safari/537.36','2026-06-30 12:45:04'),(150,1,'page.visit','navigation','Visited: notifications',NULL,NULL,NULL,'127.0.0.1','Mozilla/5.0 (Macintosh; Intel Mac OS X 10_15_7) AppleWebKit/537.36 (KHTML, like Gecko) Chrome/149.0.0.0 Safari/537.36','2026-06-30 12:45:15'),(151,1,'page.visit','navigation','Visited: crm/website',NULL,NULL,NULL,'127.0.0.1','Mozilla/5.0 (Macintosh; Intel Mac OS X 10_15_7) AppleWebKit/537.36 (KHTML, like Gecko) Chrome/149.0.0.0 Safari/537.36','2026-06-30 12:45:20'),(152,1,'page.visit','navigation','Visited: notifications',NULL,NULL,NULL,'127.0.0.1','Mozilla/5.0 (Macintosh; Intel Mac OS X 10_15_7) AppleWebKit/537.36 (KHTML, like Gecko) Chrome/149.0.0.0 Safari/537.36','2026-06-30 12:45:20'),(153,1,'page.visit','navigation','Visited: notifications',NULL,NULL,NULL,'127.0.0.1','Mozilla/5.0 (Macintosh; Intel Mac OS X 10_15_7) AppleWebKit/537.36 (KHTML, like Gecko) Chrome/149.0.0.0 Safari/537.36','2026-06-30 12:45:37'),(154,1,'page.visit','navigation','Visited: notifications',NULL,NULL,NULL,'127.0.0.1','Mozilla/5.0 (Macintosh; Intel Mac OS X 10_15_7) AppleWebKit/537.36 (KHTML, like Gecko) Chrome/149.0.0.0 Safari/537.36','2026-06-30 12:45:49'),(155,1,'page.visit','navigation','Visited: notifications',NULL,NULL,NULL,'127.0.0.1','Mozilla/5.0 (Macintosh; Intel Mac OS X 10_15_7) AppleWebKit/537.36 (KHTML, like Gecko) Chrome/149.0.0.0 Safari/537.36','2026-06-30 12:46:01'),(156,1,'page.visit','navigation','Visited: notifications',NULL,NULL,NULL,'127.0.0.1','Mozilla/5.0 (Macintosh; Intel Mac OS X 10_15_7) AppleWebKit/537.36 (KHTML, like Gecko) Chrome/149.0.0.0 Safari/537.36','2026-06-30 12:46:01'),(157,1,'page.visit','navigation','Visited: crm/customers',NULL,NULL,NULL,'127.0.0.1','Mozilla/5.0 (Macintosh; Intel Mac OS X 10_15_7) AppleWebKit/537.36 (KHTML, like Gecko) Chrome/149.0.0.0 Safari/537.36','2026-06-30 12:46:11'),(158,1,'page.visit','navigation','Visited: notifications',NULL,NULL,NULL,'127.0.0.1','Mozilla/5.0 (Macintosh; Intel Mac OS X 10_15_7) AppleWebKit/537.36 (KHTML, like Gecko) Chrome/149.0.0.0 Safari/537.36','2026-06-30 12:46:11'),(159,1,'page.visit','navigation','Visited: notifications',NULL,NULL,NULL,'127.0.0.1','Mozilla/5.0 (Macintosh; Intel Mac OS X 10_15_7) AppleWebKit/537.36 (KHTML, like Gecko) Chrome/149.0.0.0 Safari/537.36','2026-06-30 12:47:01'),(160,1,'page.visit','navigation','Visited: notifications',NULL,NULL,NULL,'127.0.0.1','Mozilla/5.0 (Macintosh; Intel Mac OS X 10_15_7) AppleWebKit/537.36 (KHTML, like Gecko) Chrome/149.0.0.0 Safari/537.36','2026-06-30 12:48:01'),(161,1,'page.visit','navigation','Visited: notifications',NULL,NULL,NULL,'127.0.0.1','Mozilla/5.0 (Macintosh; Intel Mac OS X 10_15_7) AppleWebKit/537.36 (KHTML, like Gecko) Chrome/149.0.0.0 Safari/537.36','2026-06-30 12:49:01'),(162,1,'page.visit','navigation','Visited: dashboard',NULL,NULL,NULL,'127.0.0.1','Mozilla/5.0 (Macintosh; Intel Mac OS X 10_15_7) AppleWebKit/537.36 (KHTML, like Gecko) Chrome/149.0.0.0 Safari/537.36','2026-06-30 12:49:11'),(163,1,'page.visit','navigation','Visited: notifications',NULL,NULL,NULL,'127.0.0.1','Mozilla/5.0 (Macintosh; Intel Mac OS X 10_15_7) AppleWebKit/537.36 (KHTML, like Gecko) Chrome/149.0.0.0 Safari/537.36','2026-06-30 12:49:11'),(164,1,'page.visit','navigation','Visited: notifications',NULL,NULL,NULL,'127.0.0.1','Mozilla/5.0 (Macintosh; Intel Mac OS X 10_15_7) AppleWebKit/537.36 (KHTML, like Gecko) Chrome/149.0.0.0 Safari/537.36','2026-06-30 12:49:24'),(165,1,'page.visit','navigation','Visited: dashboard',NULL,NULL,NULL,'127.0.0.1','Mozilla/5.0 (Macintosh; Intel Mac OS X 10_15_7) AppleWebKit/537.36 (KHTML, like Gecko) Chrome/149.0.0.0 Safari/537.36','2026-06-30 12:49:34'),(166,1,'page.visit','navigation','Visited: notifications',NULL,NULL,NULL,'127.0.0.1','Mozilla/5.0 (Macintosh; Intel Mac OS X 10_15_7) AppleWebKit/537.36 (KHTML, like Gecko) Chrome/149.0.0.0 Safari/537.36','2026-06-30 12:49:34'),(167,1,'page.visit','navigation','Visited: notifications',NULL,NULL,NULL,'127.0.0.1','Mozilla/5.0 (Macintosh; Intel Mac OS X 10_15_7) AppleWebKit/537.36 (KHTML, like Gecko) Chrome/149.0.0.0 Safari/537.36','2026-06-30 12:49:47'),(168,1,'page.visit','navigation','Visited: notifications',NULL,NULL,NULL,'127.0.0.1','Mozilla/5.0 (Macintosh; Intel Mac OS X 10_15_7) AppleWebKit/537.36 (KHTML, like Gecko) Chrome/149.0.0.0 Safari/537.36','2026-06-30 12:49:59'),(169,1,'page.visit','navigation','Visited: dashboard',NULL,NULL,NULL,'127.0.0.1','Mozilla/5.0 (Macintosh; Intel Mac OS X 10_15_7) AppleWebKit/537.36 (KHTML, like Gecko) Chrome/149.0.0.0 Safari/537.36','2026-06-30 12:50:09'),(170,1,'page.visit','navigation','Visited: notifications',NULL,NULL,NULL,'127.0.0.1','Mozilla/5.0 (Macintosh; Intel Mac OS X 10_15_7) AppleWebKit/537.36 (KHTML, like Gecko) Chrome/149.0.0.0 Safari/537.36','2026-06-30 12:50:09'),(171,1,'page.visit','navigation','Visited: notifications',NULL,NULL,NULL,'127.0.0.1','Mozilla/5.0 (Macintosh; Intel Mac OS X 10_15_7) AppleWebKit/537.36 (KHTML, like Gecko) Chrome/149.0.0.0 Safari/537.36','2026-06-30 12:50:22'),(172,1,'page.visit','navigation','Visited: notifications',NULL,NULL,NULL,'127.0.0.1','Mozilla/5.0 (Macintosh; Intel Mac OS X 10_15_7) AppleWebKit/537.36 (KHTML, like Gecko) Chrome/149.0.0.0 Safari/537.36','2026-06-30 12:50:34'),(173,1,'page.visit','navigation','Visited: notifications',NULL,NULL,NULL,'127.0.0.1','Mozilla/5.0 (Macintosh; Intel Mac OS X 10_15_7) AppleWebKit/537.36 (KHTML, like Gecko) Chrome/149.0.0.0 Safari/537.36','2026-06-30 12:50:46'),(174,1,'page.visit','navigation','Visited: notifications',NULL,NULL,NULL,'127.0.0.1','Mozilla/5.0 (Macintosh; Intel Mac OS X 10_15_7) AppleWebKit/537.36 (KHTML, like Gecko) Chrome/149.0.0.0 Safari/537.36','2026-06-30 12:50:58'),(175,1,'page.visit','navigation','Visited: notifications',NULL,NULL,NULL,'127.0.0.1','Mozilla/5.0 (Macintosh; Intel Mac OS X 10_15_7) AppleWebKit/537.36 (KHTML, like Gecko) Chrome/149.0.0.0 Safari/537.36','2026-06-30 12:51:10'),(176,1,'page.visit','navigation','Visited: notifications',NULL,NULL,NULL,'127.0.0.1','Mozilla/5.0 (Macintosh; Intel Mac OS X 10_15_7) AppleWebKit/537.36 (KHTML, like Gecko) Chrome/149.0.0.0 Safari/537.36','2026-06-30 12:51:22'),(177,1,'page.visit','navigation','Visited: notifications',NULL,NULL,NULL,'127.0.0.1','Mozilla/5.0 (Macintosh; Intel Mac OS X 10_15_7) AppleWebKit/537.36 (KHTML, like Gecko) Chrome/149.0.0.0 Safari/537.36','2026-06-30 12:52:01'),(178,1,'page.visit','navigation','Visited: notifications',NULL,NULL,NULL,'127.0.0.1','Mozilla/5.0 (Macintosh; Intel Mac OS X 10_15_7) AppleWebKit/537.36 (KHTML, like Gecko) Chrome/149.0.0.0 Safari/537.36','2026-06-30 12:53:01'),(179,1,'page.visit','navigation','Visited: notifications',NULL,NULL,NULL,'127.0.0.1','Mozilla/5.0 (Macintosh; Intel Mac OS X 10_15_7) AppleWebKit/537.36 (KHTML, like Gecko) Chrome/149.0.0.0 Safari/537.36','2026-06-30 12:54:01'),(180,1,'page.visit','navigation','Visited: notifications',NULL,NULL,NULL,'127.0.0.1','Mozilla/5.0 (Macintosh; Intel Mac OS X 10_15_7) AppleWebKit/537.36 (KHTML, like Gecko) Chrome/149.0.0.0 Safari/537.36','2026-06-30 12:55:01'),(181,1,'page.visit','navigation','Visited: notifications',NULL,NULL,NULL,'127.0.0.1','Mozilla/5.0 (Macintosh; Intel Mac OS X 10_15_7) AppleWebKit/537.36 (KHTML, like Gecko) Chrome/149.0.0.0 Safari/537.36','2026-06-30 12:56:01'),(182,1,'page.visit','navigation','Visited: notifications',NULL,NULL,NULL,'127.0.0.1','Mozilla/5.0 (Macintosh; Intel Mac OS X 10_15_7) AppleWebKit/537.36 (KHTML, like Gecko) Chrome/149.0.0.0 Safari/537.36','2026-06-30 12:57:01'),(183,1,'page.visit','navigation','Visited: notifications',NULL,NULL,NULL,'127.0.0.1','Mozilla/5.0 (Macintosh; Intel Mac OS X 10_15_7) AppleWebKit/537.36 (KHTML, like Gecko) Chrome/149.0.0.0 Safari/537.36','2026-06-30 12:58:01'),(184,1,'page.visit','navigation','Visited: notifications',NULL,NULL,NULL,'127.0.0.1','Mozilla/5.0 (Macintosh; Intel Mac OS X 10_15_7) AppleWebKit/537.36 (KHTML, like Gecko) Chrome/149.0.0.0 Safari/537.36','2026-06-30 12:59:01'),(185,1,'page.visit','navigation','Visited: notifications',NULL,NULL,NULL,'127.0.0.1','Mozilla/5.0 (Macintosh; Intel Mac OS X 10_15_7) AppleWebKit/537.36 (KHTML, like Gecko) Chrome/149.0.0.0 Safari/537.36','2026-06-30 13:00:01'),(186,1,'page.visit','navigation','Visited: crm/ebay/stores',NULL,NULL,NULL,'127.0.0.1','Mozilla/5.0 (Macintosh; Intel Mac OS X 10_15_7) AppleWebKit/537.36 (KHTML, like Gecko) Chrome/149.0.0.0 Safari/537.36','2026-06-30 13:00:45'),(187,1,'page.visit','navigation','Visited: notifications',NULL,NULL,NULL,'127.0.0.1','Mozilla/5.0 (Macintosh; Intel Mac OS X 10_15_7) AppleWebKit/537.36 (KHTML, like Gecko) Chrome/149.0.0.0 Safari/537.36','2026-06-30 13:00:46'),(188,1,'page.visit','navigation','Visited: crm/website',NULL,NULL,NULL,'127.0.0.1','Mozilla/5.0 (Macintosh; Intel Mac OS X 10_15_7) AppleWebKit/537.36 (KHTML, like Gecko) Chrome/149.0.0.0 Safari/537.36','2026-06-30 13:00:48'),(189,1,'page.visit','navigation','Visited: notifications',NULL,NULL,NULL,'127.0.0.1','Mozilla/5.0 (Macintosh; Intel Mac OS X 10_15_7) AppleWebKit/537.36 (KHTML, like Gecko) Chrome/149.0.0.0 Safari/537.36','2026-06-30 13:00:48'),(190,1,'page.visit','navigation','Visited: crm/customers',NULL,NULL,NULL,'127.0.0.1','Mozilla/5.0 (Macintosh; Intel Mac OS X 10_15_7) AppleWebKit/537.36 (KHTML, like Gecko) Chrome/149.0.0.0 Safari/537.36','2026-06-30 13:00:50'),(191,1,'page.visit','navigation','Visited: notifications',NULL,NULL,NULL,'127.0.0.1','Mozilla/5.0 (Macintosh; Intel Mac OS X 10_15_7) AppleWebKit/537.36 (KHTML, like Gecko) Chrome/149.0.0.0 Safari/537.36','2026-06-30 13:00:50'),(192,1,'page.visit','navigation','Visited: admin/emails',NULL,NULL,NULL,'127.0.0.1','Mozilla/5.0 (Macintosh; Intel Mac OS X 10_15_7) AppleWebKit/537.36 (KHTML, like Gecko) Chrome/149.0.0.0 Safari/537.36','2026-06-30 13:00:51'),(193,1,'page.visit','navigation','Visited: notifications',NULL,NULL,NULL,'127.0.0.1','Mozilla/5.0 (Macintosh; Intel Mac OS X 10_15_7) AppleWebKit/537.36 (KHTML, like Gecko) Chrome/149.0.0.0 Safari/537.36','2026-06-30 13:00:51'),(194,1,'page.visit','navigation','Visited: admin/emails/accounts',NULL,NULL,NULL,'127.0.0.1','Mozilla/5.0 (Macintosh; Intel Mac OS X 10_15_7) AppleWebKit/537.36 (KHTML, like Gecko) Chrome/149.0.0.0 Safari/537.36','2026-06-30 13:00:53'),(195,1,'page.visit','navigation','Visited: notifications',NULL,NULL,NULL,'127.0.0.1','Mozilla/5.0 (Macintosh; Intel Mac OS X 10_15_7) AppleWebKit/537.36 (KHTML, like Gecko) Chrome/149.0.0.0 Safari/537.36','2026-06-30 13:00:53'),(196,1,'page.visit','navigation','Visited: admin/emails',NULL,NULL,NULL,'127.0.0.1','Mozilla/5.0 (Macintosh; Intel Mac OS X 10_15_7) AppleWebKit/537.36 (KHTML, like Gecko) Chrome/149.0.0.0 Safari/537.36','2026-06-30 13:00:57'),(197,1,'page.visit','navigation','Visited: notifications',NULL,NULL,NULL,'127.0.0.1','Mozilla/5.0 (Macintosh; Intel Mac OS X 10_15_7) AppleWebKit/537.36 (KHTML, like Gecko) Chrome/149.0.0.0 Safari/537.36','2026-06-30 13:00:57'),(198,1,'page.visit','navigation','Visited: notifications',NULL,NULL,NULL,'127.0.0.1','Mozilla/5.0 (Macintosh; Intel Mac OS X 10_15_7) AppleWebKit/537.36 (KHTML, like Gecko) Chrome/149.0.0.0 Safari/537.36','2026-06-30 13:01:01'),(199,1,'page.visit','navigation','Visited: emails/poll',NULL,NULL,NULL,'127.0.0.1','Mozilla/5.0 (Macintosh; Intel Mac OS X 10_15_7) AppleWebKit/537.36 (KHTML, like Gecko) Chrome/149.0.0.0 Safari/537.36','2026-06-30 13:01:08'),(200,1,'page.visit','navigation','Visited: notifications',NULL,NULL,NULL,'127.0.0.1','Mozilla/5.0 (Macintosh; Intel Mac OS X 10_15_7) AppleWebKit/537.36 (KHTML, like Gecko) Chrome/149.0.0.0 Safari/537.36','2026-06-30 13:01:10'),(201,1,'page.visit','navigation','Visited: emails/poll',NULL,NULL,NULL,'127.0.0.1','Mozilla/5.0 (Macintosh; Intel Mac OS X 10_15_7) AppleWebKit/537.36 (KHTML, like Gecko) Chrome/149.0.0.0 Safari/537.36','2026-06-30 13:01:18'),(202,1,'page.visit','navigation','Visited: notifications',NULL,NULL,NULL,'127.0.0.1','Mozilla/5.0 (Macintosh; Intel Mac OS X 10_15_7) AppleWebKit/537.36 (KHTML, like Gecko) Chrome/149.0.0.0 Safari/537.36','2026-06-30 13:01:22'),(203,1,'page.visit','navigation','Visited: emails/poll',NULL,NULL,NULL,'127.0.0.1','Mozilla/5.0 (Macintosh; Intel Mac OS X 10_15_7) AppleWebKit/537.36 (KHTML, like Gecko) Chrome/149.0.0.0 Safari/537.36','2026-06-30 13:01:28'),(204,1,'page.visit','navigation','Visited: notifications',NULL,NULL,NULL,'127.0.0.1','Mozilla/5.0 (Macintosh; Intel Mac OS X 10_15_7) AppleWebKit/537.36 (KHTML, like Gecko) Chrome/149.0.0.0 Safari/537.36','2026-06-30 13:01:34'),(205,1,'page.visit','navigation','Visited: emails/poll',NULL,NULL,NULL,'127.0.0.1','Mozilla/5.0 (Macintosh; Intel Mac OS X 10_15_7) AppleWebKit/537.36 (KHTML, like Gecko) Chrome/149.0.0.0 Safari/537.36','2026-06-30 13:01:38'),(206,1,'page.visit','navigation','Visited: notifications',NULL,NULL,NULL,'127.0.0.1','Mozilla/5.0 (Macintosh; Intel Mac OS X 10_15_7) AppleWebKit/537.36 (KHTML, like Gecko) Chrome/149.0.0.0 Safari/537.36','2026-06-30 13:01:46'),(207,1,'page.visit','navigation','Visited: emails/poll',NULL,NULL,NULL,'127.0.0.1','Mozilla/5.0 (Macintosh; Intel Mac OS X 10_15_7) AppleWebKit/537.36 (KHTML, like Gecko) Chrome/149.0.0.0 Safari/537.36','2026-06-30 13:01:48'),(208,1,'page.visit','navigation','Visited: notifications',NULL,NULL,NULL,'127.0.0.1','Mozilla/5.0 (Macintosh; Intel Mac OS X 10_15_7) AppleWebKit/537.36 (KHTML, like Gecko) Chrome/149.0.0.0 Safari/537.36','2026-06-30 13:01:58'),(209,1,'page.visit','navigation','Visited: emails/poll',NULL,NULL,NULL,'127.0.0.1','Mozilla/5.0 (Macintosh; Intel Mac OS X 10_15_7) AppleWebKit/537.36 (KHTML, like Gecko) Chrome/149.0.0.0 Safari/537.36','2026-06-30 13:01:58'),(210,1,'page.visit','navigation','Visited: notifications',NULL,NULL,NULL,'127.0.0.1','Mozilla/5.0 (Macintosh; Intel Mac OS X 10_15_7) AppleWebKit/537.36 (KHTML, like Gecko) Chrome/149.0.0.0 Safari/537.36','2026-06-30 13:02:01'),(211,1,'page.visit','navigation','Visited: notifications',NULL,NULL,NULL,'127.0.0.1','Mozilla/5.0 (Macintosh; Intel Mac OS X 10_15_7) AppleWebKit/537.36 (KHTML, like Gecko) Chrome/149.0.0.0 Safari/537.36','2026-06-30 13:02:10'),(212,1,'page.visit','navigation','Visited: admin/emails',NULL,NULL,NULL,'127.0.0.1','Mozilla/5.0 (Macintosh; Intel Mac OS X 10_15_7) AppleWebKit/537.36 (KHTML, like Gecko) Chrome/149.0.0.0 Safari/537.36','2026-06-30 13:02:31'),(213,1,'page.visit','navigation','Visited: dashboard',NULL,NULL,NULL,'127.0.0.1','Mozilla/5.0 (Macintosh; Intel Mac OS X 10_15_7) AppleWebKit/537.36 (KHTML, like Gecko) Chrome/149.0.0.0 Safari/537.36','2026-06-30 13:02:31'),(214,1,'page.visit','navigation','Visited: notifications',NULL,NULL,NULL,'127.0.0.1','Mozilla/5.0 (Macintosh; Intel Mac OS X 10_15_7) AppleWebKit/537.36 (KHTML, like Gecko) Chrome/149.0.0.0 Safari/537.36','2026-06-30 13:02:31'),(215,1,'page.visit','navigation','Visited: notifications',NULL,NULL,NULL,'127.0.0.1','Mozilla/5.0 (Macintosh; Intel Mac OS X 10_15_7) AppleWebKit/537.36 (KHTML, like Gecko) Chrome/149.0.0.0 Safari/537.36','2026-06-30 13:02:31'),(216,1,'page.visit','navigation','Visited: emails/poll',NULL,NULL,NULL,'127.0.0.1','Mozilla/5.0 (Macintosh; Intel Mac OS X 10_15_7) AppleWebKit/537.36 (KHTML, like Gecko) Chrome/149.0.0.0 Safari/537.36','2026-06-30 13:02:42'),(217,1,'page.visit','navigation','Visited: notifications',NULL,NULL,NULL,'127.0.0.1','Mozilla/5.0 (Macintosh; Intel Mac OS X 10_15_7) AppleWebKit/537.36 (KHTML, like Gecko) Chrome/149.0.0.0 Safari/537.36','2026-06-30 13:02:44'),(218,1,'page.visit','navigation','Visited: notifications',NULL,NULL,NULL,'127.0.0.1','Mozilla/5.0 (Macintosh; Intel Mac OS X 10_15_7) AppleWebKit/537.36 (KHTML, like Gecko) Chrome/149.0.0.0 Safari/537.36','2026-06-30 13:02:44'),(219,1,'page.visit','navigation','Visited: emails/poll',NULL,NULL,NULL,'127.0.0.1','Mozilla/5.0 (Macintosh; Intel Mac OS X 10_15_7) AppleWebKit/537.36 (KHTML, like Gecko) Chrome/149.0.0.0 Safari/537.36','2026-06-30 13:02:52'),(220,1,'page.visit','navigation','Visited: notifications',NULL,NULL,NULL,'127.0.0.1','Mozilla/5.0 (Macintosh; Intel Mac OS X 10_15_7) AppleWebKit/537.36 (KHTML, like Gecko) Chrome/149.0.0.0 Safari/537.36','2026-06-30 13:02:56'),(221,1,'page.visit','navigation','Visited: notifications',NULL,NULL,NULL,'127.0.0.1','Mozilla/5.0 (Macintosh; Intel Mac OS X 10_15_7) AppleWebKit/537.36 (KHTML, like Gecko) Chrome/149.0.0.0 Safari/537.36','2026-06-30 13:02:56'),(222,1,'page.visit','navigation','Visited: emails/poll',NULL,NULL,NULL,'127.0.0.1','Mozilla/5.0 (Macintosh; Intel Mac OS X 10_15_7) AppleWebKit/537.36 (KHTML, like Gecko) Chrome/149.0.0.0 Safari/537.36','2026-06-30 13:03:02'),(223,1,'page.visit','navigation','Visited: notifications',NULL,NULL,NULL,'127.0.0.1','Mozilla/5.0 (Macintosh; Intel Mac OS X 10_15_7) AppleWebKit/537.36 (KHTML, like Gecko) Chrome/149.0.0.0 Safari/537.36','2026-06-30 13:03:08'),(224,1,'page.visit','navigation','Visited: notifications',NULL,NULL,NULL,'127.0.0.1','Mozilla/5.0 (Macintosh; Intel Mac OS X 10_15_7) AppleWebKit/537.36 (KHTML, like Gecko) Chrome/149.0.0.0 Safari/537.36','2026-06-30 13:03:08'),(225,1,'page.visit','navigation','Visited: emails/poll',NULL,NULL,NULL,'127.0.0.1','Mozilla/5.0 (Macintosh; Intel Mac OS X 10_15_7) AppleWebKit/537.36 (KHTML, like Gecko) Chrome/149.0.0.0 Safari/537.36','2026-06-30 13:03:12'),(226,1,'page.visit','navigation','Visited: notifications',NULL,NULL,NULL,'127.0.0.1','Mozilla/5.0 (Macintosh; Intel Mac OS X 10_15_7) AppleWebKit/537.36 (KHTML, like Gecko) Chrome/149.0.0.0 Safari/537.36','2026-06-30 13:03:20'),(227,1,'page.visit','navigation','Visited: notifications',NULL,NULL,NULL,'127.0.0.1','Mozilla/5.0 (Macintosh; Intel Mac OS X 10_15_7) AppleWebKit/537.36 (KHTML, like Gecko) Chrome/149.0.0.0 Safari/537.36','2026-06-30 13:03:20'),(228,1,'page.visit','navigation','Visited: emails/poll',NULL,NULL,NULL,'127.0.0.1','Mozilla/5.0 (Macintosh; Intel Mac OS X 10_15_7) AppleWebKit/537.36 (KHTML, like Gecko) Chrome/149.0.0.0 Safari/537.36','2026-06-30 13:03:22'),(229,1,'page.visit','navigation','Visited: notifications',NULL,NULL,NULL,'127.0.0.1','Mozilla/5.0 (Macintosh; Intel Mac OS X 10_15_7) AppleWebKit/537.36 (KHTML, like Gecko) Chrome/149.0.0.0 Safari/537.36','2026-06-30 13:03:32'),(230,1,'page.visit','navigation','Visited: emails/poll',NULL,NULL,NULL,'127.0.0.1','Mozilla/5.0 (Macintosh; Intel Mac OS X 10_15_7) AppleWebKit/537.36 (KHTML, like Gecko) Chrome/149.0.0.0 Safari/537.36','2026-06-30 13:03:32'),(231,1,'page.visit','navigation','Visited: notifications',NULL,NULL,NULL,'127.0.0.1','Mozilla/5.0 (Macintosh; Intel Mac OS X 10_15_7) AppleWebKit/537.36 (KHTML, like Gecko) Chrome/149.0.0.0 Safari/537.36','2026-06-30 13:03:32'),(232,1,'page.visit','navigation','Visited: notifications',NULL,NULL,NULL,'127.0.0.1','Mozilla/5.0 (Macintosh; Intel Mac OS X 10_15_7) AppleWebKit/537.36 (KHTML, like Gecko) Chrome/149.0.0.0 Safari/537.36','2026-06-30 13:03:44'),(233,1,'page.visit','navigation','Visited: notifications',NULL,NULL,NULL,'127.0.0.1','Mozilla/5.0 (Macintosh; Intel Mac OS X 10_15_7) AppleWebKit/537.36 (KHTML, like Gecko) Chrome/149.0.0.0 Safari/537.36','2026-06-30 13:03:44'),(234,1,'page.visit','navigation','Visited: emails/poll',NULL,NULL,NULL,'127.0.0.1','Mozilla/5.0 (Macintosh; Intel Mac OS X 10_15_7) AppleWebKit/537.36 (KHTML, like Gecko) Chrome/149.0.0.0 Safari/537.36','2026-06-30 13:04:01'),(235,1,'page.visit','navigation','Visited: notifications',NULL,NULL,NULL,'127.0.0.1','Mozilla/5.0 (Macintosh; Intel Mac OS X 10_15_7) AppleWebKit/537.36 (KHTML, like Gecko) Chrome/149.0.0.0 Safari/537.36','2026-06-30 13:04:01'),(236,1,'page.visit','navigation','Visited: notifications',NULL,NULL,NULL,'127.0.0.1','Mozilla/5.0 (Macintosh; Intel Mac OS X 10_15_7) AppleWebKit/537.36 (KHTML, like Gecko) Chrome/149.0.0.0 Safari/537.36','2026-06-30 13:04:01'),(237,1,'page.visit','navigation','Visited: notifications',NULL,NULL,NULL,'127.0.0.1','Mozilla/5.0 (Macintosh; Intel Mac OS X 10_15_7) AppleWebKit/537.36 (KHTML, like Gecko) Chrome/149.0.0.0 Safari/537.36','2026-06-30 13:05:01'),(238,1,'page.visit','navigation','Visited: emails/poll',NULL,NULL,NULL,'127.0.0.1','Mozilla/5.0 (Macintosh; Intel Mac OS X 10_15_7) AppleWebKit/537.36 (KHTML, like Gecko) Chrome/149.0.0.0 Safari/537.36','2026-06-30 13:05:01'),(239,1,'page.visit','navigation','Visited: notifications',NULL,NULL,NULL,'127.0.0.1','Mozilla/5.0 (Macintosh; Intel Mac OS X 10_15_7) AppleWebKit/537.36 (KHTML, like Gecko) Chrome/149.0.0.0 Safari/537.36','2026-06-30 13:05:01'),(240,1,'page.visit','navigation','Visited: notifications',NULL,NULL,NULL,'127.0.0.1','Mozilla/5.0 (Macintosh; Intel Mac OS X 10_15_7) AppleWebKit/537.36 (KHTML, like Gecko) Chrome/149.0.0.0 Safari/537.36','2026-06-30 13:05:34'),(241,1,'page.visit','navigation','Visited: emails/poll',NULL,NULL,NULL,'127.0.0.1','Mozilla/5.0 (Macintosh; Intel Mac OS X 10_15_7) AppleWebKit/537.36 (KHTML, like Gecko) Chrome/149.0.0.0 Safari/537.36','2026-06-30 13:05:34'),(242,1,'page.visit','navigation','Visited: emails/poll',NULL,NULL,NULL,'127.0.0.1','Mozilla/5.0 (Macintosh; Intel Mac OS X 10_15_7) AppleWebKit/537.36 (KHTML, like Gecko) Chrome/149.0.0.0 Safari/537.36','2026-06-30 13:05:41'),(243,1,'page.visit','navigation','Visited: notifications',NULL,NULL,NULL,'127.0.0.1','Mozilla/5.0 (Macintosh; Intel Mac OS X 10_15_7) AppleWebKit/537.36 (KHTML, like Gecko) Chrome/149.0.0.0 Safari/537.36','2026-06-30 13:05:43'),(244,1,'page.visit','navigation','Visited: emails/poll',NULL,NULL,NULL,'127.0.0.1','Mozilla/5.0 (Macintosh; Intel Mac OS X 10_15_7) AppleWebKit/537.36 (KHTML, like Gecko) Chrome/149.0.0.0 Safari/537.36','2026-06-30 13:05:51'),(245,1,'page.visit','navigation','Visited: notifications',NULL,NULL,NULL,'127.0.0.1','Mozilla/5.0 (Macintosh; Intel Mac OS X 10_15_7) AppleWebKit/537.36 (KHTML, like Gecko) Chrome/149.0.0.0 Safari/537.36','2026-06-30 13:05:55'),(246,1,'page.visit','navigation','Visited: notifications',NULL,NULL,NULL,'127.0.0.1','Mozilla/5.0 (Macintosh; Intel Mac OS X 10_15_7) AppleWebKit/537.36 (KHTML, like Gecko) Chrome/149.0.0.0 Safari/537.36','2026-06-30 13:06:01'),(247,1,'page.visit','navigation','Visited: emails/poll',NULL,NULL,NULL,'127.0.0.1','Mozilla/5.0 (Macintosh; Intel Mac OS X 10_15_7) AppleWebKit/537.36 (KHTML, like Gecko) Chrome/149.0.0.0 Safari/537.36','2026-06-30 13:06:01'),(248,1,'page.visit','navigation','Visited: notifications',NULL,NULL,NULL,'127.0.0.1','Mozilla/5.0 (Macintosh; Intel Mac OS X 10_15_7) AppleWebKit/537.36 (KHTML, like Gecko) Chrome/149.0.0.0 Safari/537.36','2026-06-30 13:06:07'),(249,1,'page.visit','navigation','Visited: emails/poll',NULL,NULL,NULL,'127.0.0.1','Mozilla/5.0 (Macintosh; Intel Mac OS X 10_15_7) AppleWebKit/537.36 (KHTML, like Gecko) Chrome/149.0.0.0 Safari/537.36','2026-06-30 13:06:11'),(250,1,'page.visit','navigation','Visited: notifications',NULL,NULL,NULL,'127.0.0.1','Mozilla/5.0 (Macintosh; Intel Mac OS X 10_15_7) AppleWebKit/537.36 (KHTML, like Gecko) Chrome/149.0.0.0 Safari/537.36','2026-06-30 13:06:19'),(251,1,'page.visit','navigation','Visited: emails/poll',NULL,NULL,NULL,'127.0.0.1','Mozilla/5.0 (Macintosh; Intel Mac OS X 10_15_7) AppleWebKit/537.36 (KHTML, like Gecko) Chrome/149.0.0.0 Safari/537.36','2026-06-30 13:06:21'),(252,1,'page.visit','navigation','Visited: notifications',NULL,NULL,NULL,'127.0.0.1','Mozilla/5.0 (Macintosh; Intel Mac OS X 10_15_7) AppleWebKit/537.36 (KHTML, like Gecko) Chrome/149.0.0.0 Safari/537.36','2026-06-30 13:06:31'),(253,1,'page.visit','navigation','Visited: emails/poll',NULL,NULL,NULL,'127.0.0.1','Mozilla/5.0 (Macintosh; Intel Mac OS X 10_15_7) AppleWebKit/537.36 (KHTML, like Gecko) Chrome/149.0.0.0 Safari/537.36','2026-06-30 13:06:31'),(254,1,'page.visit','navigation','Visited: emails/poll',NULL,NULL,NULL,'127.0.0.1','Mozilla/5.0 (Macintosh; Intel Mac OS X 10_15_7) AppleWebKit/537.36 (KHTML, like Gecko) Chrome/149.0.0.0 Safari/537.36','2026-06-30 13:06:41'),(255,1,'page.visit','navigation','Visited: notifications',NULL,NULL,NULL,'127.0.0.1','Mozilla/5.0 (Macintosh; Intel Mac OS X 10_15_7) AppleWebKit/537.36 (KHTML, like Gecko) Chrome/149.0.0.0 Safari/537.36','2026-06-30 13:06:43'),(256,1,'page.visit','navigation','Visited: emails/poll',NULL,NULL,NULL,'127.0.0.1','Mozilla/5.0 (Macintosh; Intel Mac OS X 10_15_7) AppleWebKit/537.36 (KHTML, like Gecko) Chrome/149.0.0.0 Safari/537.36','2026-06-30 13:06:51'),(257,1,'page.visit','navigation','Visited: notifications',NULL,NULL,NULL,'127.0.0.1','Mozilla/5.0 (Macintosh; Intel Mac OS X 10_15_7) AppleWebKit/537.36 (KHTML, like Gecko) Chrome/149.0.0.0 Safari/537.36','2026-06-30 13:06:55'),(258,1,'page.visit','navigation','Visited: notifications',NULL,NULL,NULL,'127.0.0.1','Mozilla/5.0 (Macintosh; Intel Mac OS X 10_15_7) AppleWebKit/537.36 (KHTML, like Gecko) Chrome/149.0.0.0 Safari/537.36','2026-06-30 13:07:01'),(259,1,'page.visit','navigation','Visited: crm/website',NULL,NULL,NULL,'127.0.0.1','Mozilla/5.0 (Macintosh; Intel Mac OS X 10_15_7) AppleWebKit/537.36 (KHTML, like Gecko) Chrome/149.0.0.0 Safari/537.36','2026-06-30 13:07:01'),(260,1,'page.visit','navigation','Visited: notifications',NULL,NULL,NULL,'127.0.0.1','Mozilla/5.0 (Macintosh; Intel Mac OS X 10_15_7) AppleWebKit/537.36 (KHTML, like Gecko) Chrome/149.0.0.0 Safari/537.36','2026-06-30 13:07:01'),(261,1,'page.visit','navigation','Visited: admin/emails',NULL,NULL,NULL,'127.0.0.1','Mozilla/5.0 (Macintosh; Intel Mac OS X 10_15_7) AppleWebKit/537.36 (KHTML, like Gecko) Chrome/149.0.0.0 Safari/537.36','2026-06-30 13:07:02'),(262,1,'page.visit','navigation','Visited: notifications',NULL,NULL,NULL,'127.0.0.1','Mozilla/5.0 (Macintosh; Intel Mac OS X 10_15_7) AppleWebKit/537.36 (KHTML, like Gecko) Chrome/149.0.0.0 Safari/537.36','2026-06-30 13:07:02'),(263,1,'page.visit','navigation','Visited: emails/poll',NULL,NULL,NULL,'127.0.0.1','Mozilla/5.0 (Macintosh; Intel Mac OS X 10_15_7) AppleWebKit/537.36 (KHTML, like Gecko) Chrome/149.0.0.0 Safari/537.36','2026-06-30 13:07:12'),(264,1,'page.visit','navigation','Visited: notifications',NULL,NULL,NULL,'127.0.0.1','Mozilla/5.0 (Macintosh; Intel Mac OS X 10_15_7) AppleWebKit/537.36 (KHTML, like Gecko) Chrome/149.0.0.0 Safari/537.36','2026-06-30 13:07:14'),(265,1,'page.visit','navigation','Visited: emails/poll',NULL,NULL,NULL,'127.0.0.1','Mozilla/5.0 (Macintosh; Intel Mac OS X 10_15_7) AppleWebKit/537.36 (KHTML, like Gecko) Chrome/149.0.0.0 Safari/537.36','2026-06-30 13:07:23'),(266,1,'page.visit','navigation','Visited: notifications',NULL,NULL,NULL,'127.0.0.1','Mozilla/5.0 (Macintosh; Intel Mac OS X 10_15_7) AppleWebKit/537.36 (KHTML, like Gecko) Chrome/149.0.0.0 Safari/537.36','2026-06-30 13:07:27'),(267,1,'page.visit','navigation','Visited: emails/poll',NULL,NULL,NULL,'127.0.0.1','Mozilla/5.0 (Macintosh; Intel Mac OS X 10_15_7) AppleWebKit/537.36 (KHTML, like Gecko) Chrome/149.0.0.0 Safari/537.36','2026-06-30 13:07:32'),(268,1,'page.visit','navigation','Visited: notifications',NULL,NULL,NULL,'127.0.0.1','Mozilla/5.0 (Macintosh; Intel Mac OS X 10_15_7) AppleWebKit/537.36 (KHTML, like Gecko) Chrome/149.0.0.0 Safari/537.36','2026-06-30 13:07:39'),(269,1,'page.visit','navigation','Visited: emails/poll',NULL,NULL,NULL,'127.0.0.1','Mozilla/5.0 (Macintosh; Intel Mac OS X 10_15_7) AppleWebKit/537.36 (KHTML, like Gecko) Chrome/149.0.0.0 Safari/537.36','2026-06-30 13:07:43'),(270,1,'page.visit','navigation','Visited: notifications',NULL,NULL,NULL,'127.0.0.1','Mozilla/5.0 (Macintosh; Intel Mac OS X 10_15_7) AppleWebKit/537.36 (KHTML, like Gecko) Chrome/149.0.0.0 Safari/537.36','2026-06-30 13:07:51'),(271,1,'page.visit','navigation','Visited: emails/poll',NULL,NULL,NULL,'127.0.0.1','Mozilla/5.0 (Macintosh; Intel Mac OS X 10_15_7) AppleWebKit/537.36 (KHTML, like Gecko) Chrome/149.0.0.0 Safari/537.36','2026-06-30 13:07:53'),(272,1,'page.visit','navigation','Visited: notifications',NULL,NULL,NULL,'127.0.0.1','Mozilla/5.0 (Macintosh; Intel Mac OS X 10_15_7) AppleWebKit/537.36 (KHTML, like Gecko) Chrome/149.0.0.0 Safari/537.36','2026-06-30 13:08:01'),(273,1,'page.visit','navigation','Visited: notifications',NULL,NULL,NULL,'127.0.0.1','Mozilla/5.0 (Macintosh; Intel Mac OS X 10_15_7) AppleWebKit/537.36 (KHTML, like Gecko) Chrome/149.0.0.0 Safari/537.36','2026-06-30 13:08:03'),(274,1,'page.visit','navigation','Visited: emails/poll',NULL,NULL,NULL,'127.0.0.1','Mozilla/5.0 (Macintosh; Intel Mac OS X 10_15_7) AppleWebKit/537.36 (KHTML, like Gecko) Chrome/149.0.0.0 Safari/537.36','2026-06-30 13:08:03'),(275,1,'page.visit','navigation','Visited: emails/poll',NULL,NULL,NULL,'127.0.0.1','Mozilla/5.0 (Macintosh; Intel Mac OS X 10_15_7) AppleWebKit/537.36 (KHTML, like Gecko) Chrome/149.0.0.0 Safari/537.36','2026-06-30 13:08:13'),(276,1,'page.visit','navigation','Visited: admin/emails',NULL,NULL,NULL,'127.0.0.1','Mozilla/5.0 (Macintosh; Intel Mac OS X 10_15_7) AppleWebKit/537.36 (KHTML, like Gecko) Chrome/149.0.0.0 Safari/537.36','2026-06-30 13:08:15'),(277,1,'page.visit','navigation','Visited: dashboard',NULL,NULL,NULL,'127.0.0.1','Mozilla/5.0 (Macintosh; Intel Mac OS X 10_15_7) AppleWebKit/537.36 (KHTML, like Gecko) Chrome/149.0.0.0 Safari/537.36','2026-06-30 13:08:15'),(278,1,'page.visit','navigation','Visited: notifications',NULL,NULL,NULL,'127.0.0.1','Mozilla/5.0 (Macintosh; Intel Mac OS X 10_15_7) AppleWebKit/537.36 (KHTML, like Gecko) Chrome/149.0.0.0 Safari/537.36','2026-06-30 13:08:15'),(279,1,'page.visit','navigation','Visited: notifications',NULL,NULL,NULL,'127.0.0.1','Mozilla/5.0 (Macintosh; Intel Mac OS X 10_15_7) AppleWebKit/537.36 (KHTML, like Gecko) Chrome/149.0.0.0 Safari/537.36','2026-06-30 13:08:15'),(280,1,'page.visit','navigation','Visited: notifications',NULL,NULL,NULL,'127.0.0.1','Mozilla/5.0 (Macintosh; Intel Mac OS X 10_15_7) AppleWebKit/537.36 (KHTML, like Gecko) Chrome/149.0.0.0 Safari/537.36','2026-06-30 13:08:15'),(281,1,'page.visit','navigation','Visited: emails/poll',NULL,NULL,NULL,'127.0.0.1','Mozilla/5.0 (Macintosh; Intel Mac OS X 10_15_7) AppleWebKit/537.36 (KHTML, like Gecko) Chrome/149.0.0.0 Safari/537.36','2026-06-30 13:08:26'),(282,1,'page.visit','navigation','Visited: notifications',NULL,NULL,NULL,'127.0.0.1','Mozilla/5.0 (Macintosh; Intel Mac OS X 10_15_7) AppleWebKit/537.36 (KHTML, like Gecko) Chrome/149.0.0.0 Safari/537.36','2026-06-30 13:08:28'),(283,1,'page.visit','navigation','Visited: notifications',NULL,NULL,NULL,'127.0.0.1','Mozilla/5.0 (Macintosh; Intel Mac OS X 10_15_7) AppleWebKit/537.36 (KHTML, like Gecko) Chrome/149.0.0.0 Safari/537.36','2026-06-30 13:08:28'),(284,1,'page.visit','navigation','Visited: emails/poll',NULL,NULL,NULL,'127.0.0.1','Mozilla/5.0 (Macintosh; Intel Mac OS X 10_15_7) AppleWebKit/537.36 (KHTML, like Gecko) Chrome/149.0.0.0 Safari/537.36','2026-06-30 13:08:36'),(285,1,'page.visit','navigation','Visited: notifications',NULL,NULL,NULL,'127.0.0.1','Mozilla/5.0 (Macintosh; Intel Mac OS X 10_15_7) AppleWebKit/537.36 (KHTML, like Gecko) Chrome/149.0.0.0 Safari/537.36','2026-06-30 13:08:40'),(286,1,'page.visit','navigation','Visited: notifications',NULL,NULL,NULL,'127.0.0.1','Mozilla/5.0 (Macintosh; Intel Mac OS X 10_15_7) AppleWebKit/537.36 (KHTML, like Gecko) Chrome/149.0.0.0 Safari/537.36','2026-06-30 13:08:40'),(287,1,'page.visit','navigation','Visited: emails/poll',NULL,NULL,NULL,'127.0.0.1','Mozilla/5.0 (Macintosh; Intel Mac OS X 10_15_7) AppleWebKit/537.36 (KHTML, like Gecko) Chrome/149.0.0.0 Safari/537.36','2026-06-30 13:08:46'),(288,1,'page.visit','navigation','Visited: notifications',NULL,NULL,NULL,'127.0.0.1','Mozilla/5.0 (Macintosh; Intel Mac OS X 10_15_7) AppleWebKit/537.36 (KHTML, like Gecko) Chrome/149.0.0.0 Safari/537.36','2026-06-30 13:08:52'),(289,1,'page.visit','navigation','Visited: notifications',NULL,NULL,NULL,'127.0.0.1','Mozilla/5.0 (Macintosh; Intel Mac OS X 10_15_7) AppleWebKit/537.36 (KHTML, like Gecko) Chrome/149.0.0.0 Safari/537.36','2026-06-30 13:08:52'),(290,1,'page.visit','navigation','Visited: emails/poll',NULL,NULL,NULL,'127.0.0.1','Mozilla/5.0 (Macintosh; Intel Mac OS X 10_15_7) AppleWebKit/537.36 (KHTML, like Gecko) Chrome/149.0.0.0 Safari/537.36','2026-06-30 13:08:56'),(291,1,'page.visit','navigation','Visited: notifications',NULL,NULL,NULL,'127.0.0.1','Mozilla/5.0 (Macintosh; Intel Mac OS X 10_15_7) AppleWebKit/537.36 (KHTML, like Gecko) Chrome/149.0.0.0 Safari/537.36','2026-06-30 13:09:04'),(292,1,'page.visit','navigation','Visited: notifications',NULL,NULL,NULL,'127.0.0.1','Mozilla/5.0 (Macintosh; Intel Mac OS X 10_15_7) AppleWebKit/537.36 (KHTML, like Gecko) Chrome/149.0.0.0 Safari/537.36','2026-06-30 13:09:04'),(293,1,'page.visit','navigation','Visited: emails/poll',NULL,NULL,NULL,'127.0.0.1','Mozilla/5.0 (Macintosh; Intel Mac OS X 10_15_7) AppleWebKit/537.36 (KHTML, like Gecko) Chrome/149.0.0.0 Safari/537.36','2026-06-30 13:09:06'),(294,1,'page.visit','navigation','Visited: notifications',NULL,NULL,NULL,'127.0.0.1','Mozilla/5.0 (Macintosh; Intel Mac OS X 10_15_7) AppleWebKit/537.36 (KHTML, like Gecko) Chrome/149.0.0.0 Safari/537.36','2026-06-30 13:09:16'),(295,1,'page.visit','navigation','Visited: emails/poll',NULL,NULL,NULL,'127.0.0.1','Mozilla/5.0 (Macintosh; Intel Mac OS X 10_15_7) AppleWebKit/537.36 (KHTML, like Gecko) Chrome/149.0.0.0 Safari/537.36','2026-06-30 13:09:16'),(296,1,'page.visit','navigation','Visited: notifications',NULL,NULL,NULL,'127.0.0.1','Mozilla/5.0 (Macintosh; Intel Mac OS X 10_15_7) AppleWebKit/537.36 (KHTML, like Gecko) Chrome/149.0.0.0 Safari/537.36','2026-06-30 13:09:16'),(297,1,'page.visit','navigation','Visited: notifications',NULL,NULL,NULL,'127.0.0.1','Mozilla/5.0 (Macintosh; Intel Mac OS X 10_15_7) AppleWebKit/537.36 (KHTML, like Gecko) Chrome/149.0.0.0 Safari/537.36','2026-06-30 13:09:28'),(298,1,'page.visit','navigation','Visited: notifications',NULL,NULL,NULL,'127.0.0.1','Mozilla/5.0 (Macintosh; Intel Mac OS X 10_15_7) AppleWebKit/537.36 (KHTML, like Gecko) Chrome/149.0.0.0 Safari/537.36','2026-06-30 13:09:28'),(299,1,'page.visit','navigation','Visited: emails/poll',NULL,NULL,NULL,'127.0.0.1','Mozilla/5.0 (Macintosh; Intel Mac OS X 10_15_7) AppleWebKit/537.36 (KHTML, like Gecko) Chrome/149.0.0.0 Safari/537.36','2026-06-30 13:09:40'),(300,1,'page.visit','navigation','Visited: notifications',NULL,NULL,NULL,'127.0.0.1','Mozilla/5.0 (Macintosh; Intel Mac OS X 10_15_7) AppleWebKit/537.36 (KHTML, like Gecko) Chrome/149.0.0.0 Safari/537.36','2026-06-30 13:09:40'),(301,1,'page.visit','navigation','Visited: emails/poll',NULL,NULL,NULL,'127.0.0.1','Mozilla/5.0 (Macintosh; Intel Mac OS X 10_15_7) AppleWebKit/537.36 (KHTML, like Gecko) Chrome/149.0.0.0 Safari/537.36','2026-06-30 13:09:45'),(302,1,'page.visit','navigation','Visited: admin/emails',NULL,NULL,NULL,'127.0.0.1','Mozilla/5.0 (Macintosh; Intel Mac OS X 10_15_7) AppleWebKit/537.36 (KHTML, like Gecko) Chrome/149.0.0.0 Safari/537.36','2026-06-30 13:09:46'),(303,1,'page.visit','navigation','Visited: notifications',NULL,NULL,NULL,'127.0.0.1','Mozilla/5.0 (Macintosh; Intel Mac OS X 10_15_7) AppleWebKit/537.36 (KHTML, like Gecko) Chrome/149.0.0.0 Safari/537.36','2026-06-30 13:09:47'),(304,1,'page.visit','navigation','Visited: admin/emails',NULL,NULL,NULL,'127.0.0.1','Mozilla/5.0 (Macintosh; Intel Mac OS X 10_15_7) AppleWebKit/537.36 (KHTML, like Gecko) Chrome/149.0.0.0 Safari/537.36','2026-06-30 13:09:50'),(305,1,'page.visit','navigation','Visited: notifications',NULL,NULL,NULL,'127.0.0.1','Mozilla/5.0 (Macintosh; Intel Mac OS X 10_15_7) AppleWebKit/537.36 (KHTML, like Gecko) Chrome/149.0.0.0 Safari/537.36','2026-06-30 13:09:50'),(306,1,'page.visit','navigation','Visited: emails/poll',NULL,NULL,NULL,'127.0.0.1','Mozilla/5.0 (Macintosh; Intel Mac OS X 10_15_7) AppleWebKit/537.36 (KHTML, like Gecko) Chrome/149.0.0.0 Safari/537.36','2026-06-30 13:10:01'),(307,1,'page.visit','navigation','Visited: notifications',NULL,NULL,NULL,'127.0.0.1','Mozilla/5.0 (Macintosh; Intel Mac OS X 10_15_7) AppleWebKit/537.36 (KHTML, like Gecko) Chrome/149.0.0.0 Safari/537.36','2026-06-30 13:10:01'),(308,1,'page.visit','navigation','Visited: notifications',NULL,NULL,NULL,'127.0.0.1','Mozilla/5.0 (Macintosh; Intel Mac OS X 10_15_7) AppleWebKit/537.36 (KHTML, like Gecko) Chrome/149.0.0.0 Safari/537.36','2026-06-30 13:10:02'),(309,1,'page.visit','navigation','Visited: emails/poll',NULL,NULL,NULL,'127.0.0.1','Mozilla/5.0 (Macintosh; Intel Mac OS X 10_15_7) AppleWebKit/537.36 (KHTML, like Gecko) Chrome/149.0.0.0 Safari/537.36','2026-06-30 13:10:11'),(310,1,'page.visit','navigation','Visited: notifications',NULL,NULL,NULL,'127.0.0.1','Mozilla/5.0 (Macintosh; Intel Mac OS X 10_15_7) AppleWebKit/537.36 (KHTML, like Gecko) Chrome/149.0.0.0 Safari/537.36','2026-06-30 13:10:15'),(311,1,'page.visit','navigation','Visited: emails/poll',NULL,NULL,NULL,'127.0.0.1','Mozilla/5.0 (Macintosh; Intel Mac OS X 10_15_7) AppleWebKit/537.36 (KHTML, like Gecko) Chrome/149.0.0.0 Safari/537.36','2026-06-30 13:10:21'),(312,1,'page.visit','navigation','Visited: notifications',NULL,NULL,NULL,'127.0.0.1','Mozilla/5.0 (Macintosh; Intel Mac OS X 10_15_7) AppleWebKit/537.36 (KHTML, like Gecko) Chrome/149.0.0.0 Safari/537.36','2026-06-30 13:10:27'),(313,1,'page.visit','navigation','Visited: emails/poll',NULL,NULL,NULL,'127.0.0.1','Mozilla/5.0 (Macintosh; Intel Mac OS X 10_15_7) AppleWebKit/537.36 (KHTML, like Gecko) Chrome/149.0.0.0 Safari/537.36','2026-06-30 13:10:31'),(314,1,'page.visit','navigation','Visited: notifications',NULL,NULL,NULL,'127.0.0.1','Mozilla/5.0 (Macintosh; Intel Mac OS X 10_15_7) AppleWebKit/537.36 (KHTML, like Gecko) Chrome/149.0.0.0 Safari/537.36','2026-06-30 13:10:39'),(315,1,'page.visit','navigation','Visited: emails/poll',NULL,NULL,NULL,'127.0.0.1','Mozilla/5.0 (Macintosh; Intel Mac OS X 10_15_7) AppleWebKit/537.36 (KHTML, like Gecko) Chrome/149.0.0.0 Safari/537.36','2026-06-30 13:10:41'),(316,1,'page.visit','navigation','Visited: admin/emails',NULL,NULL,NULL,'127.0.0.1','Mozilla/5.0 (Macintosh; Intel Mac OS X 10_15_7) AppleWebKit/537.36 (KHTML, like Gecko) Chrome/149.0.0.0 Safari/537.36','2026-06-30 13:10:50'),(317,1,'page.visit','navigation','Visited: dashboard',NULL,NULL,NULL,'127.0.0.1','Mozilla/5.0 (Macintosh; Intel Mac OS X 10_15_7) AppleWebKit/537.36 (KHTML, like Gecko) Chrome/149.0.0.0 Safari/537.36','2026-06-30 13:10:50'),(318,1,'page.visit','navigation','Visited: notifications',NULL,NULL,NULL,'127.0.0.1','Mozilla/5.0 (Macintosh; Intel Mac OS X 10_15_7) AppleWebKit/537.36 (KHTML, like Gecko) Chrome/149.0.0.0 Safari/537.36','2026-06-30 13:10:50'),(319,1,'page.visit','navigation','Visited: notifications',NULL,NULL,NULL,'127.0.0.1','Mozilla/5.0 (Macintosh; Intel Mac OS X 10_15_7) AppleWebKit/537.36 (KHTML, like Gecko) Chrome/149.0.0.0 Safari/537.36','2026-06-30 13:10:50'),(320,1,'page.visit','navigation','Visited: emails/poll',NULL,NULL,NULL,'127.0.0.1','Mozilla/5.0 (Macintosh; Intel Mac OS X 10_15_7) AppleWebKit/537.36 (KHTML, like Gecko) Chrome/149.0.0.0 Safari/537.36','2026-06-30 13:11:01'),(321,1,'page.visit','navigation','Visited: notifications',NULL,NULL,NULL,'127.0.0.1','Mozilla/5.0 (Macintosh; Intel Mac OS X 10_15_7) AppleWebKit/537.36 (KHTML, like Gecko) Chrome/149.0.0.0 Safari/537.36','2026-06-30 13:11:03'),(322,1,'page.visit','navigation','Visited: notifications',NULL,NULL,NULL,'127.0.0.1','Mozilla/5.0 (Macintosh; Intel Mac OS X 10_15_7) AppleWebKit/537.36 (KHTML, like Gecko) Chrome/149.0.0.0 Safari/537.36','2026-06-30 13:11:03'),(323,1,'page.visit','navigation','Visited: emails/poll',NULL,NULL,NULL,'127.0.0.1','Mozilla/5.0 (Macintosh; Intel Mac OS X 10_15_7) AppleWebKit/537.36 (KHTML, like Gecko) Chrome/149.0.0.0 Safari/537.36','2026-06-30 13:11:11'),(324,1,'page.visit','navigation','Visited: notifications',NULL,NULL,NULL,'127.0.0.1','Mozilla/5.0 (Macintosh; Intel Mac OS X 10_15_7) AppleWebKit/537.36 (KHTML, like Gecko) Chrome/149.0.0.0 Safari/537.36','2026-06-30 13:11:15'),(325,1,'page.visit','navigation','Visited: notifications',NULL,NULL,NULL,'127.0.0.1','Mozilla/5.0 (Macintosh; Intel Mac OS X 10_15_7) AppleWebKit/537.36 (KHTML, like Gecko) Chrome/149.0.0.0 Safari/537.36','2026-06-30 13:11:15'),(326,1,'page.visit','navigation','Visited: emails/poll',NULL,NULL,NULL,'127.0.0.1','Mozilla/5.0 (Macintosh; Intel Mac OS X 10_15_7) AppleWebKit/537.36 (KHTML, like Gecko) Chrome/149.0.0.0 Safari/537.36','2026-06-30 13:11:21'),(327,1,'page.visit','navigation','Visited: notifications',NULL,NULL,NULL,'127.0.0.1','Mozilla/5.0 (Macintosh; Intel Mac OS X 10_15_7) AppleWebKit/537.36 (KHTML, like Gecko) Chrome/149.0.0.0 Safari/537.36','2026-06-30 13:11:27'),(328,1,'page.visit','navigation','Visited: notifications',NULL,NULL,NULL,'127.0.0.1','Mozilla/5.0 (Macintosh; Intel Mac OS X 10_15_7) AppleWebKit/537.36 (KHTML, like Gecko) Chrome/149.0.0.0 Safari/537.36','2026-06-30 13:11:27'),(329,1,'page.visit','navigation','Visited: emails/poll',NULL,NULL,NULL,'127.0.0.1','Mozilla/5.0 (Macintosh; Intel Mac OS X 10_15_7) AppleWebKit/537.36 (KHTML, like Gecko) Chrome/149.0.0.0 Safari/537.36','2026-06-30 13:11:31'),(330,1,'page.visit','navigation','Visited: notifications',NULL,NULL,NULL,'127.0.0.1','Mozilla/5.0 (Macintosh; Intel Mac OS X 10_15_7) AppleWebKit/537.36 (KHTML, like Gecko) Chrome/149.0.0.0 Safari/537.36','2026-06-30 13:11:39'),(331,1,'page.visit','navigation','Visited: notifications',NULL,NULL,NULL,'127.0.0.1','Mozilla/5.0 (Macintosh; Intel Mac OS X 10_15_7) AppleWebKit/537.36 (KHTML, like Gecko) Chrome/149.0.0.0 Safari/537.36','2026-06-30 13:11:39'),(332,1,'page.visit','navigation','Visited: emails/poll',NULL,NULL,NULL,'127.0.0.1','Mozilla/5.0 (Macintosh; Intel Mac OS X 10_15_7) AppleWebKit/537.36 (KHTML, like Gecko) Chrome/149.0.0.0 Safari/537.36','2026-06-30 13:11:41'),(333,1,'page.visit','navigation','Visited: notifications',NULL,NULL,NULL,'127.0.0.1','Mozilla/5.0 (Macintosh; Intel Mac OS X 10_15_7) AppleWebKit/537.36 (KHTML, like Gecko) Chrome/149.0.0.0 Safari/537.36','2026-06-30 13:11:51'),(334,1,'page.visit','navigation','Visited: emails/poll',NULL,NULL,NULL,'127.0.0.1','Mozilla/5.0 (Macintosh; Intel Mac OS X 10_15_7) AppleWebKit/537.36 (KHTML, like Gecko) Chrome/149.0.0.0 Safari/537.36','2026-06-30 13:11:51'),(335,1,'page.visit','navigation','Visited: notifications',NULL,NULL,NULL,'127.0.0.1','Mozilla/5.0 (Macintosh; Intel Mac OS X 10_15_7) AppleWebKit/537.36 (KHTML, like Gecko) Chrome/149.0.0.0 Safari/537.36','2026-06-30 13:11:51'),(336,1,'page.visit','navigation','Visited: emails/poll',NULL,NULL,NULL,'127.0.0.1','Mozilla/5.0 (Macintosh; Intel Mac OS X 10_15_7) AppleWebKit/537.36 (KHTML, like Gecko) Chrome/149.0.0.0 Safari/537.36','2026-06-30 13:12:01'),(337,1,'page.visit','navigation','Visited: notifications',NULL,NULL,NULL,'127.0.0.1','Mozilla/5.0 (Macintosh; Intel Mac OS X 10_15_7) AppleWebKit/537.36 (KHTML, like Gecko) Chrome/149.0.0.0 Safari/537.36','2026-06-30 13:12:03'),(338,1,'page.visit','navigation','Visited: notifications',NULL,NULL,NULL,'127.0.0.1','Mozilla/5.0 (Macintosh; Intel Mac OS X 10_15_7) AppleWebKit/537.36 (KHTML, like Gecko) Chrome/149.0.0.0 Safari/537.36','2026-06-30 13:12:03'),(339,1,'page.visit','navigation','Visited: emails/poll',NULL,NULL,NULL,'127.0.0.1','Mozilla/5.0 (Macintosh; Intel Mac OS X 10_15_7) AppleWebKit/537.36 (KHTML, like Gecko) Chrome/149.0.0.0 Safari/537.36','2026-06-30 13:13:01'),(340,1,'page.visit','navigation','Visited: notifications',NULL,NULL,NULL,'127.0.0.1','Mozilla/5.0 (Macintosh; Intel Mac OS X 10_15_7) AppleWebKit/537.36 (KHTML, like Gecko) Chrome/149.0.0.0 Safari/537.36','2026-06-30 13:13:01'),(341,1,'page.visit','navigation','Visited: notifications',NULL,NULL,NULL,'127.0.0.1','Mozilla/5.0 (Macintosh; Intel Mac OS X 10_15_7) AppleWebKit/537.36 (KHTML, like Gecko) Chrome/149.0.0.0 Safari/537.36','2026-06-30 13:13:01'),(342,1,'page.visit','navigation','Visited: notifications',NULL,NULL,NULL,'127.0.0.1','Mozilla/5.0 (Macintosh; Intel Mac OS X 10_15_7) AppleWebKit/537.36 (KHTML, like Gecko) Chrome/149.0.0.0 Safari/537.36','2026-06-30 13:14:01'),(343,1,'page.visit','navigation','Visited: emails/poll',NULL,NULL,NULL,'127.0.0.1','Mozilla/5.0 (Macintosh; Intel Mac OS X 10_15_7) AppleWebKit/537.36 (KHTML, like Gecko) Chrome/149.0.0.0 Safari/537.36','2026-06-30 13:14:01'),(344,1,'page.visit','navigation','Visited: notifications',NULL,NULL,NULL,'127.0.0.1','Mozilla/5.0 (Macintosh; Intel Mac OS X 10_15_7) AppleWebKit/537.36 (KHTML, like Gecko) Chrome/149.0.0.0 Safari/537.36','2026-06-30 13:14:01'),(345,1,'page.visit','navigation','Visited: notifications',NULL,NULL,NULL,'127.0.0.1','Mozilla/5.0 (Macintosh; Intel Mac OS X 10_15_7) AppleWebKit/537.36 (KHTML, like Gecko) Chrome/149.0.0.0 Safari/537.36','2026-06-30 13:15:01'),(346,1,'page.visit','navigation','Visited: emails/poll',NULL,NULL,NULL,'127.0.0.1','Mozilla/5.0 (Macintosh; Intel Mac OS X 10_15_7) AppleWebKit/537.36 (KHTML, like Gecko) Chrome/149.0.0.0 Safari/537.36','2026-06-30 13:15:01'),(347,1,'page.visit','navigation','Visited: notifications',NULL,NULL,NULL,'127.0.0.1','Mozilla/5.0 (Macintosh; Intel Mac OS X 10_15_7) AppleWebKit/537.36 (KHTML, like Gecko) Chrome/149.0.0.0 Safari/537.36','2026-06-30 13:15:01'),(348,1,'page.visit','navigation','Visited: notifications',NULL,NULL,NULL,'127.0.0.1','Mozilla/5.0 (Macintosh; Intel Mac OS X 10_15_7) AppleWebKit/537.36 (KHTML, like Gecko) Chrome/149.0.0.0 Safari/537.36','2026-06-30 13:16:01'),(349,1,'page.visit','navigation','Visited: emails/poll',NULL,NULL,NULL,'127.0.0.1','Mozilla/5.0 (Macintosh; Intel Mac OS X 10_15_7) AppleWebKit/537.36 (KHTML, like Gecko) Chrome/149.0.0.0 Safari/537.36','2026-06-30 13:16:01'),(350,1,'page.visit','navigation','Visited: notifications',NULL,NULL,NULL,'127.0.0.1','Mozilla/5.0 (Macintosh; Intel Mac OS X 10_15_7) AppleWebKit/537.36 (KHTML, like Gecko) Chrome/149.0.0.0 Safari/537.36','2026-06-30 13:16:01'),(351,1,'page.visit','navigation','Visited: notifications',NULL,NULL,NULL,'127.0.0.1','Mozilla/5.0 (Macintosh; Intel Mac OS X 10_15_7) AppleWebKit/537.36 (KHTML, like Gecko) Chrome/149.0.0.0 Safari/537.36','2026-06-30 13:16:39'),(352,1,'page.visit','navigation','Visited: emails/poll',NULL,NULL,NULL,'127.0.0.1','Mozilla/5.0 (Macintosh; Intel Mac OS X 10_15_7) AppleWebKit/537.36 (KHTML, like Gecko) Chrome/149.0.0.0 Safari/537.36','2026-06-30 13:16:39'),(353,1,'page.visit','navigation','Visited: emails/poll',NULL,NULL,NULL,'127.0.0.1','Mozilla/5.0 (Macintosh; Intel Mac OS X 10_15_7) AppleWebKit/537.36 (KHTML, like Gecko) Chrome/149.0.0.0 Safari/537.36','2026-06-30 13:16:40'),(354,1,'page.visit','navigation','Visited: admin/emails',NULL,NULL,NULL,'127.0.0.1','Mozilla/5.0 (Macintosh; Intel Mac OS X 10_15_7) AppleWebKit/537.36 (KHTML, like Gecko) Chrome/149.0.0.0 Safari/537.36','2026-06-30 13:16:40'),(355,1,'page.visit','navigation','Visited: notifications',NULL,NULL,NULL,'127.0.0.1','Mozilla/5.0 (Macintosh; Intel Mac OS X 10_15_7) AppleWebKit/537.36 (KHTML, like Gecko) Chrome/149.0.0.0 Safari/537.36','2026-06-30 13:16:40'),(356,1,'page.visit','navigation','Visited: admin/emails/accounts',NULL,NULL,NULL,'127.0.0.1','Mozilla/5.0 (Macintosh; Intel Mac OS X 10_15_7) AppleWebKit/537.36 (KHTML, like Gecko) Chrome/149.0.0.0 Safari/537.36','2026-06-30 13:16:49'),(357,1,'page.visit','navigation','Visited: notifications',NULL,NULL,NULL,'127.0.0.1','Mozilla/5.0 (Macintosh; Intel Mac OS X 10_15_7) AppleWebKit/537.36 (KHTML, like Gecko) Chrome/149.0.0.0 Safari/537.36','2026-06-30 13:16:49'),(358,1,'page.visit','navigation','Visited: notifications',NULL,NULL,NULL,'127.0.0.1','Mozilla/5.0 (Macintosh; Intel Mac OS X 10_15_7) AppleWebKit/537.36 (KHTML, like Gecko) Chrome/149.0.0.0 Safari/537.36','2026-06-30 13:17:01'),(359,1,'page.visit','navigation','Visited: notifications',NULL,NULL,NULL,'127.0.0.1','Mozilla/5.0 (Macintosh; Intel Mac OS X 10_15_7) AppleWebKit/537.36 (KHTML, like Gecko) Chrome/149.0.0.0 Safari/537.36','2026-06-30 13:17:01'),(360,1,'page.visit','navigation','Visited: notifications',NULL,NULL,NULL,'127.0.0.1','Mozilla/5.0 (Macintosh; Intel Mac OS X 10_15_7) AppleWebKit/537.36 (KHTML, like Gecko) Chrome/149.0.0.0 Safari/537.36','2026-06-30 13:17:13'),(361,1,'page.visit','navigation','Visited: admin/emails',NULL,NULL,NULL,'127.0.0.1','Mozilla/5.0 (Macintosh; Intel Mac OS X 10_15_7) AppleWebKit/537.36 (KHTML, like Gecko) Chrome/149.0.0.0 Safari/537.36','2026-06-30 13:17:14'),(362,1,'page.visit','navigation','Visited: notifications',NULL,NULL,NULL,'127.0.0.1','Mozilla/5.0 (Macintosh; Intel Mac OS X 10_15_7) AppleWebKit/537.36 (KHTML, like Gecko) Chrome/149.0.0.0 Safari/537.36','2026-06-30 13:17:14'),(363,1,'page.visit','navigation','Visited: crm/website',NULL,NULL,NULL,'127.0.0.1','Mozilla/5.0 (Macintosh; Intel Mac OS X 10_15_7) AppleWebKit/537.36 (KHTML, like Gecko) Chrome/149.0.0.0 Safari/537.36','2026-06-30 13:17:15'),(364,1,'page.visit','navigation','Visited: notifications',NULL,NULL,NULL,'127.0.0.1','Mozilla/5.0 (Macintosh; Intel Mac OS X 10_15_7) AppleWebKit/537.36 (KHTML, like Gecko) Chrome/149.0.0.0 Safari/537.36','2026-06-30 13:17:15'),(365,1,'page.visit','navigation','Visited: crm/ebay/stores',NULL,NULL,NULL,'127.0.0.1','Mozilla/5.0 (Macintosh; Intel Mac OS X 10_15_7) AppleWebKit/537.36 (KHTML, like Gecko) Chrome/149.0.0.0 Safari/537.36','2026-06-30 13:17:22'),(366,1,'page.visit','navigation','Visited: notifications',NULL,NULL,NULL,'127.0.0.1','Mozilla/5.0 (Macintosh; Intel Mac OS X 10_15_7) AppleWebKit/537.36 (KHTML, like Gecko) Chrome/149.0.0.0 Safari/537.36','2026-06-30 13:17:22'),(367,1,'page.visit','navigation','Visited: notifications',NULL,NULL,NULL,'127.0.0.1','Mozilla/5.0 (Macintosh; Intel Mac OS X 10_15_7) AppleWebKit/537.36 (KHTML, like Gecko) Chrome/149.0.0.0 Safari/537.36','2026-06-30 13:18:01'),(368,1,'page.visit','navigation','Visited: notifications',NULL,NULL,NULL,'127.0.0.1','Mozilla/5.0 (Macintosh; Intel Mac OS X 10_15_7) AppleWebKit/537.36 (KHTML, like Gecko) Chrome/149.0.0.0 Safari/537.36','2026-06-30 13:19:01'),(369,1,'page.visit','navigation','Visited: crm/logistics/shipments',NULL,NULL,NULL,'127.0.0.1','Mozilla/5.0 (Macintosh; Intel Mac OS X 10_15_7) AppleWebKit/537.36 (KHTML, like Gecko) Chrome/149.0.0.0 Safari/537.36','2026-06-30 13:19:07'),(370,1,'page.visit','navigation','Visited: dashboard',NULL,NULL,NULL,'127.0.0.1','Mozilla/5.0 (Macintosh; Intel Mac OS X 10_15_7) AppleWebKit/537.36 (KHTML, like Gecko) Chrome/149.0.0.0 Safari/537.36','2026-06-30 13:19:07'),(371,1,'page.visit','navigation','Visited: notifications',NULL,NULL,NULL,'127.0.0.1','Mozilla/5.0 (Macintosh; Intel Mac OS X 10_15_7) AppleWebKit/537.36 (KHTML, like Gecko) Chrome/149.0.0.0 Safari/537.36','2026-06-30 13:19:07'),(372,1,'page.visit','navigation','Visited: notifications',NULL,NULL,NULL,'127.0.0.1','Mozilla/5.0 (Macintosh; Intel Mac OS X 10_15_7) AppleWebKit/537.36 (KHTML, like Gecko) Chrome/149.0.0.0 Safari/537.36','2026-06-30 13:19:07'),(373,1,'page.visit','navigation','Visited: notifications',NULL,NULL,NULL,'127.0.0.1','Mozilla/5.0 (Macintosh; Intel Mac OS X 10_15_7) AppleWebKit/537.36 (KHTML, like Gecko) Chrome/149.0.0.0 Safari/537.36','2026-06-30 13:19:20'),(374,1,'page.visit','navigation','Visited: notifications',NULL,NULL,NULL,'127.0.0.1','Mozilla/5.0 (Macintosh; Intel Mac OS X 10_15_7) AppleWebKit/537.36 (KHTML, like Gecko) Chrome/149.0.0.0 Safari/537.36','2026-06-30 13:19:20'),(375,1,'page.visit','navigation','Visited: notifications',NULL,NULL,NULL,'127.0.0.1','Mozilla/5.0 (Macintosh; Intel Mac OS X 10_15_7) AppleWebKit/537.36 (KHTML, like Gecko) Chrome/149.0.0.0 Safari/537.36','2026-06-30 13:19:32'),(376,1,'page.visit','navigation','Visited: notifications',NULL,NULL,NULL,'127.0.0.1','Mozilla/5.0 (Macintosh; Intel Mac OS X 10_15_7) AppleWebKit/537.36 (KHTML, like Gecko) Chrome/149.0.0.0 Safari/537.36','2026-06-30 13:19:32'),(377,1,'page.visit','navigation','Visited: dashboard',NULL,NULL,NULL,'127.0.0.1','Mozilla/5.0 (Macintosh; Intel Mac OS X 10_15_7) AppleWebKit/537.36 (KHTML, like Gecko) Chrome/149.0.0.0 Safari/537.36','2026-06-30 13:19:44'),(378,1,'page.visit','navigation','Visited: crm/logistics/shipments',NULL,NULL,NULL,'127.0.0.1','Mozilla/5.0 (Macintosh; Intel Mac OS X 10_15_7) AppleWebKit/537.36 (KHTML, like Gecko) Chrome/149.0.0.0 Safari/537.36','2026-06-30 13:19:44'),(379,1,'page.visit','navigation','Visited: notifications',NULL,NULL,NULL,'127.0.0.1','Mozilla/5.0 (Macintosh; Intel Mac OS X 10_15_7) AppleWebKit/537.36 (KHTML, like Gecko) Chrome/149.0.0.0 Safari/537.36','2026-06-30 13:19:44'),(380,1,'page.visit','navigation','Visited: notifications',NULL,NULL,NULL,'127.0.0.1','Mozilla/5.0 (Macintosh; Intel Mac OS X 10_15_7) AppleWebKit/537.36 (KHTML, like Gecko) Chrome/149.0.0.0 Safari/537.36','2026-06-30 13:19:44'),(381,1,'page.visit','navigation','Visited: notifications',NULL,NULL,NULL,'127.0.0.1','Mozilla/5.0 (Macintosh; Intel Mac OS X 10_15_7) AppleWebKit/537.36 (KHTML, like Gecko) Chrome/149.0.0.0 Safari/537.36','2026-06-30 13:19:44'),(382,1,'page.visit','navigation','Visited: notifications',NULL,NULL,NULL,'127.0.0.1','Mozilla/5.0 (Macintosh; Intel Mac OS X 10_15_7) AppleWebKit/537.36 (KHTML, like Gecko) Chrome/149.0.0.0 Safari/537.36','2026-06-30 13:19:44'),(383,1,'page.visit','navigation','Visited: notifications',NULL,NULL,NULL,'127.0.0.1','Mozilla/5.0 (Macintosh; Intel Mac OS X 10_15_7) AppleWebKit/537.36 (KHTML, like Gecko) Chrome/149.0.0.0 Safari/537.36','2026-06-30 13:19:57'),(384,1,'page.visit','navigation','Visited: notifications',NULL,NULL,NULL,'127.0.0.1','Mozilla/5.0 (Macintosh; Intel Mac OS X 10_15_7) AppleWebKit/537.36 (KHTML, like Gecko) Chrome/149.0.0.0 Safari/537.36','2026-06-30 13:19:57'),(385,1,'page.visit','navigation','Visited: dashboard',NULL,NULL,NULL,'127.0.0.1','Mozilla/5.0 (Macintosh; Intel Mac OS X 10_15_7) AppleWebKit/537.36 (KHTML, like Gecko) Chrome/149.0.0.0 Safari/537.36','2026-06-30 13:20:05'),(386,1,'page.visit','navigation','Visited: crm/logistics/shipments',NULL,NULL,NULL,'127.0.0.1','Mozilla/5.0 (Macintosh; Intel Mac OS X 10_15_7) AppleWebKit/537.36 (KHTML, like Gecko) Chrome/149.0.0.0 Safari/537.36','2026-06-30 13:20:05'),(387,1,'page.visit','navigation','Visited: notifications',NULL,NULL,NULL,'127.0.0.1','Mozilla/5.0 (Macintosh; Intel Mac OS X 10_15_7) AppleWebKit/537.36 (KHTML, like Gecko) Chrome/149.0.0.0 Safari/537.36','2026-06-30 13:20:05'),(388,1,'page.visit','navigation','Visited: notifications',NULL,NULL,NULL,'127.0.0.1','Mozilla/5.0 (Macintosh; Intel Mac OS X 10_15_7) AppleWebKit/537.36 (KHTML, like Gecko) Chrome/149.0.0.0 Safari/537.36','2026-06-30 13:20:05'),(389,1,'page.visit','navigation','Visited: notifications',NULL,NULL,NULL,'127.0.0.1','Mozilla/5.0 (Macintosh; Intel Mac OS X 10_15_7) AppleWebKit/537.36 (KHTML, like Gecko) Chrome/149.0.0.0 Safari/537.36','2026-06-30 13:20:18'),(390,1,'page.visit','navigation','Visited: notifications',NULL,NULL,NULL,'127.0.0.1','Mozilla/5.0 (Macintosh; Intel Mac OS X 10_15_7) AppleWebKit/537.36 (KHTML, like Gecko) Chrome/149.0.0.0 Safari/537.36','2026-06-30 13:20:18'),(391,1,'page.visit','navigation','Visited: notifications',NULL,NULL,NULL,'127.0.0.1','Mozilla/5.0 (Macintosh; Intel Mac OS X 10_15_7) AppleWebKit/537.36 (KHTML, like Gecko) Chrome/149.0.0.0 Safari/537.36','2026-06-30 13:20:33'),(392,1,'page.visit','navigation','Visited: notifications',NULL,NULL,NULL,'127.0.0.1','Mozilla/5.0 (Macintosh; Intel Mac OS X 10_15_7) AppleWebKit/537.36 (KHTML, like Gecko) Chrome/149.0.0.0 Safari/537.36','2026-06-30 13:20:34'),(393,1,'page.visit','navigation','Visited: notifications',NULL,NULL,NULL,'127.0.0.1','Mozilla/5.0 (Macintosh; Intel Mac OS X 10_15_7) AppleWebKit/537.36 (KHTML, like Gecko) Chrome/149.0.0.0 Safari/537.36','2026-06-30 13:20:42'),(394,1,'page.visit','navigation','Visited: notifications',NULL,NULL,NULL,'127.0.0.1','Mozilla/5.0 (Macintosh; Intel Mac OS X 10_15_7) AppleWebKit/537.36 (KHTML, like Gecko) Chrome/149.0.0.0 Safari/537.36','2026-06-30 13:20:42'),(395,1,'page.visit','navigation','Visited: notifications',NULL,NULL,NULL,'127.0.0.1','Mozilla/5.0 (Macintosh; Intel Mac OS X 10_15_7) AppleWebKit/537.36 (KHTML, like Gecko) Chrome/149.0.0.0 Safari/537.36','2026-06-30 13:20:54'),(396,1,'page.visit','navigation','Visited: notifications',NULL,NULL,NULL,'127.0.0.1','Mozilla/5.0 (Macintosh; Intel Mac OS X 10_15_7) AppleWebKit/537.36 (KHTML, like Gecko) Chrome/149.0.0.0 Safari/537.36','2026-06-30 13:20:54'),(397,1,'page.visit','navigation','Visited: notifications',NULL,NULL,NULL,'127.0.0.1','Mozilla/5.0 (Macintosh; Intel Mac OS X 10_15_7) AppleWebKit/537.36 (KHTML, like Gecko) Chrome/149.0.0.0 Safari/537.36','2026-06-30 13:21:06'),(398,1,'page.visit','navigation','Visited: notifications',NULL,NULL,NULL,'127.0.0.1','Mozilla/5.0 (Macintosh; Intel Mac OS X 10_15_7) AppleWebKit/537.36 (KHTML, like Gecko) Chrome/149.0.0.0 Safari/537.36','2026-06-30 13:21:06'),(399,1,'page.visit','navigation','Visited: notifications',NULL,NULL,NULL,'127.0.0.1','Mozilla/5.0 (Macintosh; Intel Mac OS X 10_15_7) AppleWebKit/537.36 (KHTML, like Gecko) Chrome/149.0.0.0 Safari/537.36','2026-06-30 13:21:18'),(400,1,'page.visit','navigation','Visited: notifications',NULL,NULL,NULL,'127.0.0.1','Mozilla/5.0 (Macintosh; Intel Mac OS X 10_15_7) AppleWebKit/537.36 (KHTML, like Gecko) Chrome/149.0.0.0 Safari/537.36','2026-06-30 13:21:18'),(401,1,'page.visit','navigation','Visited: notifications',NULL,NULL,NULL,'127.0.0.1','Mozilla/5.0 (Macintosh; Intel Mac OS X 10_15_7) AppleWebKit/537.36 (KHTML, like Gecko) Chrome/149.0.0.0 Safari/537.36','2026-06-30 13:22:01'),(402,1,'page.visit','navigation','Visited: notifications',NULL,NULL,NULL,'127.0.0.1','Mozilla/5.0 (Macintosh; Intel Mac OS X 10_15_7) AppleWebKit/537.36 (KHTML, like Gecko) Chrome/149.0.0.0 Safari/537.36','2026-06-30 13:22:01'),(403,1,'page.visit','navigation','Visited: notifications',NULL,NULL,NULL,'127.0.0.1','Mozilla/5.0 (Macintosh; Intel Mac OS X 10_15_7) AppleWebKit/537.36 (KHTML, like Gecko) Chrome/149.0.0.0 Safari/537.36','2026-06-30 13:23:01'),(404,1,'page.visit','navigation','Visited: notifications',NULL,NULL,NULL,'127.0.0.1','Mozilla/5.0 (Macintosh; Intel Mac OS X 10_15_7) AppleWebKit/537.36 (KHTML, like Gecko) Chrome/149.0.0.0 Safari/537.36','2026-06-30 13:23:01'),(405,1,'page.visit','navigation','Visited: notifications',NULL,NULL,NULL,'127.0.0.1','Mozilla/5.0 (Macintosh; Intel Mac OS X 10_15_7) AppleWebKit/537.36 (KHTML, like Gecko) Chrome/149.0.0.0 Safari/537.36','2026-06-30 13:24:01'),(406,1,'page.visit','navigation','Visited: notifications',NULL,NULL,NULL,'127.0.0.1','Mozilla/5.0 (Macintosh; Intel Mac OS X 10_15_7) AppleWebKit/537.36 (KHTML, like Gecko) Chrome/149.0.0.0 Safari/537.36','2026-06-30 13:24:01'),(407,1,'page.visit','navigation','Visited: notifications',NULL,NULL,NULL,'127.0.0.1','Mozilla/5.0 (Macintosh; Intel Mac OS X 10_15_7) AppleWebKit/537.36 (KHTML, like Gecko) Chrome/149.0.0.0 Safari/537.36','2026-06-30 13:25:01'),(408,1,'page.visit','navigation','Visited: notifications',NULL,NULL,NULL,'127.0.0.1','Mozilla/5.0 (Macintosh; Intel Mac OS X 10_15_7) AppleWebKit/537.36 (KHTML, like Gecko) Chrome/149.0.0.0 Safari/537.36','2026-06-30 13:25:01'),(409,1,'page.visit','navigation','Visited: notifications',NULL,NULL,NULL,'127.0.0.1','Mozilla/5.0 (Macintosh; Intel Mac OS X 10_15_7) AppleWebKit/537.36 (KHTML, like Gecko) Chrome/149.0.0.0 Safari/537.36','2026-06-30 13:26:01'),(410,1,'page.visit','navigation','Visited: notifications',NULL,NULL,NULL,'127.0.0.1','Mozilla/5.0 (Macintosh; Intel Mac OS X 10_15_7) AppleWebKit/537.36 (KHTML, like Gecko) Chrome/149.0.0.0 Safari/537.36','2026-06-30 13:26:01'),(411,1,'page.visit','navigation','Visited: notifications',NULL,NULL,NULL,'127.0.0.1','Mozilla/5.0 (Macintosh; Intel Mac OS X 10_15_7) AppleWebKit/537.36 (KHTML, like Gecko) Chrome/149.0.0.0 Safari/537.36','2026-06-30 13:27:01'),(412,1,'page.visit','navigation','Visited: notifications',NULL,NULL,NULL,'127.0.0.1','Mozilla/5.0 (Macintosh; Intel Mac OS X 10_15_7) AppleWebKit/537.36 (KHTML, like Gecko) Chrome/149.0.0.0 Safari/537.36','2026-06-30 13:27:01'),(413,1,'page.visit','navigation','Visited: notifications',NULL,NULL,NULL,'127.0.0.1','Mozilla/5.0 (Macintosh; Intel Mac OS X 10_15_7) AppleWebKit/537.36 (KHTML, like Gecko) Chrome/149.0.0.0 Safari/537.36','2026-06-30 13:28:01'),(414,1,'page.visit','navigation','Visited: notifications',NULL,NULL,NULL,'127.0.0.1','Mozilla/5.0 (Macintosh; Intel Mac OS X 10_15_7) AppleWebKit/537.36 (KHTML, like Gecko) Chrome/149.0.0.0 Safari/537.36','2026-06-30 13:28:01'),(415,1,'page.visit','navigation','Visited: notifications',NULL,NULL,NULL,'127.0.0.1','Mozilla/5.0 (Macintosh; Intel Mac OS X 10_15_7) AppleWebKit/537.36 (KHTML, like Gecko) Chrome/149.0.0.0 Safari/537.36','2026-06-30 13:29:01'),(416,1,'page.visit','navigation','Visited: notifications',NULL,NULL,NULL,'127.0.0.1','Mozilla/5.0 (Macintosh; Intel Mac OS X 10_15_7) AppleWebKit/537.36 (KHTML, like Gecko) Chrome/149.0.0.0 Safari/537.36','2026-06-30 13:29:01'),(417,1,'page.visit','navigation','Visited: notifications',NULL,NULL,NULL,'127.0.0.1','Mozilla/5.0 (Macintosh; Intel Mac OS X 10_15_7) AppleWebKit/537.36 (KHTML, like Gecko) Chrome/149.0.0.0 Safari/537.36','2026-06-30 13:30:01'),(418,1,'page.visit','navigation','Visited: notifications',NULL,NULL,NULL,'127.0.0.1','Mozilla/5.0 (Macintosh; Intel Mac OS X 10_15_7) AppleWebKit/537.36 (KHTML, like Gecko) Chrome/149.0.0.0 Safari/537.36','2026-06-30 13:30:01'),(419,1,'page.visit','navigation','Visited: notifications',NULL,NULL,NULL,'127.0.0.1','Mozilla/5.0 (Macintosh; Intel Mac OS X 10_15_7) AppleWebKit/537.36 (KHTML, like Gecko) Chrome/149.0.0.0 Safari/537.36','2026-06-30 13:31:01'),(420,1,'page.visit','navigation','Visited: notifications',NULL,NULL,NULL,'127.0.0.1','Mozilla/5.0 (Macintosh; Intel Mac OS X 10_15_7) AppleWebKit/537.36 (KHTML, like Gecko) Chrome/149.0.0.0 Safari/537.36','2026-06-30 13:31:01'),(421,1,'page.visit','navigation','Visited: notifications',NULL,NULL,NULL,'127.0.0.1','Mozilla/5.0 (Macintosh; Intel Mac OS X 10_15_7) AppleWebKit/537.36 (KHTML, like Gecko) Chrome/149.0.0.0 Safari/537.36','2026-06-30 13:32:01'),(422,1,'page.visit','navigation','Visited: notifications',NULL,NULL,NULL,'127.0.0.1','Mozilla/5.0 (Macintosh; Intel Mac OS X 10_15_7) AppleWebKit/537.36 (KHTML, like Gecko) Chrome/149.0.0.0 Safari/537.36','2026-06-30 13:32:01'),(423,1,'page.visit','navigation','Visited: notifications',NULL,NULL,NULL,'127.0.0.1','Mozilla/5.0 (Macintosh; Intel Mac OS X 10_15_7) AppleWebKit/537.36 (KHTML, like Gecko) Chrome/149.0.0.0 Safari/537.36','2026-06-30 13:33:01'),(424,1,'page.visit','navigation','Visited: notifications',NULL,NULL,NULL,'127.0.0.1','Mozilla/5.0 (Macintosh; Intel Mac OS X 10_15_7) AppleWebKit/537.36 (KHTML, like Gecko) Chrome/149.0.0.0 Safari/537.36','2026-06-30 13:33:01'),(425,1,'page.visit','navigation','Visited: notifications',NULL,NULL,NULL,'127.0.0.1','Mozilla/5.0 (Macintosh; Intel Mac OS X 10_15_7) AppleWebKit/537.36 (KHTML, like Gecko) Chrome/149.0.0.0 Safari/537.36','2026-06-30 13:34:01'),(426,1,'page.visit','navigation','Visited: notifications',NULL,NULL,NULL,'127.0.0.1','Mozilla/5.0 (Macintosh; Intel Mac OS X 10_15_7) AppleWebKit/537.36 (KHTML, like Gecko) Chrome/149.0.0.0 Safari/537.36','2026-06-30 13:34:01'),(427,1,'page.visit','navigation','Visited: notifications',NULL,NULL,NULL,'127.0.0.1','Mozilla/5.0 (Macintosh; Intel Mac OS X 10_15_7) AppleWebKit/537.36 (KHTML, like Gecko) Chrome/149.0.0.0 Safari/537.36','2026-06-30 13:35:01'),(428,1,'page.visit','navigation','Visited: notifications',NULL,NULL,NULL,'127.0.0.1','Mozilla/5.0 (Macintosh; Intel Mac OS X 10_15_7) AppleWebKit/537.36 (KHTML, like Gecko) Chrome/149.0.0.0 Safari/537.36','2026-06-30 13:35:01'),(429,1,'page.visit','navigation','Visited: notifications',NULL,NULL,NULL,'127.0.0.1','Mozilla/5.0 (Macintosh; Intel Mac OS X 10_15_7) AppleWebKit/537.36 (KHTML, like Gecko) Chrome/149.0.0.0 Safari/537.36','2026-06-30 13:36:01'),(430,1,'page.visit','navigation','Visited: notifications',NULL,NULL,NULL,'127.0.0.1','Mozilla/5.0 (Macintosh; Intel Mac OS X 10_15_7) AppleWebKit/537.36 (KHTML, like Gecko) Chrome/149.0.0.0 Safari/537.36','2026-06-30 13:36:01'),(431,1,'page.visit','navigation','Visited: notifications',NULL,NULL,NULL,'127.0.0.1','Mozilla/5.0 (Macintosh; Intel Mac OS X 10_15_7) AppleWebKit/537.36 (KHTML, like Gecko) Chrome/149.0.0.0 Safari/537.36','2026-06-30 13:37:01'),(432,1,'page.visit','navigation','Visited: notifications',NULL,NULL,NULL,'127.0.0.1','Mozilla/5.0 (Macintosh; Intel Mac OS X 10_15_7) AppleWebKit/537.36 (KHTML, like Gecko) Chrome/149.0.0.0 Safari/537.36','2026-06-30 13:37:01'),(433,1,'page.visit','navigation','Visited: notifications',NULL,NULL,NULL,'127.0.0.1','Mozilla/5.0 (Macintosh; Intel Mac OS X 10_15_7) AppleWebKit/537.36 (KHTML, like Gecko) Chrome/149.0.0.0 Safari/537.36','2026-06-30 13:38:01'),(434,1,'page.visit','navigation','Visited: notifications',NULL,NULL,NULL,'127.0.0.1','Mozilla/5.0 (Macintosh; Intel Mac OS X 10_15_7) AppleWebKit/537.36 (KHTML, like Gecko) Chrome/149.0.0.0 Safari/537.36','2026-06-30 13:38:01'),(435,1,'page.visit','navigation','Visited: notifications',NULL,NULL,NULL,'127.0.0.1','Mozilla/5.0 (Macintosh; Intel Mac OS X 10_15_7) AppleWebKit/537.36 (KHTML, like Gecko) Chrome/149.0.0.0 Safari/537.36','2026-06-30 13:39:01'),(436,1,'page.visit','navigation','Visited: notifications',NULL,NULL,NULL,'127.0.0.1','Mozilla/5.0 (Macintosh; Intel Mac OS X 10_15_7) AppleWebKit/537.36 (KHTML, like Gecko) Chrome/149.0.0.0 Safari/537.36','2026-06-30 13:39:01'),(437,1,'page.visit','navigation','Visited: notifications',NULL,NULL,NULL,'127.0.0.1','Mozilla/5.0 (Macintosh; Intel Mac OS X 10_15_7) AppleWebKit/537.36 (KHTML, like Gecko) Chrome/149.0.0.0 Safari/537.36','2026-06-30 13:39:09'),(438,1,'page.visit','navigation','Visited: notifications',NULL,NULL,NULL,'127.0.0.1','Mozilla/5.0 (Macintosh; Intel Mac OS X 10_15_7) AppleWebKit/537.36 (KHTML, like Gecko) Chrome/149.0.0.0 Safari/537.36','2026-06-30 13:39:09'),(439,1,'page.visit','navigation','Visited: notifications',NULL,NULL,NULL,'127.0.0.1','Mozilla/5.0 (Macintosh; Intel Mac OS X 10_15_7) AppleWebKit/537.36 (KHTML, like Gecko) Chrome/149.0.0.0 Safari/537.36','2026-06-30 13:40:01'),(440,1,'page.visit','navigation','Visited: notifications',NULL,NULL,NULL,'127.0.0.1','Mozilla/5.0 (Macintosh; Intel Mac OS X 10_15_7) AppleWebKit/537.36 (KHTML, like Gecko) Chrome/149.0.0.0 Safari/537.36','2026-06-30 13:40:01'),(441,1,'page.visit','navigation','Visited: notifications',NULL,NULL,NULL,'127.0.0.1','Mozilla/5.0 (Macintosh; Intel Mac OS X 10_15_7) AppleWebKit/537.36 (KHTML, like Gecko) Chrome/149.0.0.0 Safari/537.36','2026-06-30 13:41:01'),(442,1,'page.visit','navigation','Visited: notifications',NULL,NULL,NULL,'127.0.0.1','Mozilla/5.0 (Macintosh; Intel Mac OS X 10_15_7) AppleWebKit/537.36 (KHTML, like Gecko) Chrome/149.0.0.0 Safari/537.36','2026-06-30 13:41:01'),(443,1,'page.visit','navigation','Visited: notifications',NULL,NULL,NULL,'127.0.0.1','Mozilla/5.0 (Macintosh; Intel Mac OS X 10_15_7) AppleWebKit/537.36 (KHTML, like Gecko) Chrome/149.0.0.0 Safari/537.36','2026-06-30 13:42:01'),(444,1,'page.visit','navigation','Visited: notifications',NULL,NULL,NULL,'127.0.0.1','Mozilla/5.0 (Macintosh; Intel Mac OS X 10_15_7) AppleWebKit/537.36 (KHTML, like Gecko) Chrome/149.0.0.0 Safari/537.36','2026-06-30 13:42:01'),(445,1,'page.visit','navigation','Visited: notifications',NULL,NULL,NULL,'127.0.0.1','Mozilla/5.0 (Macintosh; Intel Mac OS X 10_15_7) AppleWebKit/537.36 (KHTML, like Gecko) Chrome/149.0.0.0 Safari/537.36','2026-06-30 13:43:01'),(446,1,'page.visit','navigation','Visited: notifications',NULL,NULL,NULL,'127.0.0.1','Mozilla/5.0 (Macintosh; Intel Mac OS X 10_15_7) AppleWebKit/537.36 (KHTML, like Gecko) Chrome/149.0.0.0 Safari/537.36','2026-06-30 13:43:01'),(447,1,'page.visit','navigation','Visited: notifications',NULL,NULL,NULL,'127.0.0.1','Mozilla/5.0 (Macintosh; Intel Mac OS X 10_15_7) AppleWebKit/537.36 (KHTML, like Gecko) Chrome/149.0.0.0 Safari/537.36','2026-06-30 13:44:01'),(448,1,'page.visit','navigation','Visited: notifications',NULL,NULL,NULL,'127.0.0.1','Mozilla/5.0 (Macintosh; Intel Mac OS X 10_15_7) AppleWebKit/537.36 (KHTML, like Gecko) Chrome/149.0.0.0 Safari/537.36','2026-06-30 13:44:01'),(449,1,'page.visit','navigation','Visited: notifications',NULL,NULL,NULL,'127.0.0.1','Mozilla/5.0 (Macintosh; Intel Mac OS X 10_15_7) AppleWebKit/537.36 (KHTML, like Gecko) Chrome/149.0.0.0 Safari/537.36','2026-06-30 13:45:01'),(450,1,'page.visit','navigation','Visited: notifications',NULL,NULL,NULL,'127.0.0.1','Mozilla/5.0 (Macintosh; Intel Mac OS X 10_15_7) AppleWebKit/537.36 (KHTML, like Gecko) Chrome/149.0.0.0 Safari/537.36','2026-06-30 13:45:01'),(451,1,'page.visit','navigation','Visited: notifications',NULL,NULL,NULL,'127.0.0.1','Mozilla/5.0 (Macintosh; Intel Mac OS X 10_15_7) AppleWebKit/537.36 (KHTML, like Gecko) Chrome/149.0.0.0 Safari/537.36','2026-06-30 13:46:01'),(452,1,'page.visit','navigation','Visited: notifications',NULL,NULL,NULL,'127.0.0.1','Mozilla/5.0 (Macintosh; Intel Mac OS X 10_15_7) AppleWebKit/537.36 (KHTML, like Gecko) Chrome/149.0.0.0 Safari/537.36','2026-06-30 13:46:01'),(453,1,'page.visit','navigation','Visited: notifications',NULL,NULL,NULL,'127.0.0.1','Mozilla/5.0 (Macintosh; Intel Mac OS X 10_15_7) AppleWebKit/537.36 (KHTML, like Gecko) Chrome/149.0.0.0 Safari/537.36','2026-06-30 13:47:01'),(454,1,'page.visit','navigation','Visited: notifications',NULL,NULL,NULL,'127.0.0.1','Mozilla/5.0 (Macintosh; Intel Mac OS X 10_15_7) AppleWebKit/537.36 (KHTML, like Gecko) Chrome/149.0.0.0 Safari/537.36','2026-06-30 13:47:01'),(455,1,'page.visit','navigation','Visited: notifications',NULL,NULL,NULL,'127.0.0.1','Mozilla/5.0 (Macintosh; Intel Mac OS X 10_15_7) AppleWebKit/537.36 (KHTML, like Gecko) Chrome/149.0.0.0 Safari/537.36','2026-06-30 13:48:01'),(456,1,'page.visit','navigation','Visited: notifications',NULL,NULL,NULL,'127.0.0.1','Mozilla/5.0 (Macintosh; Intel Mac OS X 10_15_7) AppleWebKit/537.36 (KHTML, like Gecko) Chrome/149.0.0.0 Safari/537.36','2026-06-30 13:48:01'),(457,1,'page.visit','navigation','Visited: notifications',NULL,NULL,NULL,'127.0.0.1','Mozilla/5.0 (Macintosh; Intel Mac OS X 10_15_7) AppleWebKit/537.36 (KHTML, like Gecko) Chrome/149.0.0.0 Safari/537.36','2026-06-30 13:49:01'),(458,1,'page.visit','navigation','Visited: notifications',NULL,NULL,NULL,'127.0.0.1','Mozilla/5.0 (Macintosh; Intel Mac OS X 10_15_7) AppleWebKit/537.36 (KHTML, like Gecko) Chrome/149.0.0.0 Safari/537.36','2026-06-30 13:49:01'),(459,1,'page.visit','navigation','Visited: notifications',NULL,NULL,NULL,'127.0.0.1','Mozilla/5.0 (Macintosh; Intel Mac OS X 10_15_7) AppleWebKit/537.36 (KHTML, like Gecko) Chrome/149.0.0.0 Safari/537.36','2026-06-30 13:50:01'),(460,1,'page.visit','navigation','Visited: notifications',NULL,NULL,NULL,'127.0.0.1','Mozilla/5.0 (Macintosh; Intel Mac OS X 10_15_7) AppleWebKit/537.36 (KHTML, like Gecko) Chrome/149.0.0.0 Safari/537.36','2026-06-30 13:50:01'),(461,1,'page.visit','navigation','Visited: notifications',NULL,NULL,NULL,'127.0.0.1','Mozilla/5.0 (Macintosh; Intel Mac OS X 10_15_7) AppleWebKit/537.36 (KHTML, like Gecko) Chrome/149.0.0.0 Safari/537.36','2026-06-30 13:51:01'),(462,1,'page.visit','navigation','Visited: notifications',NULL,NULL,NULL,'127.0.0.1','Mozilla/5.0 (Macintosh; Intel Mac OS X 10_15_7) AppleWebKit/537.36 (KHTML, like Gecko) Chrome/149.0.0.0 Safari/537.36','2026-06-30 13:51:01'),(463,1,'page.visit','navigation','Visited: notifications',NULL,NULL,NULL,'127.0.0.1','Mozilla/5.0 (Macintosh; Intel Mac OS X 10_15_7) AppleWebKit/537.36 (KHTML, like Gecko) Chrome/149.0.0.0 Safari/537.36','2026-06-30 13:52:01'),(464,1,'page.visit','navigation','Visited: notifications',NULL,NULL,NULL,'127.0.0.1','Mozilla/5.0 (Macintosh; Intel Mac OS X 10_15_7) AppleWebKit/537.36 (KHTML, like Gecko) Chrome/149.0.0.0 Safari/537.36','2026-06-30 13:52:01'),(465,1,'page.visit','navigation','Visited: notifications',NULL,NULL,NULL,'127.0.0.1','Mozilla/5.0 (Macintosh; Intel Mac OS X 10_15_7) AppleWebKit/537.36 (KHTML, like Gecko) Chrome/149.0.0.0 Safari/537.36','2026-06-30 13:53:01'),(466,1,'page.visit','navigation','Visited: notifications',NULL,NULL,NULL,'127.0.0.1','Mozilla/5.0 (Macintosh; Intel Mac OS X 10_15_7) AppleWebKit/537.36 (KHTML, like Gecko) Chrome/149.0.0.0 Safari/537.36','2026-06-30 13:53:01'),(467,1,'page.visit','navigation','Visited: notifications',NULL,NULL,NULL,'127.0.0.1','Mozilla/5.0 (Macintosh; Intel Mac OS X 10_15_7) AppleWebKit/537.36 (KHTML, like Gecko) Chrome/149.0.0.0 Safari/537.36','2026-06-30 13:54:01'),(468,1,'page.visit','navigation','Visited: notifications',NULL,NULL,NULL,'127.0.0.1','Mozilla/5.0 (Macintosh; Intel Mac OS X 10_15_7) AppleWebKit/537.36 (KHTML, like Gecko) Chrome/149.0.0.0 Safari/537.36','2026-06-30 13:54:01'),(469,1,'page.visit','navigation','Visited: notifications',NULL,NULL,NULL,'127.0.0.1','Mozilla/5.0 (Macintosh; Intel Mac OS X 10_15_7) AppleWebKit/537.36 (KHTML, like Gecko) Chrome/149.0.0.0 Safari/537.36','2026-06-30 13:55:01'),(470,1,'page.visit','navigation','Visited: notifications',NULL,NULL,NULL,'127.0.0.1','Mozilla/5.0 (Macintosh; Intel Mac OS X 10_15_7) AppleWebKit/537.36 (KHTML, like Gecko) Chrome/149.0.0.0 Safari/537.36','2026-06-30 13:55:01'),(471,1,'page.visit','navigation','Visited: notifications',NULL,NULL,NULL,'127.0.0.1','Mozilla/5.0 (Macintosh; Intel Mac OS X 10_15_7) AppleWebKit/537.36 (KHTML, like Gecko) Chrome/149.0.0.0 Safari/537.36','2026-06-30 13:56:01'),(472,1,'page.visit','navigation','Visited: notifications',NULL,NULL,NULL,'127.0.0.1','Mozilla/5.0 (Macintosh; Intel Mac OS X 10_15_7) AppleWebKit/537.36 (KHTML, like Gecko) Chrome/149.0.0.0 Safari/537.36','2026-06-30 13:56:01'),(473,1,'page.visit','navigation','Visited: notifications',NULL,NULL,NULL,'127.0.0.1','Mozilla/5.0 (Macintosh; Intel Mac OS X 10_15_7) AppleWebKit/537.36 (KHTML, like Gecko) Chrome/149.0.0.0 Safari/537.36','2026-06-30 13:57:01'),(474,1,'page.visit','navigation','Visited: notifications',NULL,NULL,NULL,'127.0.0.1','Mozilla/5.0 (Macintosh; Intel Mac OS X 10_15_7) AppleWebKit/537.36 (KHTML, like Gecko) Chrome/149.0.0.0 Safari/537.36','2026-06-30 13:57:01'),(475,1,'page.visit','navigation','Visited: notifications',NULL,NULL,NULL,'127.0.0.1','Mozilla/5.0 (Macintosh; Intel Mac OS X 10_15_7) AppleWebKit/537.36 (KHTML, like Gecko) Chrome/149.0.0.0 Safari/537.36','2026-06-30 13:58:01'),(476,1,'page.visit','navigation','Visited: notifications',NULL,NULL,NULL,'127.0.0.1','Mozilla/5.0 (Macintosh; Intel Mac OS X 10_15_7) AppleWebKit/537.36 (KHTML, like Gecko) Chrome/149.0.0.0 Safari/537.36','2026-06-30 13:58:01'),(477,1,'page.visit','navigation','Visited: notifications',NULL,NULL,NULL,'127.0.0.1','Mozilla/5.0 (Macintosh; Intel Mac OS X 10_15_7) AppleWebKit/537.36 (KHTML, like Gecko) Chrome/149.0.0.0 Safari/537.36','2026-06-30 13:59:01'),(478,1,'page.visit','navigation','Visited: notifications',NULL,NULL,NULL,'127.0.0.1','Mozilla/5.0 (Macintosh; Intel Mac OS X 10_15_7) AppleWebKit/537.36 (KHTML, like Gecko) Chrome/149.0.0.0 Safari/537.36','2026-06-30 13:59:01'),(479,1,'page.visit','navigation','Visited: notifications',NULL,NULL,NULL,'127.0.0.1','Mozilla/5.0 (Macintosh; Intel Mac OS X 10_15_7) AppleWebKit/537.36 (KHTML, like Gecko) Chrome/149.0.0.0 Safari/537.36','2026-06-30 14:00:01'),(480,1,'page.visit','navigation','Visited: notifications',NULL,NULL,NULL,'127.0.0.1','Mozilla/5.0 (Macintosh; Intel Mac OS X 10_15_7) AppleWebKit/537.36 (KHTML, like Gecko) Chrome/149.0.0.0 Safari/537.36','2026-06-30 14:00:01'),(481,1,'page.visit','navigation','Visited: notifications',NULL,NULL,NULL,'127.0.0.1','Mozilla/5.0 (Macintosh; Intel Mac OS X 10_15_7) AppleWebKit/537.36 (KHTML, like Gecko) Chrome/149.0.0.0 Safari/537.36','2026-06-30 14:01:01'),(482,1,'page.visit','navigation','Visited: notifications',NULL,NULL,NULL,'127.0.0.1','Mozilla/5.0 (Macintosh; Intel Mac OS X 10_15_7) AppleWebKit/537.36 (KHTML, like Gecko) Chrome/149.0.0.0 Safari/537.36','2026-06-30 14:01:01'),(483,1,'page.visit','navigation','Visited: notifications',NULL,NULL,NULL,'127.0.0.1','Mozilla/5.0 (Macintosh; Intel Mac OS X 10_15_7) AppleWebKit/537.36 (KHTML, like Gecko) Chrome/149.0.0.0 Safari/537.36','2026-06-30 14:02:01'),(484,1,'page.visit','navigation','Visited: notifications',NULL,NULL,NULL,'127.0.0.1','Mozilla/5.0 (Macintosh; Intel Mac OS X 10_15_7) AppleWebKit/537.36 (KHTML, like Gecko) Chrome/149.0.0.0 Safari/537.36','2026-06-30 14:02:01'),(485,1,'page.visit','navigation','Visited: notifications',NULL,NULL,NULL,'127.0.0.1','Mozilla/5.0 (Macintosh; Intel Mac OS X 10_15_7) AppleWebKit/537.36 (KHTML, like Gecko) Chrome/149.0.0.0 Safari/537.36','2026-06-30 14:03:01'),(486,1,'page.visit','navigation','Visited: notifications',NULL,NULL,NULL,'127.0.0.1','Mozilla/5.0 (Macintosh; Intel Mac OS X 10_15_7) AppleWebKit/537.36 (KHTML, like Gecko) Chrome/149.0.0.0 Safari/537.36','2026-06-30 14:03:01'),(487,1,'page.visit','navigation','Visited: notifications',NULL,NULL,NULL,'127.0.0.1','Mozilla/5.0 (Macintosh; Intel Mac OS X 10_15_7) AppleWebKit/537.36 (KHTML, like Gecko) Chrome/149.0.0.0 Safari/537.36','2026-06-30 14:04:01'),(488,1,'page.visit','navigation','Visited: notifications',NULL,NULL,NULL,'127.0.0.1','Mozilla/5.0 (Macintosh; Intel Mac OS X 10_15_7) AppleWebKit/537.36 (KHTML, like Gecko) Chrome/149.0.0.0 Safari/537.36','2026-06-30 14:04:01'),(489,1,'page.visit','navigation','Visited: notifications',NULL,NULL,NULL,'127.0.0.1','Mozilla/5.0 (Macintosh; Intel Mac OS X 10_15_7) AppleWebKit/537.36 (KHTML, like Gecko) Chrome/149.0.0.0 Safari/537.36','2026-06-30 14:05:01'),(490,1,'page.visit','navigation','Visited: notifications',NULL,NULL,NULL,'127.0.0.1','Mozilla/5.0 (Macintosh; Intel Mac OS X 10_15_7) AppleWebKit/537.36 (KHTML, like Gecko) Chrome/149.0.0.0 Safari/537.36','2026-06-30 14:05:01'),(491,1,'page.visit','navigation','Visited: notifications',NULL,NULL,NULL,'127.0.0.1','Mozilla/5.0 (Macintosh; Intel Mac OS X 10_15_7) AppleWebKit/537.36 (KHTML, like Gecko) Chrome/149.0.0.0 Safari/537.36','2026-06-30 14:06:01'),(492,1,'page.visit','navigation','Visited: notifications',NULL,NULL,NULL,'127.0.0.1','Mozilla/5.0 (Macintosh; Intel Mac OS X 10_15_7) AppleWebKit/537.36 (KHTML, like Gecko) Chrome/149.0.0.0 Safari/537.36','2026-06-30 14:06:01'),(493,1,'page.visit','navigation','Visited: notifications',NULL,NULL,NULL,'127.0.0.1','Mozilla/5.0 (Macintosh; Intel Mac OS X 10_15_7) AppleWebKit/537.36 (KHTML, like Gecko) Chrome/149.0.0.0 Safari/537.36','2026-06-30 14:07:01'),(494,1,'page.visit','navigation','Visited: notifications',NULL,NULL,NULL,'127.0.0.1','Mozilla/5.0 (Macintosh; Intel Mac OS X 10_15_7) AppleWebKit/537.36 (KHTML, like Gecko) Chrome/149.0.0.0 Safari/537.36','2026-06-30 14:07:01'),(495,1,'page.visit','navigation','Visited: notifications',NULL,NULL,NULL,'127.0.0.1','Mozilla/5.0 (Macintosh; Intel Mac OS X 10_15_7) AppleWebKit/537.36 (KHTML, like Gecko) Chrome/149.0.0.0 Safari/537.36','2026-06-30 14:08:01'),(496,1,'page.visit','navigation','Visited: notifications',NULL,NULL,NULL,'127.0.0.1','Mozilla/5.0 (Macintosh; Intel Mac OS X 10_15_7) AppleWebKit/537.36 (KHTML, like Gecko) Chrome/149.0.0.0 Safari/537.36','2026-06-30 14:08:01'),(497,1,'page.visit','navigation','Visited: notifications',NULL,NULL,NULL,'127.0.0.1','Mozilla/5.0 (Macintosh; Intel Mac OS X 10_15_7) AppleWebKit/537.36 (KHTML, like Gecko) Chrome/149.0.0.0 Safari/537.36','2026-06-30 14:09:01'),(498,1,'page.visit','navigation','Visited: notifications',NULL,NULL,NULL,'127.0.0.1','Mozilla/5.0 (Macintosh; Intel Mac OS X 10_15_7) AppleWebKit/537.36 (KHTML, like Gecko) Chrome/149.0.0.0 Safari/537.36','2026-06-30 14:09:01'),(499,1,'page.visit','navigation','Visited: notifications',NULL,NULL,NULL,'127.0.0.1','Mozilla/5.0 (Macintosh; Intel Mac OS X 10_15_7) AppleWebKit/537.36 (KHTML, like Gecko) Chrome/149.0.0.0 Safari/537.36','2026-06-30 14:10:01'),(500,1,'page.visit','navigation','Visited: notifications',NULL,NULL,NULL,'127.0.0.1','Mozilla/5.0 (Macintosh; Intel Mac OS X 10_15_7) AppleWebKit/537.36 (KHTML, like Gecko) Chrome/149.0.0.0 Safari/537.36','2026-06-30 14:10:01'),(501,1,'page.visit','navigation','Visited: notifications',NULL,NULL,NULL,'127.0.0.1','Mozilla/5.0 (Macintosh; Intel Mac OS X 10_15_7) AppleWebKit/537.36 (KHTML, like Gecko) Chrome/149.0.0.0 Safari/537.36','2026-06-30 14:11:01'),(502,1,'page.visit','navigation','Visited: notifications',NULL,NULL,NULL,'127.0.0.1','Mozilla/5.0 (Macintosh; Intel Mac OS X 10_15_7) AppleWebKit/537.36 (KHTML, like Gecko) Chrome/149.0.0.0 Safari/537.36','2026-06-30 14:11:01'),(503,1,'page.visit','navigation','Visited: notifications',NULL,NULL,NULL,'127.0.0.1','Mozilla/5.0 (Macintosh; Intel Mac OS X 10_15_7) AppleWebKit/537.36 (KHTML, like Gecko) Chrome/149.0.0.0 Safari/537.36','2026-06-30 14:12:01'),(504,1,'page.visit','navigation','Visited: notifications',NULL,NULL,NULL,'127.0.0.1','Mozilla/5.0 (Macintosh; Intel Mac OS X 10_15_7) AppleWebKit/537.36 (KHTML, like Gecko) Chrome/149.0.0.0 Safari/537.36','2026-06-30 14:12:01'),(505,1,'page.visit','navigation','Visited: notifications',NULL,NULL,NULL,'127.0.0.1','Mozilla/5.0 (Macintosh; Intel Mac OS X 10_15_7) AppleWebKit/537.36 (KHTML, like Gecko) Chrome/149.0.0.0 Safari/537.36','2026-06-30 14:13:01'),(506,1,'page.visit','navigation','Visited: notifications',NULL,NULL,NULL,'127.0.0.1','Mozilla/5.0 (Macintosh; Intel Mac OS X 10_15_7) AppleWebKit/537.36 (KHTML, like Gecko) Chrome/149.0.0.0 Safari/537.36','2026-06-30 14:13:01'),(507,1,'page.visit','navigation','Visited: notifications',NULL,NULL,NULL,'127.0.0.1','Mozilla/5.0 (Macintosh; Intel Mac OS X 10_15_7) AppleWebKit/537.36 (KHTML, like Gecko) Chrome/149.0.0.0 Safari/537.36','2026-06-30 14:14:01'),(508,1,'page.visit','navigation','Visited: notifications',NULL,NULL,NULL,'127.0.0.1','Mozilla/5.0 (Macintosh; Intel Mac OS X 10_15_7) AppleWebKit/537.36 (KHTML, like Gecko) Chrome/149.0.0.0 Safari/537.36','2026-06-30 14:14:01'),(509,1,'page.visit','navigation','Visited: notifications',NULL,NULL,NULL,'127.0.0.1','Mozilla/5.0 (Macintosh; Intel Mac OS X 10_15_7) AppleWebKit/537.36 (KHTML, like Gecko) Chrome/149.0.0.0 Safari/537.36','2026-06-30 14:15:01'),(510,1,'page.visit','navigation','Visited: notifications',NULL,NULL,NULL,'127.0.0.1','Mozilla/5.0 (Macintosh; Intel Mac OS X 10_15_7) AppleWebKit/537.36 (KHTML, like Gecko) Chrome/149.0.0.0 Safari/537.36','2026-06-30 14:15:01'),(511,1,'page.visit','navigation','Visited: notifications',NULL,NULL,NULL,'127.0.0.1','Mozilla/5.0 (Macintosh; Intel Mac OS X 10_15_7) AppleWebKit/537.36 (KHTML, like Gecko) Chrome/149.0.0.0 Safari/537.36','2026-06-30 14:16:01'),(512,1,'page.visit','navigation','Visited: notifications',NULL,NULL,NULL,'127.0.0.1','Mozilla/5.0 (Macintosh; Intel Mac OS X 10_15_7) AppleWebKit/537.36 (KHTML, like Gecko) Chrome/149.0.0.0 Safari/537.36','2026-06-30 14:16:01'),(513,1,'page.visit','navigation','Visited: notifications',NULL,NULL,NULL,'127.0.0.1','Mozilla/5.0 (Macintosh; Intel Mac OS X 10_15_7) AppleWebKit/537.36 (KHTML, like Gecko) Chrome/149.0.0.0 Safari/537.36','2026-06-30 14:17:01'),(514,1,'page.visit','navigation','Visited: notifications',NULL,NULL,NULL,'127.0.0.1','Mozilla/5.0 (Macintosh; Intel Mac OS X 10_15_7) AppleWebKit/537.36 (KHTML, like Gecko) Chrome/149.0.0.0 Safari/537.36','2026-06-30 14:17:01'),(515,1,'page.visit','navigation','Visited: notifications',NULL,NULL,NULL,'127.0.0.1','Mozilla/5.0 (Macintosh; Intel Mac OS X 10_15_7) AppleWebKit/537.36 (KHTML, like Gecko) Chrome/149.0.0.0 Safari/537.36','2026-06-30 14:18:01'),(516,1,'page.visit','navigation','Visited: notifications',NULL,NULL,NULL,'127.0.0.1','Mozilla/5.0 (Macintosh; Intel Mac OS X 10_15_7) AppleWebKit/537.36 (KHTML, like Gecko) Chrome/149.0.0.0 Safari/537.36','2026-06-30 14:18:01'),(517,1,'page.visit','navigation','Visited: notifications',NULL,NULL,NULL,'127.0.0.1','Mozilla/5.0 (Macintosh; Intel Mac OS X 10_15_7) AppleWebKit/537.36 (KHTML, like Gecko) Chrome/149.0.0.0 Safari/537.36','2026-06-30 14:19:01'),(518,1,'page.visit','navigation','Visited: notifications',NULL,NULL,NULL,'127.0.0.1','Mozilla/5.0 (Macintosh; Intel Mac OS X 10_15_7) AppleWebKit/537.36 (KHTML, like Gecko) Chrome/149.0.0.0 Safari/537.36','2026-06-30 14:19:01'),(519,1,'page.visit','navigation','Visited: notifications',NULL,NULL,NULL,'127.0.0.1','Mozilla/5.0 (Macintosh; Intel Mac OS X 10_15_7) AppleWebKit/537.36 (KHTML, like Gecko) Chrome/149.0.0.0 Safari/537.36','2026-06-30 14:20:01'),(520,1,'page.visit','navigation','Visited: notifications',NULL,NULL,NULL,'127.0.0.1','Mozilla/5.0 (Macintosh; Intel Mac OS X 10_15_7) AppleWebKit/537.36 (KHTML, like Gecko) Chrome/149.0.0.0 Safari/537.36','2026-06-30 14:20:01'),(521,1,'page.visit','navigation','Visited: notifications',NULL,NULL,NULL,'127.0.0.1','Mozilla/5.0 (Macintosh; Intel Mac OS X 10_15_7) AppleWebKit/537.36 (KHTML, like Gecko) Chrome/149.0.0.0 Safari/537.36','2026-06-30 14:21:01'),(522,1,'page.visit','navigation','Visited: notifications',NULL,NULL,NULL,'127.0.0.1','Mozilla/5.0 (Macintosh; Intel Mac OS X 10_15_7) AppleWebKit/537.36 (KHTML, like Gecko) Chrome/149.0.0.0 Safari/537.36','2026-06-30 14:21:01'),(523,1,'page.visit','navigation','Visited: notifications',NULL,NULL,NULL,'127.0.0.1','Mozilla/5.0 (Macintosh; Intel Mac OS X 10_15_7) AppleWebKit/537.36 (KHTML, like Gecko) Chrome/149.0.0.0 Safari/537.36','2026-06-30 14:22:01'),(524,1,'page.visit','navigation','Visited: notifications',NULL,NULL,NULL,'127.0.0.1','Mozilla/5.0 (Macintosh; Intel Mac OS X 10_15_7) AppleWebKit/537.36 (KHTML, like Gecko) Chrome/149.0.0.0 Safari/537.36','2026-06-30 14:22:01'),(525,1,'page.visit','navigation','Visited: notifications',NULL,NULL,NULL,'127.0.0.1','Mozilla/5.0 (Macintosh; Intel Mac OS X 10_15_7) AppleWebKit/537.36 (KHTML, like Gecko) Chrome/149.0.0.0 Safari/537.36','2026-06-30 14:23:01'),(526,1,'page.visit','navigation','Visited: notifications',NULL,NULL,NULL,'127.0.0.1','Mozilla/5.0 (Macintosh; Intel Mac OS X 10_15_7) AppleWebKit/537.36 (KHTML, like Gecko) Chrome/149.0.0.0 Safari/537.36','2026-06-30 14:23:01'),(527,1,'page.visit','navigation','Visited: notifications',NULL,NULL,NULL,'127.0.0.1','Mozilla/5.0 (Macintosh; Intel Mac OS X 10_15_7) AppleWebKit/537.36 (KHTML, like Gecko) Chrome/149.0.0.0 Safari/537.36','2026-06-30 14:24:01'),(528,1,'page.visit','navigation','Visited: notifications',NULL,NULL,NULL,'127.0.0.1','Mozilla/5.0 (Macintosh; Intel Mac OS X 10_15_7) AppleWebKit/537.36 (KHTML, like Gecko) Chrome/149.0.0.0 Safari/537.36','2026-06-30 14:24:01'),(529,1,'page.visit','navigation','Visited: notifications',NULL,NULL,NULL,'127.0.0.1','Mozilla/5.0 (Macintosh; Intel Mac OS X 10_15_7) AppleWebKit/537.36 (KHTML, like Gecko) Chrome/149.0.0.0 Safari/537.36','2026-06-30 14:25:01'),(530,1,'page.visit','navigation','Visited: notifications',NULL,NULL,NULL,'127.0.0.1','Mozilla/5.0 (Macintosh; Intel Mac OS X 10_15_7) AppleWebKit/537.36 (KHTML, like Gecko) Chrome/149.0.0.0 Safari/537.36','2026-06-30 14:25:01'),(531,1,'page.visit','navigation','Visited: notifications',NULL,NULL,NULL,'127.0.0.1','Mozilla/5.0 (Macintosh; Intel Mac OS X 10_15_7) AppleWebKit/537.36 (KHTML, like Gecko) Chrome/149.0.0.0 Safari/537.36','2026-06-30 14:26:01'),(532,1,'page.visit','navigation','Visited: notifications',NULL,NULL,NULL,'127.0.0.1','Mozilla/5.0 (Macintosh; Intel Mac OS X 10_15_7) AppleWebKit/537.36 (KHTML, like Gecko) Chrome/149.0.0.0 Safari/537.36','2026-06-30 14:26:01'),(533,1,'page.visit','navigation','Visited: notifications',NULL,NULL,NULL,'127.0.0.1','Mozilla/5.0 (Macintosh; Intel Mac OS X 10_15_7) AppleWebKit/537.36 (KHTML, like Gecko) Chrome/149.0.0.0 Safari/537.36','2026-06-30 14:27:01'),(534,1,'page.visit','navigation','Visited: notifications',NULL,NULL,NULL,'127.0.0.1','Mozilla/5.0 (Macintosh; Intel Mac OS X 10_15_7) AppleWebKit/537.36 (KHTML, like Gecko) Chrome/149.0.0.0 Safari/537.36','2026-06-30 14:27:01'),(535,1,'page.visit','navigation','Visited: notifications',NULL,NULL,NULL,'127.0.0.1','Mozilla/5.0 (Macintosh; Intel Mac OS X 10_15_7) AppleWebKit/537.36 (KHTML, like Gecko) Chrome/149.0.0.0 Safari/537.36','2026-06-30 14:28:01'),(536,1,'page.visit','navigation','Visited: notifications',NULL,NULL,NULL,'127.0.0.1','Mozilla/5.0 (Macintosh; Intel Mac OS X 10_15_7) AppleWebKit/537.36 (KHTML, like Gecko) Chrome/149.0.0.0 Safari/537.36','2026-06-30 14:28:01'),(537,1,'page.visit','navigation','Visited: notifications',NULL,NULL,NULL,'127.0.0.1','Mozilla/5.0 (Macintosh; Intel Mac OS X 10_15_7) AppleWebKit/537.36 (KHTML, like Gecko) Chrome/149.0.0.0 Safari/537.36','2026-06-30 14:29:01'),(538,1,'page.visit','navigation','Visited: notifications',NULL,NULL,NULL,'127.0.0.1','Mozilla/5.0 (Macintosh; Intel Mac OS X 10_15_7) AppleWebKit/537.36 (KHTML, like Gecko) Chrome/149.0.0.0 Safari/537.36','2026-06-30 14:29:01'),(539,1,'page.visit','navigation','Visited: notifications',NULL,NULL,NULL,'127.0.0.1','Mozilla/5.0 (Macintosh; Intel Mac OS X 10_15_7) AppleWebKit/537.36 (KHTML, like Gecko) Chrome/149.0.0.0 Safari/537.36','2026-06-30 14:30:01'),(540,1,'page.visit','navigation','Visited: notifications',NULL,NULL,NULL,'127.0.0.1','Mozilla/5.0 (Macintosh; Intel Mac OS X 10_15_7) AppleWebKit/537.36 (KHTML, like Gecko) Chrome/149.0.0.0 Safari/537.36','2026-06-30 14:30:01'),(541,1,'page.visit','navigation','Visited: notifications',NULL,NULL,NULL,'127.0.0.1','Mozilla/5.0 (Macintosh; Intel Mac OS X 10_15_7) AppleWebKit/537.36 (KHTML, like Gecko) Chrome/149.0.0.0 Safari/537.36','2026-06-30 14:31:01'),(542,1,'page.visit','navigation','Visited: notifications',NULL,NULL,NULL,'127.0.0.1','Mozilla/5.0 (Macintosh; Intel Mac OS X 10_15_7) AppleWebKit/537.36 (KHTML, like Gecko) Chrome/149.0.0.0 Safari/537.36','2026-06-30 14:31:01'),(543,1,'page.visit','navigation','Visited: notifications',NULL,NULL,NULL,'127.0.0.1','Mozilla/5.0 (Macintosh; Intel Mac OS X 10_15_7) AppleWebKit/537.36 (KHTML, like Gecko) Chrome/149.0.0.0 Safari/537.36','2026-06-30 14:32:01'),(544,1,'page.visit','navigation','Visited: notifications',NULL,NULL,NULL,'127.0.0.1','Mozilla/5.0 (Macintosh; Intel Mac OS X 10_15_7) AppleWebKit/537.36 (KHTML, like Gecko) Chrome/149.0.0.0 Safari/537.36','2026-06-30 14:32:01'),(545,1,'page.visit','navigation','Visited: notifications',NULL,NULL,NULL,'127.0.0.1','Mozilla/5.0 (Macintosh; Intel Mac OS X 10_15_7) AppleWebKit/537.36 (KHTML, like Gecko) Chrome/149.0.0.0 Safari/537.36','2026-06-30 14:33:01'),(546,1,'page.visit','navigation','Visited: notifications',NULL,NULL,NULL,'127.0.0.1','Mozilla/5.0 (Macintosh; Intel Mac OS X 10_15_7) AppleWebKit/537.36 (KHTML, like Gecko) Chrome/149.0.0.0 Safari/537.36','2026-06-30 14:33:01'),(547,1,'page.visit','navigation','Visited: notifications',NULL,NULL,NULL,'127.0.0.1','Mozilla/5.0 (Macintosh; Intel Mac OS X 10_15_7) AppleWebKit/537.36 (KHTML, like Gecko) Chrome/149.0.0.0 Safari/537.36','2026-06-30 14:34:01'),(548,1,'page.visit','navigation','Visited: notifications',NULL,NULL,NULL,'127.0.0.1','Mozilla/5.0 (Macintosh; Intel Mac OS X 10_15_7) AppleWebKit/537.36 (KHTML, like Gecko) Chrome/149.0.0.0 Safari/537.36','2026-06-30 14:34:01'),(549,1,'page.visit','navigation','Visited: notifications',NULL,NULL,NULL,'127.0.0.1','Mozilla/5.0 (Macintosh; Intel Mac OS X 10_15_7) AppleWebKit/537.36 (KHTML, like Gecko) Chrome/149.0.0.0 Safari/537.36','2026-06-30 14:35:01'),(550,1,'page.visit','navigation','Visited: notifications',NULL,NULL,NULL,'127.0.0.1','Mozilla/5.0 (Macintosh; Intel Mac OS X 10_15_7) AppleWebKit/537.36 (KHTML, like Gecko) Chrome/149.0.0.0 Safari/537.36','2026-06-30 14:35:01'),(551,1,'page.visit','navigation','Visited: notifications',NULL,NULL,NULL,'127.0.0.1','Mozilla/5.0 (Macintosh; Intel Mac OS X 10_15_7) AppleWebKit/537.36 (KHTML, like Gecko) Chrome/149.0.0.0 Safari/537.36','2026-06-30 14:36:01'),(552,1,'page.visit','navigation','Visited: notifications',NULL,NULL,NULL,'127.0.0.1','Mozilla/5.0 (Macintosh; Intel Mac OS X 10_15_7) AppleWebKit/537.36 (KHTML, like Gecko) Chrome/149.0.0.0 Safari/537.36','2026-06-30 14:36:01'),(553,1,'page.visit','navigation','Visited: notifications',NULL,NULL,NULL,'127.0.0.1','Mozilla/5.0 (Macintosh; Intel Mac OS X 10_15_7) AppleWebKit/537.36 (KHTML, like Gecko) Chrome/149.0.0.0 Safari/537.36','2026-06-30 14:37:01'),(554,1,'page.visit','navigation','Visited: notifications',NULL,NULL,NULL,'127.0.0.1','Mozilla/5.0 (Macintosh; Intel Mac OS X 10_15_7) AppleWebKit/537.36 (KHTML, like Gecko) Chrome/149.0.0.0 Safari/537.36','2026-06-30 14:37:01'),(555,1,'page.visit','navigation','Visited: notifications',NULL,NULL,NULL,'127.0.0.1','Mozilla/5.0 (Macintosh; Intel Mac OS X 10_15_7) AppleWebKit/537.36 (KHTML, like Gecko) Chrome/149.0.0.0 Safari/537.36','2026-06-30 14:38:01'),(556,1,'page.visit','navigation','Visited: notifications',NULL,NULL,NULL,'127.0.0.1','Mozilla/5.0 (Macintosh; Intel Mac OS X 10_15_7) AppleWebKit/537.36 (KHTML, like Gecko) Chrome/149.0.0.0 Safari/537.36','2026-06-30 14:38:01'),(557,1,'page.visit','navigation','Visited: notifications',NULL,NULL,NULL,'127.0.0.1','Mozilla/5.0 (Macintosh; Intel Mac OS X 10_15_7) AppleWebKit/537.36 (KHTML, like Gecko) Chrome/149.0.0.0 Safari/537.36','2026-06-30 14:39:01'),(558,1,'page.visit','navigation','Visited: notifications',NULL,NULL,NULL,'127.0.0.1','Mozilla/5.0 (Macintosh; Intel Mac OS X 10_15_7) AppleWebKit/537.36 (KHTML, like Gecko) Chrome/149.0.0.0 Safari/537.36','2026-06-30 14:39:01'),(559,1,'page.visit','navigation','Visited: notifications',NULL,NULL,NULL,'127.0.0.1','Mozilla/5.0 (Macintosh; Intel Mac OS X 10_15_7) AppleWebKit/537.36 (KHTML, like Gecko) Chrome/149.0.0.0 Safari/537.36','2026-06-30 14:40:01'),(560,1,'page.visit','navigation','Visited: notifications',NULL,NULL,NULL,'127.0.0.1','Mozilla/5.0 (Macintosh; Intel Mac OS X 10_15_7) AppleWebKit/537.36 (KHTML, like Gecko) Chrome/149.0.0.0 Safari/537.36','2026-06-30 14:40:01'),(561,1,'page.visit','navigation','Visited: notifications',NULL,NULL,NULL,'127.0.0.1','Mozilla/5.0 (Macintosh; Intel Mac OS X 10_15_7) AppleWebKit/537.36 (KHTML, like Gecko) Chrome/149.0.0.0 Safari/537.36','2026-06-30 14:41:01'),(562,1,'page.visit','navigation','Visited: notifications',NULL,NULL,NULL,'127.0.0.1','Mozilla/5.0 (Macintosh; Intel Mac OS X 10_15_7) AppleWebKit/537.36 (KHTML, like Gecko) Chrome/149.0.0.0 Safari/537.36','2026-06-30 14:41:01'),(563,1,'page.visit','navigation','Visited: notifications',NULL,NULL,NULL,'127.0.0.1','Mozilla/5.0 (Macintosh; Intel Mac OS X 10_15_7) AppleWebKit/537.36 (KHTML, like Gecko) Chrome/149.0.0.0 Safari/537.36','2026-06-30 14:42:01'),(564,1,'page.visit','navigation','Visited: notifications',NULL,NULL,NULL,'127.0.0.1','Mozilla/5.0 (Macintosh; Intel Mac OS X 10_15_7) AppleWebKit/537.36 (KHTML, like Gecko) Chrome/149.0.0.0 Safari/537.36','2026-06-30 14:42:01'),(565,1,'page.visit','navigation','Visited: notifications',NULL,NULL,NULL,'127.0.0.1','Mozilla/5.0 (Macintosh; Intel Mac OS X 10_15_7) AppleWebKit/537.36 (KHTML, like Gecko) Chrome/149.0.0.0 Safari/537.36','2026-06-30 14:43:01'),(566,1,'page.visit','navigation','Visited: notifications',NULL,NULL,NULL,'127.0.0.1','Mozilla/5.0 (Macintosh; Intel Mac OS X 10_15_7) AppleWebKit/537.36 (KHTML, like Gecko) Chrome/149.0.0.0 Safari/537.36','2026-06-30 14:43:01'),(567,1,'page.visit','navigation','Visited: notifications',NULL,NULL,NULL,'127.0.0.1','Mozilla/5.0 (Macintosh; Intel Mac OS X 10_15_7) AppleWebKit/537.36 (KHTML, like Gecko) Chrome/149.0.0.0 Safari/537.36','2026-06-30 14:44:01'),(568,1,'page.visit','navigation','Visited: notifications',NULL,NULL,NULL,'127.0.0.1','Mozilla/5.0 (Macintosh; Intel Mac OS X 10_15_7) AppleWebKit/537.36 (KHTML, like Gecko) Chrome/149.0.0.0 Safari/537.36','2026-06-30 14:44:01'),(569,1,'page.visit','navigation','Visited: notifications',NULL,NULL,NULL,'127.0.0.1','Mozilla/5.0 (Macintosh; Intel Mac OS X 10_15_7) AppleWebKit/537.36 (KHTML, like Gecko) Chrome/149.0.0.0 Safari/537.36','2026-06-30 14:45:01'),(570,1,'page.visit','navigation','Visited: notifications',NULL,NULL,NULL,'127.0.0.1','Mozilla/5.0 (Macintosh; Intel Mac OS X 10_15_7) AppleWebKit/537.36 (KHTML, like Gecko) Chrome/149.0.0.0 Safari/537.36','2026-06-30 14:45:01'),(571,1,'page.visit','navigation','Visited: notifications',NULL,NULL,NULL,'127.0.0.1','Mozilla/5.0 (Macintosh; Intel Mac OS X 10_15_7) AppleWebKit/537.36 (KHTML, like Gecko) Chrome/149.0.0.0 Safari/537.36','2026-06-30 14:46:01'),(572,1,'page.visit','navigation','Visited: notifications',NULL,NULL,NULL,'127.0.0.1','Mozilla/5.0 (Macintosh; Intel Mac OS X 10_15_7) AppleWebKit/537.36 (KHTML, like Gecko) Chrome/149.0.0.0 Safari/537.36','2026-06-30 14:46:01'),(573,1,'page.visit','navigation','Visited: notifications',NULL,NULL,NULL,'127.0.0.1','Mozilla/5.0 (Macintosh; Intel Mac OS X 10_15_7) AppleWebKit/537.36 (KHTML, like Gecko) Chrome/149.0.0.0 Safari/537.36','2026-06-30 14:47:01'),(574,1,'page.visit','navigation','Visited: notifications',NULL,NULL,NULL,'127.0.0.1','Mozilla/5.0 (Macintosh; Intel Mac OS X 10_15_7) AppleWebKit/537.36 (KHTML, like Gecko) Chrome/149.0.0.0 Safari/537.36','2026-06-30 14:47:01'),(575,1,'page.visit','navigation','Visited: notifications',NULL,NULL,NULL,'127.0.0.1','Mozilla/5.0 (Macintosh; Intel Mac OS X 10_15_7) AppleWebKit/537.36 (KHTML, like Gecko) Chrome/149.0.0.0 Safari/537.36','2026-06-30 14:48:01'),(576,1,'page.visit','navigation','Visited: notifications',NULL,NULL,NULL,'127.0.0.1','Mozilla/5.0 (Macintosh; Intel Mac OS X 10_15_7) AppleWebKit/537.36 (KHTML, like Gecko) Chrome/149.0.0.0 Safari/537.36','2026-06-30 14:48:01'),(577,1,'page.visit','navigation','Visited: notifications',NULL,NULL,NULL,'127.0.0.1','Mozilla/5.0 (Macintosh; Intel Mac OS X 10_15_7) AppleWebKit/537.36 (KHTML, like Gecko) Chrome/149.0.0.0 Safari/537.36','2026-06-30 14:49:01'),(578,1,'page.visit','navigation','Visited: notifications',NULL,NULL,NULL,'127.0.0.1','Mozilla/5.0 (Macintosh; Intel Mac OS X 10_15_7) AppleWebKit/537.36 (KHTML, like Gecko) Chrome/149.0.0.0 Safari/537.36','2026-06-30 14:49:01'),(579,1,'page.visit','navigation','Visited: notifications',NULL,NULL,NULL,'127.0.0.1','Mozilla/5.0 (Macintosh; Intel Mac OS X 10_15_7) AppleWebKit/537.36 (KHTML, like Gecko) Chrome/149.0.0.0 Safari/537.36','2026-06-30 14:50:01'),(580,1,'page.visit','navigation','Visited: notifications',NULL,NULL,NULL,'127.0.0.1','Mozilla/5.0 (Macintosh; Intel Mac OS X 10_15_7) AppleWebKit/537.36 (KHTML, like Gecko) Chrome/149.0.0.0 Safari/537.36','2026-06-30 14:50:01'),(581,1,'page.visit','navigation','Visited: notifications',NULL,NULL,NULL,'127.0.0.1','Mozilla/5.0 (Macintosh; Intel Mac OS X 10_15_7) AppleWebKit/537.36 (KHTML, like Gecko) Chrome/149.0.0.0 Safari/537.36','2026-06-30 14:51:01'),(582,1,'page.visit','navigation','Visited: notifications',NULL,NULL,NULL,'127.0.0.1','Mozilla/5.0 (Macintosh; Intel Mac OS X 10_15_7) AppleWebKit/537.36 (KHTML, like Gecko) Chrome/149.0.0.0 Safari/537.36','2026-06-30 14:51:01'),(583,1,'page.visit','navigation','Visited: notifications',NULL,NULL,NULL,'127.0.0.1','Mozilla/5.0 (Macintosh; Intel Mac OS X 10_15_7) AppleWebKit/537.36 (KHTML, like Gecko) Chrome/149.0.0.0 Safari/537.36','2026-06-30 14:52:01'),(584,1,'page.visit','navigation','Visited: notifications',NULL,NULL,NULL,'127.0.0.1','Mozilla/5.0 (Macintosh; Intel Mac OS X 10_15_7) AppleWebKit/537.36 (KHTML, like Gecko) Chrome/149.0.0.0 Safari/537.36','2026-06-30 14:52:01'),(585,1,'page.visit','navigation','Visited: notifications',NULL,NULL,NULL,'127.0.0.1','Mozilla/5.0 (Macintosh; Intel Mac OS X 10_15_7) AppleWebKit/537.36 (KHTML, like Gecko) Chrome/149.0.0.0 Safari/537.36','2026-06-30 14:53:01'),(586,1,'page.visit','navigation','Visited: notifications',NULL,NULL,NULL,'127.0.0.1','Mozilla/5.0 (Macintosh; Intel Mac OS X 10_15_7) AppleWebKit/537.36 (KHTML, like Gecko) Chrome/149.0.0.0 Safari/537.36','2026-06-30 14:53:01'),(587,1,'page.visit','navigation','Visited: notifications',NULL,NULL,NULL,'127.0.0.1','Mozilla/5.0 (Macintosh; Intel Mac OS X 10_15_7) AppleWebKit/537.36 (KHTML, like Gecko) Chrome/149.0.0.0 Safari/537.36','2026-06-30 14:54:01'),(588,1,'page.visit','navigation','Visited: notifications',NULL,NULL,NULL,'127.0.0.1','Mozilla/5.0 (Macintosh; Intel Mac OS X 10_15_7) AppleWebKit/537.36 (KHTML, like Gecko) Chrome/149.0.0.0 Safari/537.36','2026-06-30 14:54:01'),(589,1,'page.visit','navigation','Visited: notifications',NULL,NULL,NULL,'127.0.0.1','Mozilla/5.0 (Macintosh; Intel Mac OS X 10_15_7) AppleWebKit/537.36 (KHTML, like Gecko) Chrome/149.0.0.0 Safari/537.36','2026-06-30 14:55:01'),(590,1,'page.visit','navigation','Visited: notifications',NULL,NULL,NULL,'127.0.0.1','Mozilla/5.0 (Macintosh; Intel Mac OS X 10_15_7) AppleWebKit/537.36 (KHTML, like Gecko) Chrome/149.0.0.0 Safari/537.36','2026-06-30 14:55:01'),(591,1,'page.visit','navigation','Visited: notifications',NULL,NULL,NULL,'127.0.0.1','Mozilla/5.0 (Macintosh; Intel Mac OS X 10_15_7) AppleWebKit/537.36 (KHTML, like Gecko) Chrome/149.0.0.0 Safari/537.36','2026-06-30 14:56:01'),(592,1,'page.visit','navigation','Visited: notifications',NULL,NULL,NULL,'127.0.0.1','Mozilla/5.0 (Macintosh; Intel Mac OS X 10_15_7) AppleWebKit/537.36 (KHTML, like Gecko) Chrome/149.0.0.0 Safari/537.36','2026-06-30 14:56:01'),(593,1,'page.visit','navigation','Visited: notifications',NULL,NULL,NULL,'127.0.0.1','Mozilla/5.0 (Macintosh; Intel Mac OS X 10_15_7) AppleWebKit/537.36 (KHTML, like Gecko) Chrome/149.0.0.0 Safari/537.36','2026-06-30 14:57:01'),(594,1,'page.visit','navigation','Visited: notifications',NULL,NULL,NULL,'127.0.0.1','Mozilla/5.0 (Macintosh; Intel Mac OS X 10_15_7) AppleWebKit/537.36 (KHTML, like Gecko) Chrome/149.0.0.0 Safari/537.36','2026-06-30 14:57:01'),(595,1,'page.visit','navigation','Visited: notifications',NULL,NULL,NULL,'127.0.0.1','Mozilla/5.0 (Macintosh; Intel Mac OS X 10_15_7) AppleWebKit/537.36 (KHTML, like Gecko) Chrome/149.0.0.0 Safari/537.36','2026-06-30 14:58:01'),(596,1,'page.visit','navigation','Visited: notifications',NULL,NULL,NULL,'127.0.0.1','Mozilla/5.0 (Macintosh; Intel Mac OS X 10_15_7) AppleWebKit/537.36 (KHTML, like Gecko) Chrome/149.0.0.0 Safari/537.36','2026-06-30 14:58:01'),(597,1,'page.visit','navigation','Visited: notifications',NULL,NULL,NULL,'127.0.0.1','Mozilla/5.0 (Macintosh; Intel Mac OS X 10_15_7) AppleWebKit/537.36 (KHTML, like Gecko) Chrome/149.0.0.0 Safari/537.36','2026-06-30 14:59:01'),(598,1,'page.visit','navigation','Visited: notifications',NULL,NULL,NULL,'127.0.0.1','Mozilla/5.0 (Macintosh; Intel Mac OS X 10_15_7) AppleWebKit/537.36 (KHTML, like Gecko) Chrome/149.0.0.0 Safari/537.36','2026-06-30 14:59:01'),(599,1,'page.visit','navigation','Visited: notifications',NULL,NULL,NULL,'127.0.0.1','Mozilla/5.0 (Macintosh; Intel Mac OS X 10_15_7) AppleWebKit/537.36 (KHTML, like Gecko) Chrome/149.0.0.0 Safari/537.36','2026-06-30 15:00:01'),(600,1,'page.visit','navigation','Visited: notifications',NULL,NULL,NULL,'127.0.0.1','Mozilla/5.0 (Macintosh; Intel Mac OS X 10_15_7) AppleWebKit/537.36 (KHTML, like Gecko) Chrome/149.0.0.0 Safari/537.36','2026-06-30 15:00:01'),(601,1,'page.visit','navigation','Visited: notifications',NULL,NULL,NULL,'127.0.0.1','Mozilla/5.0 (Macintosh; Intel Mac OS X 10_15_7) AppleWebKit/537.36 (KHTML, like Gecko) Chrome/149.0.0.0 Safari/537.36','2026-06-30 15:01:01'),(602,1,'page.visit','navigation','Visited: notifications',NULL,NULL,NULL,'127.0.0.1','Mozilla/5.0 (Macintosh; Intel Mac OS X 10_15_7) AppleWebKit/537.36 (KHTML, like Gecko) Chrome/149.0.0.0 Safari/537.36','2026-06-30 15:01:01'),(603,1,'page.visit','navigation','Visited: notifications',NULL,NULL,NULL,'127.0.0.1','Mozilla/5.0 (Macintosh; Intel Mac OS X 10_15_7) AppleWebKit/537.36 (KHTML, like Gecko) Chrome/149.0.0.0 Safari/537.36','2026-06-30 15:02:01'),(604,1,'page.visit','navigation','Visited: notifications',NULL,NULL,NULL,'127.0.0.1','Mozilla/5.0 (Macintosh; Intel Mac OS X 10_15_7) AppleWebKit/537.36 (KHTML, like Gecko) Chrome/149.0.0.0 Safari/537.36','2026-06-30 15:02:01'),(605,1,'page.visit','navigation','Visited: notifications',NULL,NULL,NULL,'127.0.0.1','Mozilla/5.0 (Macintosh; Intel Mac OS X 10_15_7) AppleWebKit/537.36 (KHTML, like Gecko) Chrome/149.0.0.0 Safari/537.36','2026-06-30 15:03:01'),(606,1,'page.visit','navigation','Visited: notifications',NULL,NULL,NULL,'127.0.0.1','Mozilla/5.0 (Macintosh; Intel Mac OS X 10_15_7) AppleWebKit/537.36 (KHTML, like Gecko) Chrome/149.0.0.0 Safari/537.36','2026-06-30 15:03:01'),(607,1,'page.visit','navigation','Visited: notifications',NULL,NULL,NULL,'127.0.0.1','Mozilla/5.0 (Macintosh; Intel Mac OS X 10_15_7) AppleWebKit/537.36 (KHTML, like Gecko) Chrome/149.0.0.0 Safari/537.36','2026-06-30 15:04:01'),(608,1,'page.visit','navigation','Visited: notifications',NULL,NULL,NULL,'127.0.0.1','Mozilla/5.0 (Macintosh; Intel Mac OS X 10_15_7) AppleWebKit/537.36 (KHTML, like Gecko) Chrome/149.0.0.0 Safari/537.36','2026-06-30 15:04:01'),(609,1,'page.visit','navigation','Visited: notifications',NULL,NULL,NULL,'127.0.0.1','Mozilla/5.0 (Macintosh; Intel Mac OS X 10_15_7) AppleWebKit/537.36 (KHTML, like Gecko) Chrome/149.0.0.0 Safari/537.36','2026-06-30 15:05:01'),(610,1,'page.visit','navigation','Visited: notifications',NULL,NULL,NULL,'127.0.0.1','Mozilla/5.0 (Macintosh; Intel Mac OS X 10_15_7) AppleWebKit/537.36 (KHTML, like Gecko) Chrome/149.0.0.0 Safari/537.36','2026-06-30 15:05:01'),(611,1,'page.visit','navigation','Visited: notifications',NULL,NULL,NULL,'127.0.0.1','Mozilla/5.0 (Macintosh; Intel Mac OS X 10_15_7) AppleWebKit/537.36 (KHTML, like Gecko) Chrome/149.0.0.0 Safari/537.36','2026-06-30 15:06:01'),(612,1,'page.visit','navigation','Visited: notifications',NULL,NULL,NULL,'127.0.0.1','Mozilla/5.0 (Macintosh; Intel Mac OS X 10_15_7) AppleWebKit/537.36 (KHTML, like Gecko) Chrome/149.0.0.0 Safari/537.36','2026-06-30 15:06:01'),(613,1,'page.visit','navigation','Visited: notifications',NULL,NULL,NULL,'127.0.0.1','Mozilla/5.0 (Macintosh; Intel Mac OS X 10_15_7) AppleWebKit/537.36 (KHTML, like Gecko) Chrome/149.0.0.0 Safari/537.36','2026-06-30 15:07:01'),(614,1,'page.visit','navigation','Visited: notifications',NULL,NULL,NULL,'127.0.0.1','Mozilla/5.0 (Macintosh; Intel Mac OS X 10_15_7) AppleWebKit/537.36 (KHTML, like Gecko) Chrome/149.0.0.0 Safari/537.36','2026-06-30 15:07:01'),(615,1,'page.visit','navigation','Visited: notifications',NULL,NULL,NULL,'127.0.0.1','Mozilla/5.0 (Macintosh; Intel Mac OS X 10_15_7) AppleWebKit/537.36 (KHTML, like Gecko) Chrome/149.0.0.0 Safari/537.36','2026-06-30 15:08:01'),(616,1,'page.visit','navigation','Visited: notifications',NULL,NULL,NULL,'127.0.0.1','Mozilla/5.0 (Macintosh; Intel Mac OS X 10_15_7) AppleWebKit/537.36 (KHTML, like Gecko) Chrome/149.0.0.0 Safari/537.36','2026-06-30 15:08:01'),(617,1,'page.visit','navigation','Visited: notifications',NULL,NULL,NULL,'127.0.0.1','Mozilla/5.0 (Macintosh; Intel Mac OS X 10_15_7) AppleWebKit/537.36 (KHTML, like Gecko) Chrome/149.0.0.0 Safari/537.36','2026-06-30 15:09:01'),(618,1,'page.visit','navigation','Visited: notifications',NULL,NULL,NULL,'127.0.0.1','Mozilla/5.0 (Macintosh; Intel Mac OS X 10_15_7) AppleWebKit/537.36 (KHTML, like Gecko) Chrome/149.0.0.0 Safari/537.36','2026-06-30 15:09:01'),(619,1,'page.visit','navigation','Visited: notifications',NULL,NULL,NULL,'127.0.0.1','Mozilla/5.0 (Macintosh; Intel Mac OS X 10_15_7) AppleWebKit/537.36 (KHTML, like Gecko) Chrome/149.0.0.0 Safari/537.36','2026-06-30 15:10:01'),(620,1,'page.visit','navigation','Visited: notifications',NULL,NULL,NULL,'127.0.0.1','Mozilla/5.0 (Macintosh; Intel Mac OS X 10_15_7) AppleWebKit/537.36 (KHTML, like Gecko) Chrome/149.0.0.0 Safari/537.36','2026-06-30 15:10:01'),(621,1,'page.visit','navigation','Visited: notifications',NULL,NULL,NULL,'127.0.0.1','Mozilla/5.0 (Macintosh; Intel Mac OS X 10_15_7) AppleWebKit/537.36 (KHTML, like Gecko) Chrome/149.0.0.0 Safari/537.36','2026-06-30 15:11:01'),(622,1,'page.visit','navigation','Visited: notifications',NULL,NULL,NULL,'127.0.0.1','Mozilla/5.0 (Macintosh; Intel Mac OS X 10_15_7) AppleWebKit/537.36 (KHTML, like Gecko) Chrome/149.0.0.0 Safari/537.36','2026-06-30 15:11:01'),(623,1,'page.visit','navigation','Visited: notifications',NULL,NULL,NULL,'127.0.0.1','Mozilla/5.0 (Macintosh; Intel Mac OS X 10_15_7) AppleWebKit/537.36 (KHTML, like Gecko) Chrome/149.0.0.0 Safari/537.36','2026-06-30 15:11:36'),(624,1,'page.visit','navigation','Visited: notifications',NULL,NULL,NULL,'127.0.0.1','Mozilla/5.0 (Macintosh; Intel Mac OS X 10_15_7) AppleWebKit/537.36 (KHTML, like Gecko) Chrome/149.0.0.0 Safari/537.36','2026-06-30 15:11:39'),(625,1,'page.visit','navigation','Visited: notifications',NULL,NULL,NULL,'127.0.0.1','Mozilla/5.0 (Macintosh; Intel Mac OS X 10_15_7) AppleWebKit/537.36 (KHTML, like Gecko) Chrome/149.0.0.0 Safari/537.36','2026-06-30 15:11:41'),(626,1,'page.visit','navigation','Visited: notifications',NULL,NULL,NULL,'127.0.0.1','Mozilla/5.0 (Macintosh; Intel Mac OS X 10_15_7) AppleWebKit/537.36 (KHTML, like Gecko) Chrome/149.0.0.0 Safari/537.36','2026-06-30 15:11:42'),(627,1,'page.visit','navigation','Visited: crm/logistics/shipments',NULL,NULL,NULL,'127.0.0.1','Mozilla/5.0 (Macintosh; Intel Mac OS X 10_15_7) AppleWebKit/537.36 (KHTML, like Gecko) Chrome/149.0.0.0 Safari/537.36','2026-06-30 15:11:43'),(628,1,'page.visit','navigation','Visited: notifications',NULL,NULL,NULL,'127.0.0.1','Mozilla/5.0 (Macintosh; Intel Mac OS X 10_15_7) AppleWebKit/537.36 (KHTML, like Gecko) Chrome/149.0.0.0 Safari/537.36','2026-06-30 15:11:43'),(629,1,'page.visit','navigation','Visited: crm/ebay/stores',NULL,NULL,NULL,'127.0.0.1','Mozilla/5.0 (Macintosh; Intel Mac OS X 10_15_7) AppleWebKit/537.36 (KHTML, like Gecko) Chrome/149.0.0.0 Safari/537.36','2026-06-30 15:11:44'),(630,1,'page.visit','navigation','Visited: notifications',NULL,NULL,NULL,'127.0.0.1','Mozilla/5.0 (Macintosh; Intel Mac OS X 10_15_7) AppleWebKit/537.36 (KHTML, like Gecko) Chrome/149.0.0.0 Safari/537.36','2026-06-30 15:11:44'),(631,1,'page.visit','navigation','Visited: crm/website',NULL,NULL,NULL,'127.0.0.1','Mozilla/5.0 (Macintosh; Intel Mac OS X 10_15_7) AppleWebKit/537.36 (KHTML, like Gecko) Chrome/149.0.0.0 Safari/537.36','2026-06-30 15:11:45'),(632,1,'page.visit','navigation','Visited: notifications',NULL,NULL,NULL,'127.0.0.1','Mozilla/5.0 (Macintosh; Intel Mac OS X 10_15_7) AppleWebKit/537.36 (KHTML, like Gecko) Chrome/149.0.0.0 Safari/537.36','2026-06-30 15:11:45'),(633,1,'page.visit','navigation','Visited: crm/customers',NULL,NULL,NULL,'127.0.0.1','Mozilla/5.0 (Macintosh; Intel Mac OS X 10_15_7) AppleWebKit/537.36 (KHTML, like Gecko) Chrome/149.0.0.0 Safari/537.36','2026-06-30 15:11:46'),(634,1,'page.visit','navigation','Visited: notifications',NULL,NULL,NULL,'127.0.0.1','Mozilla/5.0 (Macintosh; Intel Mac OS X 10_15_7) AppleWebKit/537.36 (KHTML, like Gecko) Chrome/149.0.0.0 Safari/537.36','2026-06-30 15:11:46'),(635,1,'page.visit','navigation','Visited: crm/logistics/shipments',NULL,NULL,NULL,'127.0.0.1','Mozilla/5.0 (Macintosh; Intel Mac OS X 10_15_7) AppleWebKit/537.36 (KHTML, like Gecko) Chrome/149.0.0.0 Safari/537.36','2026-06-30 15:11:46'),(636,1,'page.visit','navigation','Visited: notifications',NULL,NULL,NULL,'127.0.0.1','Mozilla/5.0 (Macintosh; Intel Mac OS X 10_15_7) AppleWebKit/537.36 (KHTML, like Gecko) Chrome/149.0.0.0 Safari/537.36','2026-06-30 15:11:46'),(637,1,'page.visit','navigation','Visited: crm/ebay/stores',NULL,NULL,NULL,'127.0.0.1','Mozilla/5.0 (Macintosh; Intel Mac OS X 10_15_7) AppleWebKit/537.36 (KHTML, like Gecko) Chrome/149.0.0.0 Safari/537.36','2026-06-30 15:11:47'),(638,1,'page.visit','navigation','Visited: notifications',NULL,NULL,NULL,'127.0.0.1','Mozilla/5.0 (Macintosh; Intel Mac OS X 10_15_7) AppleWebKit/537.36 (KHTML, like Gecko) Chrome/149.0.0.0 Safari/537.36','2026-06-30 15:11:47'),(639,1,'page.visit','navigation','Visited: crm/website',NULL,NULL,NULL,'127.0.0.1','Mozilla/5.0 (Macintosh; Intel Mac OS X 10_15_7) AppleWebKit/537.36 (KHTML, like Gecko) Chrome/149.0.0.0 Safari/537.36','2026-06-30 15:11:48'),(640,1,'page.visit','navigation','Visited: notifications',NULL,NULL,NULL,'127.0.0.1','Mozilla/5.0 (Macintosh; Intel Mac OS X 10_15_7) AppleWebKit/537.36 (KHTML, like Gecko) Chrome/149.0.0.0 Safari/537.36','2026-06-30 15:11:48'),(641,1,'page.visit','navigation','Visited: notifications',NULL,NULL,NULL,'127.0.0.1','Mozilla/5.0 (Macintosh; Intel Mac OS X 10_15_7) AppleWebKit/537.36 (KHTML, like Gecko) Chrome/149.0.0.0 Safari/537.36','2026-06-30 15:11:54'),(642,1,'page.visit','navigation','Visited: notifications',NULL,NULL,NULL,'127.0.0.1','Mozilla/5.0 (Macintosh; Intel Mac OS X 10_15_7) AppleWebKit/537.36 (KHTML, like Gecko) Chrome/149.0.0.0 Safari/537.36','2026-06-30 15:12:01'),(643,1,'page.visit','navigation','Visited: notifications',NULL,NULL,NULL,'127.0.0.1','Mozilla/5.0 (Macintosh; Intel Mac OS X 10_15_7) AppleWebKit/537.36 (KHTML, like Gecko) Chrome/149.0.0.0 Safari/537.36','2026-06-30 15:12:06'),(644,1,'page.visit','navigation','Visited: notifications',NULL,NULL,NULL,'127.0.0.1','Mozilla/5.0 (Macintosh; Intel Mac OS X 10_15_7) AppleWebKit/537.36 (KHTML, like Gecko) Chrome/149.0.0.0 Safari/537.36','2026-06-30 15:12:13'),(645,1,'page.visit','navigation','Visited: notifications',NULL,NULL,NULL,'127.0.0.1','Mozilla/5.0 (Macintosh; Intel Mac OS X 10_15_7) AppleWebKit/537.36 (KHTML, like Gecko) Chrome/149.0.0.0 Safari/537.36','2026-06-30 15:12:18'),(646,1,'page.visit','navigation','Visited: notifications',NULL,NULL,NULL,'127.0.0.1','Mozilla/5.0 (Macintosh; Intel Mac OS X 10_15_7) AppleWebKit/537.36 (KHTML, like Gecko) Chrome/149.0.0.0 Safari/537.36','2026-06-30 15:12:25'),(647,1,'page.visit','navigation','Visited: notifications',NULL,NULL,NULL,'127.0.0.1','Mozilla/5.0 (Macintosh; Intel Mac OS X 10_15_7) AppleWebKit/537.36 (KHTML, like Gecko) Chrome/149.0.0.0 Safari/537.36','2026-06-30 15:12:30'),(648,1,'page.visit','navigation','Visited: notifications',NULL,NULL,NULL,'127.0.0.1','Mozilla/5.0 (Macintosh; Intel Mac OS X 10_15_7) AppleWebKit/537.36 (KHTML, like Gecko) Chrome/149.0.0.0 Safari/537.36','2026-06-30 15:12:37'),(649,1,'page.visit','navigation','Visited: notifications',NULL,NULL,NULL,'127.0.0.1','Mozilla/5.0 (Macintosh; Intel Mac OS X 10_15_7) AppleWebKit/537.36 (KHTML, like Gecko) Chrome/149.0.0.0 Safari/537.36','2026-06-30 15:12:42'),(650,1,'page.visit','navigation','Visited: notifications',NULL,NULL,NULL,'127.0.0.1','Mozilla/5.0 (Macintosh; Intel Mac OS X 10_15_7) AppleWebKit/537.36 (KHTML, like Gecko) Chrome/149.0.0.0 Safari/537.36','2026-06-30 15:12:49'),(651,1,'page.visit','navigation','Visited: notifications',NULL,NULL,NULL,'127.0.0.1','Mozilla/5.0 (Macintosh; Intel Mac OS X 10_15_7) AppleWebKit/537.36 (KHTML, like Gecko) Chrome/149.0.0.0 Safari/537.36','2026-06-30 15:12:54'),(652,1,'page.visit','navigation','Visited: notifications',NULL,NULL,NULL,'127.0.0.1','Mozilla/5.0 (Macintosh; Intel Mac OS X 10_15_7) AppleWebKit/537.36 (KHTML, like Gecko) Chrome/149.0.0.0 Safari/537.36','2026-06-30 15:13:01'),(653,1,'page.visit','navigation','Visited: notifications',NULL,NULL,NULL,'127.0.0.1','Mozilla/5.0 (Macintosh; Intel Mac OS X 10_15_7) AppleWebKit/537.36 (KHTML, like Gecko) Chrome/149.0.0.0 Safari/537.36','2026-06-30 15:13:06'),(654,1,'page.visit','navigation','Visited: notifications',NULL,NULL,NULL,'127.0.0.1','Mozilla/5.0 (Macintosh; Intel Mac OS X 10_15_7) AppleWebKit/537.36 (KHTML, like Gecko) Chrome/149.0.0.0 Safari/537.36','2026-06-30 15:13:18'),(655,1,'page.visit','navigation','Visited: notifications',NULL,NULL,NULL,'127.0.0.1','Mozilla/5.0 (Macintosh; Intel Mac OS X 10_15_7) AppleWebKit/537.36 (KHTML, like Gecko) Chrome/149.0.0.0 Safari/537.36','2026-06-30 15:13:30'),(656,1,'page.visit','navigation','Visited: notifications',NULL,NULL,NULL,'127.0.0.1','Mozilla/5.0 (Macintosh; Intel Mac OS X 10_15_7) AppleWebKit/537.36 (KHTML, like Gecko) Chrome/149.0.0.0 Safari/537.36','2026-06-30 15:13:42'),(657,1,'page.visit','navigation','Visited: notifications',NULL,NULL,NULL,'127.0.0.1','Mozilla/5.0 (Macintosh; Intel Mac OS X 10_15_7) AppleWebKit/537.36 (KHTML, like Gecko) Chrome/149.0.0.0 Safari/537.36','2026-06-30 15:13:54'),(658,1,'page.visit','navigation','Visited: notifications',NULL,NULL,NULL,'127.0.0.1','Mozilla/5.0 (Macintosh; Intel Mac OS X 10_15_7) AppleWebKit/537.36 (KHTML, like Gecko) Chrome/149.0.0.0 Safari/537.36','2026-06-30 15:14:01'),(659,1,'page.visit','navigation','Visited: notifications',NULL,NULL,NULL,'127.0.0.1','Mozilla/5.0 (Macintosh; Intel Mac OS X 10_15_7) AppleWebKit/537.36 (KHTML, like Gecko) Chrome/149.0.0.0 Safari/537.36','2026-06-30 15:14:06'),(660,1,'page.visit','navigation','Visited: notifications',NULL,NULL,NULL,'127.0.0.1','Mozilla/5.0 (Macintosh; Intel Mac OS X 10_15_7) AppleWebKit/537.36 (KHTML, like Gecko) Chrome/149.0.0.0 Safari/537.36','2026-06-30 15:14:18'),(661,1,'page.visit','navigation','Visited: notifications',NULL,NULL,NULL,'127.0.0.1','Mozilla/5.0 (Macintosh; Intel Mac OS X 10_15_7) AppleWebKit/537.36 (KHTML, like Gecko) Chrome/149.0.0.0 Safari/537.36','2026-06-30 15:14:30'),(662,1,'page.visit','navigation','Visited: notifications',NULL,NULL,NULL,'127.0.0.1','Mozilla/5.0 (Macintosh; Intel Mac OS X 10_15_7) AppleWebKit/537.36 (KHTML, like Gecko) Chrome/149.0.0.0 Safari/537.36','2026-06-30 15:14:42'),(663,1,'page.visit','navigation','Visited: notifications',NULL,NULL,NULL,'127.0.0.1','Mozilla/5.0 (Macintosh; Intel Mac OS X 10_15_7) AppleWebKit/537.36 (KHTML, like Gecko) Chrome/149.0.0.0 Safari/537.36','2026-06-30 15:14:54'),(664,1,'page.visit','navigation','Visited: notifications',NULL,NULL,NULL,'127.0.0.1','Mozilla/5.0 (Macintosh; Intel Mac OS X 10_15_7) AppleWebKit/537.36 (KHTML, like Gecko) Chrome/149.0.0.0 Safari/537.36','2026-06-30 15:15:01'),(665,1,'page.visit','navigation','Visited: notifications',NULL,NULL,NULL,'127.0.0.1','Mozilla/5.0 (Macintosh; Intel Mac OS X 10_15_7) AppleWebKit/537.36 (KHTML, like Gecko) Chrome/149.0.0.0 Safari/537.36','2026-06-30 15:15:06'),(666,1,'page.visit','navigation','Visited: notifications',NULL,NULL,NULL,'127.0.0.1','Mozilla/5.0 (Macintosh; Intel Mac OS X 10_15_7) AppleWebKit/537.36 (KHTML, like Gecko) Chrome/149.0.0.0 Safari/537.36','2026-06-30 15:15:18'),(667,1,'page.visit','navigation','Visited: notifications',NULL,NULL,NULL,'127.0.0.1','Mozilla/5.0 (Macintosh; Intel Mac OS X 10_15_7) AppleWebKit/537.36 (KHTML, like Gecko) Chrome/149.0.0.0 Safari/537.36','2026-06-30 15:15:30'),(668,1,'page.visit','navigation','Visited: notifications',NULL,NULL,NULL,'127.0.0.1','Mozilla/5.0 (Macintosh; Intel Mac OS X 10_15_7) AppleWebKit/537.36 (KHTML, like Gecko) Chrome/149.0.0.0 Safari/537.36','2026-06-30 15:15:42'),(669,1,'page.visit','navigation','Visited: notifications',NULL,NULL,NULL,'127.0.0.1','Mozilla/5.0 (Macintosh; Intel Mac OS X 10_15_7) AppleWebKit/537.36 (KHTML, like Gecko) Chrome/149.0.0.0 Safari/537.36','2026-06-30 15:15:54'),(670,1,'page.visit','navigation','Visited: notifications',NULL,NULL,NULL,'127.0.0.1','Mozilla/5.0 (Macintosh; Intel Mac OS X 10_15_7) AppleWebKit/537.36 (KHTML, like Gecko) Chrome/149.0.0.0 Safari/537.36','2026-06-30 15:16:01'),(671,1,'page.visit','navigation','Visited: notifications',NULL,NULL,NULL,'127.0.0.1','Mozilla/5.0 (Macintosh; Intel Mac OS X 10_15_7) AppleWebKit/537.36 (KHTML, like Gecko) Chrome/149.0.0.0 Safari/537.36','2026-06-30 15:16:06'),(672,1,'page.visit','navigation','Visited: notifications',NULL,NULL,NULL,'127.0.0.1','Mozilla/5.0 (Macintosh; Intel Mac OS X 10_15_7) AppleWebKit/537.36 (KHTML, like Gecko) Chrome/149.0.0.0 Safari/537.36','2026-06-30 15:16:18'),(673,1,'page.visit','navigation','Visited: notifications',NULL,NULL,NULL,'127.0.0.1','Mozilla/5.0 (Macintosh; Intel Mac OS X 10_15_7) AppleWebKit/537.36 (KHTML, like Gecko) Chrome/149.0.0.0 Safari/537.36','2026-06-30 15:16:30'),(674,1,'page.visit','navigation','Visited: notifications',NULL,NULL,NULL,'127.0.0.1','Mozilla/5.0 (Macintosh; Intel Mac OS X 10_15_7) AppleWebKit/537.36 (KHTML, like Gecko) Chrome/149.0.0.0 Safari/537.36','2026-06-30 15:17:01'),(675,1,'page.visit','navigation','Visited: notifications',NULL,NULL,NULL,'127.0.0.1','Mozilla/5.0 (Macintosh; Intel Mac OS X 10_15_7) AppleWebKit/537.36 (KHTML, like Gecko) Chrome/149.0.0.0 Safari/537.36','2026-06-30 15:17:01'),(676,1,'page.visit','navigation','Visited: notifications',NULL,NULL,NULL,'127.0.0.1','Mozilla/5.0 (Macintosh; Intel Mac OS X 10_15_7) AppleWebKit/537.36 (KHTML, like Gecko) Chrome/149.0.0.0 Safari/537.36','2026-06-30 15:18:01'),(677,1,'page.visit','navigation','Visited: notifications',NULL,NULL,NULL,'127.0.0.1','Mozilla/5.0 (Macintosh; Intel Mac OS X 10_15_7) AppleWebKit/537.36 (KHTML, like Gecko) Chrome/149.0.0.0 Safari/537.36','2026-06-30 15:18:01'),(678,1,'page.visit','navigation','Visited: notifications',NULL,NULL,NULL,'127.0.0.1','Mozilla/5.0 (Macintosh; Intel Mac OS X 10_15_7) AppleWebKit/537.36 (KHTML, like Gecko) Chrome/149.0.0.0 Safari/537.36','2026-06-30 15:19:01'),(679,1,'page.visit','navigation','Visited: notifications',NULL,NULL,NULL,'127.0.0.1','Mozilla/5.0 (Macintosh; Intel Mac OS X 10_15_7) AppleWebKit/537.36 (KHTML, like Gecko) Chrome/149.0.0.0 Safari/537.36','2026-06-30 15:19:01'),(680,1,'page.visit','navigation','Visited: notifications',NULL,NULL,NULL,'127.0.0.1','Mozilla/5.0 (Macintosh; Intel Mac OS X 10_15_7) AppleWebKit/537.36 (KHTML, like Gecko) Chrome/149.0.0.0 Safari/537.36','2026-06-30 15:20:01'),(681,1,'page.visit','navigation','Visited: notifications',NULL,NULL,NULL,'127.0.0.1','Mozilla/5.0 (Macintosh; Intel Mac OS X 10_15_7) AppleWebKit/537.36 (KHTML, like Gecko) Chrome/149.0.0.0 Safari/537.36','2026-06-30 15:20:01'),(682,1,'page.visit','navigation','Visited: notifications',NULL,NULL,NULL,'127.0.0.1','Mozilla/5.0 (Macintosh; Intel Mac OS X 10_15_7) AppleWebKit/537.36 (KHTML, like Gecko) Chrome/149.0.0.0 Safari/537.36','2026-06-30 15:21:01'),(683,1,'page.visit','navigation','Visited: notifications',NULL,NULL,NULL,'127.0.0.1','Mozilla/5.0 (Macintosh; Intel Mac OS X 10_15_7) AppleWebKit/537.36 (KHTML, like Gecko) Chrome/149.0.0.0 Safari/537.36','2026-06-30 15:21:01'),(684,1,'page.visit','navigation','Visited: notifications',NULL,NULL,NULL,'127.0.0.1','Mozilla/5.0 (Macintosh; Intel Mac OS X 10_15_7) AppleWebKit/537.36 (KHTML, like Gecko) Chrome/149.0.0.0 Safari/537.36','2026-06-30 15:22:01'),(685,1,'page.visit','navigation','Visited: notifications',NULL,NULL,NULL,'127.0.0.1','Mozilla/5.0 (Macintosh; Intel Mac OS X 10_15_7) AppleWebKit/537.36 (KHTML, like Gecko) Chrome/149.0.0.0 Safari/537.36','2026-06-30 15:22:01'),(686,1,'page.visit','navigation','Visited: notifications',NULL,NULL,NULL,'127.0.0.1','Mozilla/5.0 (Macintosh; Intel Mac OS X 10_15_7) AppleWebKit/537.36 (KHTML, like Gecko) Chrome/149.0.0.0 Safari/537.36','2026-06-30 15:22:31'),(687,1,'page.visit','navigation','Visited: notifications',NULL,NULL,NULL,'127.0.0.1','Mozilla/5.0 (Macintosh; Intel Mac OS X 10_15_7) AppleWebKit/537.36 (KHTML, like Gecko) Chrome/149.0.0.0 Safari/537.36','2026-06-30 15:22:37'),(688,1,'page.visit','navigation','Visited: notifications',NULL,NULL,NULL,'127.0.0.1','Mozilla/5.0 (Macintosh; Intel Mac OS X 10_15_7) AppleWebKit/537.36 (KHTML, like Gecko) Chrome/149.0.0.0 Safari/537.36','2026-06-30 15:22:49'),(689,1,'page.visit','navigation','Visited: notifications',NULL,NULL,NULL,'127.0.0.1','Mozilla/5.0 (Macintosh; Intel Mac OS X 10_15_7) AppleWebKit/537.36 (KHTML, like Gecko) Chrome/149.0.0.0 Safari/537.36','2026-06-30 15:23:01'),(690,1,'page.visit','navigation','Visited: notifications',NULL,NULL,NULL,'127.0.0.1','Mozilla/5.0 (Macintosh; Intel Mac OS X 10_15_7) AppleWebKit/537.36 (KHTML, like Gecko) Chrome/149.0.0.0 Safari/537.36','2026-06-30 15:23:01'),(691,1,'page.visit','navigation','Visited: notifications',NULL,NULL,NULL,'127.0.0.1','Mozilla/5.0 (Macintosh; Intel Mac OS X 10_15_7) AppleWebKit/537.36 (KHTML, like Gecko) Chrome/149.0.0.0 Safari/537.36','2026-06-30 15:23:13'),(692,1,'page.visit','navigation','Visited: notifications',NULL,NULL,NULL,'127.0.0.1','Mozilla/5.0 (Macintosh; Intel Mac OS X 10_15_7) AppleWebKit/537.36 (KHTML, like Gecko) Chrome/149.0.0.0 Safari/537.36','2026-06-30 15:23:25'),(693,1,'page.visit','navigation','Visited: notifications',NULL,NULL,NULL,'127.0.0.1','Mozilla/5.0 (Macintosh; Intel Mac OS X 10_15_7) AppleWebKit/537.36 (KHTML, like Gecko) Chrome/149.0.0.0 Safari/537.36','2026-06-30 15:24:01'),(694,1,'page.visit','navigation','Visited: notifications',NULL,NULL,NULL,'127.0.0.1','Mozilla/5.0 (Macintosh; Intel Mac OS X 10_15_7) AppleWebKit/537.36 (KHTML, like Gecko) Chrome/149.0.0.0 Safari/537.36','2026-06-30 15:24:01'),(695,1,'page.visit','navigation','Visited: notifications',NULL,NULL,NULL,'127.0.0.1','Mozilla/5.0 (Macintosh; Intel Mac OS X 10_15_7) AppleWebKit/537.36 (KHTML, like Gecko) Chrome/149.0.0.0 Safari/537.36','2026-06-30 15:25:01'),(696,1,'page.visit','navigation','Visited: notifications',NULL,NULL,NULL,'127.0.0.1','Mozilla/5.0 (Macintosh; Intel Mac OS X 10_15_7) AppleWebKit/537.36 (KHTML, like Gecko) Chrome/149.0.0.0 Safari/537.36','2026-06-30 15:25:01'),(697,1,'page.visit','navigation','Visited: notifications',NULL,NULL,NULL,'127.0.0.1','Mozilla/5.0 (Macintosh; Intel Mac OS X 10_15_7) AppleWebKit/537.36 (KHTML, like Gecko) Chrome/149.0.0.0 Safari/537.36','2026-06-30 15:25:13'),(698,1,'page.visit','navigation','Visited: notifications',NULL,NULL,NULL,'127.0.0.1','Mozilla/5.0 (Macintosh; Intel Mac OS X 10_15_7) AppleWebKit/537.36 (KHTML, like Gecko) Chrome/149.0.0.0 Safari/537.36','2026-06-30 15:25:25'),(699,1,'page.visit','navigation','Visited: notifications',NULL,NULL,NULL,'127.0.0.1','Mozilla/5.0 (Macintosh; Intel Mac OS X 10_15_7) AppleWebKit/537.36 (KHTML, like Gecko) Chrome/149.0.0.0 Safari/537.36','2026-06-30 15:25:37'),(700,1,'page.visit','navigation','Visited: notifications',NULL,NULL,NULL,'127.0.0.1','Mozilla/5.0 (Macintosh; Intel Mac OS X 10_15_7) AppleWebKit/537.36 (KHTML, like Gecko) Chrome/149.0.0.0 Safari/537.36','2026-06-30 15:25:48'),(701,1,'page.visit','navigation','Visited: notifications',NULL,NULL,NULL,'127.0.0.1','Mozilla/5.0 (Macintosh; Intel Mac OS X 10_15_7) AppleWebKit/537.36 (KHTML, like Gecko) Chrome/149.0.0.0 Safari/537.36','2026-06-30 15:26:01'),(702,1,'page.visit','navigation','Visited: notifications',NULL,NULL,NULL,'127.0.0.1','Mozilla/5.0 (Macintosh; Intel Mac OS X 10_15_7) AppleWebKit/537.36 (KHTML, like Gecko) Chrome/149.0.0.0 Safari/537.36','2026-06-30 15:26:01'),(703,1,'page.visit','navigation','Visited: notifications',NULL,NULL,NULL,'127.0.0.1','Mozilla/5.0 (Macintosh; Intel Mac OS X 10_15_7) AppleWebKit/537.36 (KHTML, like Gecko) Chrome/149.0.0.0 Safari/537.36','2026-06-30 15:26:13'),(704,1,'page.visit','navigation','Visited: notifications',NULL,NULL,NULL,'127.0.0.1','Mozilla/5.0 (Macintosh; Intel Mac OS X 10_15_7) AppleWebKit/537.36 (KHTML, like Gecko) Chrome/149.0.0.0 Safari/537.36','2026-06-30 15:26:25'),(705,1,'page.visit','navigation','Visited: notifications',NULL,NULL,NULL,'127.0.0.1','Mozilla/5.0 (Macintosh; Intel Mac OS X 10_15_7) AppleWebKit/537.36 (KHTML, like Gecko) Chrome/149.0.0.0 Safari/537.36','2026-06-30 15:26:37'),(706,1,'page.visit','navigation','Visited: notifications',NULL,NULL,NULL,'127.0.0.1','Mozilla/5.0 (Macintosh; Intel Mac OS X 10_15_7) AppleWebKit/537.36 (KHTML, like Gecko) Chrome/149.0.0.0 Safari/537.36','2026-06-30 15:26:49'),(707,1,'page.visit','navigation','Visited: notifications',NULL,NULL,NULL,'127.0.0.1','Mozilla/5.0 (Macintosh; Intel Mac OS X 10_15_7) AppleWebKit/537.36 (KHTML, like Gecko) Chrome/149.0.0.0 Safari/537.36','2026-06-30 15:27:01'),(708,1,'page.visit','navigation','Visited: notifications',NULL,NULL,NULL,'127.0.0.1','Mozilla/5.0 (Macintosh; Intel Mac OS X 10_15_7) AppleWebKit/537.36 (KHTML, like Gecko) Chrome/149.0.0.0 Safari/537.36','2026-06-30 15:27:01'),(709,1,'page.visit','navigation','Visited: notifications',NULL,NULL,NULL,'127.0.0.1','Mozilla/5.0 (Macintosh; Intel Mac OS X 10_15_7) AppleWebKit/537.36 (KHTML, like Gecko) Chrome/149.0.0.0 Safari/537.36','2026-06-30 15:27:13'),(710,1,'page.visit','navigation','Visited: notifications',NULL,NULL,NULL,'127.0.0.1','Mozilla/5.0 (Macintosh; Intel Mac OS X 10_15_7) AppleWebKit/537.36 (KHTML, like Gecko) Chrome/149.0.0.0 Safari/537.36','2026-06-30 15:27:24'),(711,1,'page.visit','navigation','Visited: notifications',NULL,NULL,NULL,'127.0.0.1','Mozilla/5.0 (Macintosh; Intel Mac OS X 10_15_7) AppleWebKit/537.36 (KHTML, like Gecko) Chrome/149.0.0.0 Safari/537.36','2026-06-30 15:27:37'),(712,1,'page.visit','navigation','Visited: notifications',NULL,NULL,NULL,'127.0.0.1','Mozilla/5.0 (Macintosh; Intel Mac OS X 10_15_7) AppleWebKit/537.36 (KHTML, like Gecko) Chrome/149.0.0.0 Safari/537.36','2026-06-30 15:27:49'),(713,1,'page.visit','navigation','Visited: notifications',NULL,NULL,NULL,'127.0.0.1','Mozilla/5.0 (Macintosh; Intel Mac OS X 10_15_7) AppleWebKit/537.36 (KHTML, like Gecko) Chrome/149.0.0.0 Safari/537.36','2026-06-30 15:28:01'),(714,1,'page.visit','navigation','Visited: notifications',NULL,NULL,NULL,'127.0.0.1','Mozilla/5.0 (Macintosh; Intel Mac OS X 10_15_7) AppleWebKit/537.36 (KHTML, like Gecko) Chrome/149.0.0.0 Safari/537.36','2026-06-30 15:28:01'),(715,1,'page.visit','navigation','Visited: notifications',NULL,NULL,NULL,'127.0.0.1','Mozilla/5.0 (Macintosh; Intel Mac OS X 10_15_7) AppleWebKit/537.36 (KHTML, like Gecko) Chrome/149.0.0.0 Safari/537.36','2026-06-30 15:28:13'),(716,1,'page.visit','navigation','Visited: notifications',NULL,NULL,NULL,'127.0.0.1','Mozilla/5.0 (Macintosh; Intel Mac OS X 10_15_7) AppleWebKit/537.36 (KHTML, like Gecko) Chrome/149.0.0.0 Safari/537.36','2026-06-30 15:28:25'),(717,1,'page.visit','navigation','Visited: notifications',NULL,NULL,NULL,'127.0.0.1','Mozilla/5.0 (Macintosh; Intel Mac OS X 10_15_7) AppleWebKit/537.36 (KHTML, like Gecko) Chrome/149.0.0.0 Safari/537.36','2026-06-30 15:28:37'),(718,1,'page.visit','navigation','Visited: notifications',NULL,NULL,NULL,'127.0.0.1','Mozilla/5.0 (Macintosh; Intel Mac OS X 10_15_7) AppleWebKit/537.36 (KHTML, like Gecko) Chrome/149.0.0.0 Safari/537.36','2026-06-30 15:29:01'),(719,1,'page.visit','navigation','Visited: notifications',NULL,NULL,NULL,'127.0.0.1','Mozilla/5.0 (Macintosh; Intel Mac OS X 10_15_7) AppleWebKit/537.36 (KHTML, like Gecko) Chrome/149.0.0.0 Safari/537.36','2026-06-30 15:29:01'),(720,1,'page.visit','navigation','Visited: notifications',NULL,NULL,NULL,'127.0.0.1','Mozilla/5.0 (Macintosh; Intel Mac OS X 10_15_7) AppleWebKit/537.36 (KHTML, like Gecko) Chrome/149.0.0.0 Safari/537.36','2026-06-30 15:30:01'),(721,1,'page.visit','navigation','Visited: notifications',NULL,NULL,NULL,'127.0.0.1','Mozilla/5.0 (Macintosh; Intel Mac OS X 10_15_7) AppleWebKit/537.36 (KHTML, like Gecko) Chrome/149.0.0.0 Safari/537.36','2026-06-30 15:30:01'),(722,1,'page.visit','navigation','Visited: notifications',NULL,NULL,NULL,'127.0.0.1','Mozilla/5.0 (Macintosh; Intel Mac OS X 10_15_7) AppleWebKit/537.36 (KHTML, like Gecko) Chrome/149.0.0.0 Safari/537.36','2026-06-30 15:30:21'),(723,1,'page.visit','navigation','Visited: notifications',NULL,NULL,NULL,'127.0.0.1','Mozilla/5.0 (Macintosh; Intel Mac OS X 10_15_7) AppleWebKit/537.36 (KHTML, like Gecko) Chrome/149.0.0.0 Safari/537.36','2026-06-30 15:30:24'),(724,1,'page.visit','navigation','Visited: notifications',NULL,NULL,NULL,'127.0.0.1','Mozilla/5.0 (Macintosh; Intel Mac OS X 10_15_7) AppleWebKit/537.36 (KHTML, like Gecko) Chrome/149.0.0.0 Safari/537.36','2026-06-30 15:30:37'),(725,1,'page.visit','navigation','Visited: notifications',NULL,NULL,NULL,'127.0.0.1','Mozilla/5.0 (Macintosh; Intel Mac OS X 10_15_7) AppleWebKit/537.36 (KHTML, like Gecko) Chrome/149.0.0.0 Safari/537.36','2026-06-30 15:30:49'),(726,1,'page.visit','navigation','Visited: notifications',NULL,NULL,NULL,'127.0.0.1','Mozilla/5.0 (Macintosh; Intel Mac OS X 10_15_7) AppleWebKit/537.36 (KHTML, like Gecko) Chrome/149.0.0.0 Safari/537.36','2026-06-30 15:31:01'),(727,1,'page.visit','navigation','Visited: notifications',NULL,NULL,NULL,'127.0.0.1','Mozilla/5.0 (Macintosh; Intel Mac OS X 10_15_7) AppleWebKit/537.36 (KHTML, like Gecko) Chrome/149.0.0.0 Safari/537.36','2026-06-30 15:31:01'),(728,1,'page.visit','navigation','Visited: notifications',NULL,NULL,NULL,'127.0.0.1','Mozilla/5.0 (Macintosh; Intel Mac OS X 10_15_7) AppleWebKit/537.36 (KHTML, like Gecko) Chrome/149.0.0.0 Safari/537.36','2026-06-30 15:31:13'),(729,1,'page.visit','navigation','Visited: notifications',NULL,NULL,NULL,'127.0.0.1','Mozilla/5.0 (Macintosh; Intel Mac OS X 10_15_7) AppleWebKit/537.36 (KHTML, like Gecko) Chrome/149.0.0.0 Safari/537.36','2026-06-30 15:31:25'),(730,1,'page.visit','navigation','Visited: notifications',NULL,NULL,NULL,'127.0.0.1','Mozilla/5.0 (Macintosh; Intel Mac OS X 10_15_7) AppleWebKit/537.36 (KHTML, like Gecko) Chrome/149.0.0.0 Safari/537.36','2026-06-30 15:32:01'),(731,1,'page.visit','navigation','Visited: notifications',NULL,NULL,NULL,'127.0.0.1','Mozilla/5.0 (Macintosh; Intel Mac OS X 10_15_7) AppleWebKit/537.36 (KHTML, like Gecko) Chrome/149.0.0.0 Safari/537.36','2026-06-30 15:32:01'),(732,1,'page.visit','navigation','Visited: notifications',NULL,NULL,NULL,'127.0.0.1','Mozilla/5.0 (Macintosh; Intel Mac OS X 10_15_7) AppleWebKit/537.36 (KHTML, like Gecko) Chrome/149.0.0.0 Safari/537.36','2026-06-30 15:33:01'),(733,1,'page.visit','navigation','Visited: notifications',NULL,NULL,NULL,'127.0.0.1','Mozilla/5.0 (Macintosh; Intel Mac OS X 10_15_7) AppleWebKit/537.36 (KHTML, like Gecko) Chrome/149.0.0.0 Safari/537.36','2026-06-30 15:33:01'),(734,1,'page.visit','navigation','Visited: notifications',NULL,NULL,NULL,'127.0.0.1','Mozilla/5.0 (Macintosh; Intel Mac OS X 10_15_7) AppleWebKit/537.36 (KHTML, like Gecko) Chrome/149.0.0.0 Safari/537.36','2026-06-30 15:34:01'),(735,1,'page.visit','navigation','Visited: notifications',NULL,NULL,NULL,'127.0.0.1','Mozilla/5.0 (Macintosh; Intel Mac OS X 10_15_7) AppleWebKit/537.36 (KHTML, like Gecko) Chrome/149.0.0.0 Safari/537.36','2026-06-30 15:34:01'),(736,1,'page.visit','navigation','Visited: notifications',NULL,NULL,NULL,'127.0.0.1','Mozilla/5.0 (Macintosh; Intel Mac OS X 10_15_7) AppleWebKit/537.36 (KHTML, like Gecko) Chrome/149.0.0.0 Safari/537.36','2026-06-30 15:34:13'),(737,1,'page.visit','navigation','Visited: notifications',NULL,NULL,NULL,'127.0.0.1','Mozilla/5.0 (Macintosh; Intel Mac OS X 10_15_7) AppleWebKit/537.36 (KHTML, like Gecko) Chrome/149.0.0.0 Safari/537.36','2026-06-30 15:34:25'),(738,1,'page.visit','navigation','Visited: notifications',NULL,NULL,NULL,'127.0.0.1','Mozilla/5.0 (Macintosh; Intel Mac OS X 10_15_7) AppleWebKit/537.36 (KHTML, like Gecko) Chrome/149.0.0.0 Safari/537.36','2026-06-30 15:34:37'),(739,1,'page.visit','navigation','Visited: notifications',NULL,NULL,NULL,'127.0.0.1','Mozilla/5.0 (Macintosh; Intel Mac OS X 10_15_7) AppleWebKit/537.36 (KHTML, like Gecko) Chrome/149.0.0.0 Safari/537.36','2026-06-30 15:34:49'),(740,1,'page.visit','navigation','Visited: notifications',NULL,NULL,NULL,'127.0.0.1','Mozilla/5.0 (Macintosh; Intel Mac OS X 10_15_7) AppleWebKit/537.36 (KHTML, like Gecko) Chrome/149.0.0.0 Safari/537.36','2026-06-30 15:35:01'),(741,1,'page.visit','navigation','Visited: notifications',NULL,NULL,NULL,'127.0.0.1','Mozilla/5.0 (Macintosh; Intel Mac OS X 10_15_7) AppleWebKit/537.36 (KHTML, like Gecko) Chrome/149.0.0.0 Safari/537.36','2026-06-30 15:35:01'),(742,1,'page.visit','navigation','Visited: notifications',NULL,NULL,NULL,'127.0.0.1','Mozilla/5.0 (Macintosh; Intel Mac OS X 10_15_7) AppleWebKit/537.36 (KHTML, like Gecko) Chrome/149.0.0.0 Safari/537.36','2026-06-30 15:36:01'),(743,1,'page.visit','navigation','Visited: notifications',NULL,NULL,NULL,'127.0.0.1','Mozilla/5.0 (Macintosh; Intel Mac OS X 10_15_7) AppleWebKit/537.36 (KHTML, like Gecko) Chrome/149.0.0.0 Safari/537.36','2026-06-30 15:36:01'),(744,1,'page.visit','navigation','Visited: notifications',NULL,NULL,NULL,'127.0.0.1','Mozilla/5.0 (Macintosh; Intel Mac OS X 10_15_7) AppleWebKit/537.36 (KHTML, like Gecko) Chrome/149.0.0.0 Safari/537.36','2026-06-30 15:36:26'),(745,1,'page.visit','navigation','Visited: notifications',NULL,NULL,NULL,'127.0.0.1','Mozilla/5.0 (Macintosh; Intel Mac OS X 10_15_7) AppleWebKit/537.36 (KHTML, like Gecko) Chrome/149.0.0.0 Safari/537.36','2026-06-30 15:36:26'),(746,1,'page.visit','navigation','Visited: notifications',NULL,NULL,NULL,'127.0.0.1','Mozilla/5.0 (Macintosh; Intel Mac OS X 10_15_7) AppleWebKit/537.36 (KHTML, like Gecko) Chrome/149.0.0.0 Safari/537.36','2026-06-30 15:37:01'),(747,1,'page.visit','navigation','Visited: notifications',NULL,NULL,NULL,'127.0.0.1','Mozilla/5.0 (Macintosh; Intel Mac OS X 10_15_7) AppleWebKit/537.36 (KHTML, like Gecko) Chrome/149.0.0.0 Safari/537.36','2026-06-30 15:37:01'),(748,1,'page.visit','navigation','Visited: notifications',NULL,NULL,NULL,'127.0.0.1','Mozilla/5.0 (Macintosh; Intel Mac OS X 10_15_7) AppleWebKit/537.36 (KHTML, like Gecko) Chrome/149.0.0.0 Safari/537.36','2026-06-30 15:38:01'),(749,1,'page.visit','navigation','Visited: notifications',NULL,NULL,NULL,'127.0.0.1','Mozilla/5.0 (Macintosh; Intel Mac OS X 10_15_7) AppleWebKit/537.36 (KHTML, like Gecko) Chrome/149.0.0.0 Safari/537.36','2026-06-30 15:38:01'),(750,1,'page.visit','navigation','Visited: notifications',NULL,NULL,NULL,'127.0.0.1','Mozilla/5.0 (Macintosh; Intel Mac OS X 10_15_7) AppleWebKit/537.36 (KHTML, like Gecko) Chrome/149.0.0.0 Safari/537.36','2026-06-30 15:38:12'),(751,1,'page.visit','navigation','Visited: crm/website',NULL,NULL,NULL,'127.0.0.1','Mozilla/5.0 (Macintosh; Intel Mac OS X 10_15_7) AppleWebKit/537.36 (KHTML, like Gecko) Chrome/149.0.0.0 Safari/537.36','2026-06-30 15:38:15'),(752,1,'page.visit','navigation','Visited: notifications',NULL,NULL,NULL,'127.0.0.1','Mozilla/5.0 (Macintosh; Intel Mac OS X 10_15_7) AppleWebKit/537.36 (KHTML, like Gecko) Chrome/149.0.0.0 Safari/537.36','2026-06-30 15:38:15'),(753,1,'page.visit','navigation','Visited: dashboard',NULL,NULL,NULL,'127.0.0.1','Mozilla/5.0 (Macintosh; Intel Mac OS X 10_15_7) AppleWebKit/537.36 (KHTML, like Gecko) Chrome/149.0.0.0 Safari/537.36','2026-06-30 15:38:17'),(754,1,'page.visit','navigation','Visited: notifications',NULL,NULL,NULL,'127.0.0.1','Mozilla/5.0 (Macintosh; Intel Mac OS X 10_15_7) AppleWebKit/537.36 (KHTML, like Gecko) Chrome/149.0.0.0 Safari/537.36','2026-06-30 15:38:17'),(755,1,'page.visit','navigation','Visited: dashboard',NULL,NULL,NULL,'127.0.0.1','Mozilla/5.0 (Macintosh; Intel Mac OS X 10_15_7) AppleWebKit/537.36 (KHTML, like Gecko) Chrome/149.0.0.0 Safari/537.36','2026-06-30 15:38:21'),(756,1,'page.visit','navigation','Visited: notifications',NULL,NULL,NULL,'127.0.0.1','Mozilla/5.0 (Macintosh; Intel Mac OS X 10_15_7) AppleWebKit/537.36 (KHTML, like Gecko) Chrome/149.0.0.0 Safari/537.36','2026-06-30 15:38:21'),(757,1,'page.visit','navigation','Visited: admin/emails',NULL,NULL,NULL,'127.0.0.1','Mozilla/5.0 (Macintosh; Intel Mac OS X 10_15_7) AppleWebKit/537.36 (KHTML, like Gecko) Chrome/149.0.0.0 Safari/537.36','2026-06-30 15:38:24'),(758,1,'page.visit','navigation','Visited: notifications',NULL,NULL,NULL,'127.0.0.1','Mozilla/5.0 (Macintosh; Intel Mac OS X 10_15_7) AppleWebKit/537.36 (KHTML, like Gecko) Chrome/149.0.0.0 Safari/537.36','2026-06-30 15:38:24'),(759,1,'page.visit','navigation','Visited: crm/website',NULL,NULL,NULL,'127.0.0.1','Mozilla/5.0 (Macintosh; Intel Mac OS X 10_15_7) AppleWebKit/537.36 (KHTML, like Gecko) Chrome/149.0.0.0 Safari/537.36','2026-06-30 15:38:26'),(760,1,'page.visit','navigation','Visited: notifications',NULL,NULL,NULL,'127.0.0.1','Mozilla/5.0 (Macintosh; Intel Mac OS X 10_15_7) AppleWebKit/537.36 (KHTML, like Gecko) Chrome/149.0.0.0 Safari/537.36','2026-06-30 15:38:26'),(761,1,'page.visit','navigation','Visited: crm/ebay/stores',NULL,NULL,NULL,'127.0.0.1','Mozilla/5.0 (Macintosh; Intel Mac OS X 10_15_7) AppleWebKit/537.36 (KHTML, like Gecko) Chrome/149.0.0.0 Safari/537.36','2026-06-30 15:38:26'),(762,1,'page.visit','navigation','Visited: notifications',NULL,NULL,NULL,'127.0.0.1','Mozilla/5.0 (Macintosh; Intel Mac OS X 10_15_7) AppleWebKit/537.36 (KHTML, like Gecko) Chrome/149.0.0.0 Safari/537.36','2026-06-30 15:38:27'),(763,1,'page.visit','navigation','Visited: crm/logistics/shipments',NULL,NULL,NULL,'127.0.0.1','Mozilla/5.0 (Macintosh; Intel Mac OS X 10_15_7) AppleWebKit/537.36 (KHTML, like Gecko) Chrome/149.0.0.0 Safari/537.36','2026-06-30 15:38:29'),(764,1,'page.visit','navigation','Visited: notifications',NULL,NULL,NULL,'127.0.0.1','Mozilla/5.0 (Macintosh; Intel Mac OS X 10_15_7) AppleWebKit/537.36 (KHTML, like Gecko) Chrome/149.0.0.0 Safari/537.36','2026-06-30 15:38:29'),(765,1,'page.visit','navigation','Visited: notifications',NULL,NULL,NULL,'127.0.0.1','Mozilla/5.0 (Macintosh; Intel Mac OS X 10_15_7) AppleWebKit/537.36 (KHTML, like Gecko) Chrome/149.0.0.0 Safari/537.36','2026-06-30 15:38:42'),(766,1,'page.visit','navigation','Visited: websites',NULL,NULL,NULL,'127.0.0.1','Mozilla/5.0 (Macintosh; Intel Mac OS X 10_15_7) AppleWebKit/537.36 (KHTML, like Gecko) Chrome/149.0.0.0 Safari/537.36','2026-06-30 15:38:48'),(767,1,'page.visit','navigation','Visited: notifications',NULL,NULL,NULL,'127.0.0.1','Mozilla/5.0 (Macintosh; Intel Mac OS X 10_15_7) AppleWebKit/537.36 (KHTML, like Gecko) Chrome/149.0.0.0 Safari/537.36','2026-06-30 15:38:48'),(768,1,'page.visit','navigation','Visited: websites',NULL,NULL,NULL,'127.0.0.1','Mozilla/5.0 (Macintosh; Intel Mac OS X 10_15_7) AppleWebKit/537.36 (KHTML, like Gecko) Chrome/149.0.0.0 Safari/537.36','2026-06-30 15:38:49'),(769,1,'page.visit','navigation','Visited: notifications',NULL,NULL,NULL,'127.0.0.1','Mozilla/5.0 (Macintosh; Intel Mac OS X 10_15_7) AppleWebKit/537.36 (KHTML, like Gecko) Chrome/149.0.0.0 Safari/537.36','2026-06-30 15:38:49'),(770,1,'page.visit','navigation','Visited: websites',NULL,NULL,NULL,'127.0.0.1','Mozilla/5.0 (Macintosh; Intel Mac OS X 10_15_7) AppleWebKit/537.36 (KHTML, like Gecko) Chrome/149.0.0.0 Safari/537.36','2026-06-30 15:38:59'),(771,1,'page.visit','navigation','Visited: notifications',NULL,NULL,NULL,'127.0.0.1','Mozilla/5.0 (Macintosh; Intel Mac OS X 10_15_7) AppleWebKit/537.36 (KHTML, like Gecko) Chrome/149.0.0.0 Safari/537.36','2026-06-30 15:38:59'),(772,1,'page.visit','navigation','Visited: websites',NULL,NULL,NULL,'127.0.0.1','Mozilla/5.0 (Macintosh; Intel Mac OS X 10_15_7) AppleWebKit/537.36 (KHTML, like Gecko) Chrome/149.0.0.0 Safari/537.36','2026-06-30 15:39:00'),(773,1,'page.visit','navigation','Visited: notifications',NULL,NULL,NULL,'127.0.0.1','Mozilla/5.0 (Macintosh; Intel Mac OS X 10_15_7) AppleWebKit/537.36 (KHTML, like Gecko) Chrome/149.0.0.0 Safari/537.36','2026-06-30 15:39:00'),(774,1,'page.visit','navigation','Visited: websites',NULL,NULL,NULL,'127.0.0.1','Mozilla/5.0 (Macintosh; Intel Mac OS X 10_15_7) AppleWebKit/537.36 (KHTML, like Gecko) Chrome/149.0.0.0 Safari/537.36','2026-06-30 15:39:00'),(775,1,'page.visit','navigation','Visited: notifications',NULL,NULL,NULL,'127.0.0.1','Mozilla/5.0 (Macintosh; Intel Mac OS X 10_15_7) AppleWebKit/537.36 (KHTML, like Gecko) Chrome/149.0.0.0 Safari/537.36','2026-06-30 15:39:00'),(776,1,'page.visit','navigation','Visited: notifications',NULL,NULL,NULL,'127.0.0.1','Mozilla/5.0 (Macintosh; Intel Mac OS X 10_15_7) AppleWebKit/537.36 (KHTML, like Gecko) Chrome/149.0.0.0 Safari/537.36','2026-06-30 15:39:01'),(777,1,'page.visit','navigation','Visited: websites',NULL,NULL,NULL,'127.0.0.1','Mozilla/5.0 (Macintosh; Intel Mac OS X 10_15_7) AppleWebKit/537.36 (KHTML, like Gecko) Chrome/149.0.0.0 Safari/537.36','2026-06-30 15:39:01'),(778,1,'page.visit','navigation','Visited: notifications',NULL,NULL,NULL,'127.0.0.1','Mozilla/5.0 (Macintosh; Intel Mac OS X 10_15_7) AppleWebKit/537.36 (KHTML, like Gecko) Chrome/149.0.0.0 Safari/537.36','2026-06-30 15:39:02'),(779,1,'page.visit','navigation','Visited: notifications',NULL,NULL,NULL,'127.0.0.1','Mozilla/5.0 (Macintosh; Intel Mac OS X 10_15_7) AppleWebKit/537.36 (KHTML, like Gecko) Chrome/149.0.0.0 Safari/537.36','2026-06-30 15:39:14'),(780,1,'page.visit','navigation','Visited: websites',NULL,NULL,NULL,'127.0.0.1','Mozilla/5.0 (Macintosh; Intel Mac OS X 10_15_7) AppleWebKit/537.36 (KHTML, like Gecko) Chrome/149.0.0.0 Safari/537.36','2026-06-30 15:39:16'),(781,1,'page.visit','navigation','Visited: notifications',NULL,NULL,NULL,'127.0.0.1','Mozilla/5.0 (Macintosh; Intel Mac OS X 10_15_7) AppleWebKit/537.36 (KHTML, like Gecko) Chrome/149.0.0.0 Safari/537.36','2026-06-30 15:39:16'),(782,1,'page.visit','navigation','Visited: websites',NULL,NULL,NULL,'127.0.0.1','Mozilla/5.0 (Macintosh; Intel Mac OS X 10_15_7) AppleWebKit/537.36 (KHTML, like Gecko) Chrome/149.0.0.0 Safari/537.36','2026-06-30 15:39:23'),(783,1,'page.visit','navigation','Visited: notifications',NULL,NULL,NULL,'127.0.0.1','Mozilla/5.0 (Macintosh; Intel Mac OS X 10_15_7) AppleWebKit/537.36 (KHTML, like Gecko) Chrome/149.0.0.0 Safari/537.36','2026-06-30 15:39:23'),(784,1,'page.visit','navigation','Visited: websites',NULL,NULL,NULL,'127.0.0.1','Mozilla/5.0 (Macintosh; Intel Mac OS X 10_15_7) AppleWebKit/537.36 (KHTML, like Gecko) Chrome/149.0.0.0 Safari/537.36','2026-06-30 15:39:28'),(785,1,'page.visit','navigation','Visited: notifications',NULL,NULL,NULL,'127.0.0.1','Mozilla/5.0 (Macintosh; Intel Mac OS X 10_15_7) AppleWebKit/537.36 (KHTML, like Gecko) Chrome/149.0.0.0 Safari/537.36','2026-06-30 15:39:28'),(786,1,'page.visit','navigation','Visited: websites',NULL,NULL,NULL,'127.0.0.1','Mozilla/5.0 (Macintosh; Intel Mac OS X 10_15_7) AppleWebKit/537.36 (KHTML, like Gecko) Chrome/149.0.0.0 Safari/537.36','2026-06-30 15:39:34'),(787,1,'page.visit','navigation','Visited: notifications',NULL,NULL,NULL,'127.0.0.1','Mozilla/5.0 (Macintosh; Intel Mac OS X 10_15_7) AppleWebKit/537.36 (KHTML, like Gecko) Chrome/149.0.0.0 Safari/537.36','2026-06-30 15:39:34'),(788,1,'page.visit','navigation','Visited: websites',NULL,NULL,NULL,'127.0.0.1','Mozilla/5.0 (Macintosh; Intel Mac OS X 10_15_7) AppleWebKit/537.36 (KHTML, like Gecko) Chrome/149.0.0.0 Safari/537.36','2026-06-30 15:39:41'),(789,1,'page.visit','navigation','Visited: notifications',NULL,NULL,NULL,'127.0.0.1','Mozilla/5.0 (Macintosh; Intel Mac OS X 10_15_7) AppleWebKit/537.36 (KHTML, like Gecko) Chrome/149.0.0.0 Safari/537.36','2026-06-30 15:39:41'),(790,1,'page.visit','navigation','Visited: websites',NULL,NULL,NULL,'127.0.0.1','Mozilla/5.0 (Macintosh; Intel Mac OS X 10_15_7) AppleWebKit/537.36 (KHTML, like Gecko) Chrome/149.0.0.0 Safari/537.36','2026-06-30 15:39:47'),(791,1,'page.visit','navigation','Visited: notifications',NULL,NULL,NULL,'127.0.0.1','Mozilla/5.0 (Macintosh; Intel Mac OS X 10_15_7) AppleWebKit/537.36 (KHTML, like Gecko) Chrome/149.0.0.0 Safari/537.36','2026-06-30 15:39:47'),(792,1,'page.visit','navigation','Visited: websites',NULL,NULL,NULL,'127.0.0.1','Mozilla/5.0 (Macintosh; Intel Mac OS X 10_15_7) AppleWebKit/537.36 (KHTML, like Gecko) Chrome/149.0.0.0 Safari/537.36','2026-06-30 15:39:49'),(793,1,'page.visit','navigation','Visited: notifications',NULL,NULL,NULL,'127.0.0.1','Mozilla/5.0 (Macintosh; Intel Mac OS X 10_15_7) AppleWebKit/537.36 (KHTML, like Gecko) Chrome/149.0.0.0 Safari/537.36','2026-06-30 15:39:49'),(794,1,'page.visit','navigation','Visited: websites',NULL,NULL,NULL,'127.0.0.1','Mozilla/5.0 (Macintosh; Intel Mac OS X 10_15_7) AppleWebKit/537.36 (KHTML, like Gecko) Chrome/149.0.0.0 Safari/537.36','2026-06-30 15:39:57'),(795,1,'page.visit','navigation','Visited: notifications',NULL,NULL,NULL,'127.0.0.1','Mozilla/5.0 (Macintosh; Intel Mac OS X 10_15_7) AppleWebKit/537.36 (KHTML, like Gecko) Chrome/149.0.0.0 Safari/537.36','2026-06-30 15:39:57'),(796,1,'page.visit','navigation','Visited: notifications',NULL,NULL,NULL,'127.0.0.1','Mozilla/5.0 (Macintosh; Intel Mac OS X 10_15_7) AppleWebKit/537.36 (KHTML, like Gecko) Chrome/149.0.0.0 Safari/537.36','2026-06-30 15:40:01'),(797,1,'page.visit','navigation','Visited: notifications',NULL,NULL,NULL,'127.0.0.1','Mozilla/5.0 (Macintosh; Intel Mac OS X 10_15_7) AppleWebKit/537.36 (KHTML, like Gecko) Chrome/149.0.0.0 Safari/537.36','2026-06-30 15:40:09'),(798,1,'page.visit','navigation','Visited: notifications',NULL,NULL,NULL,'127.0.0.1','Mozilla/5.0 (Macintosh; Intel Mac OS X 10_15_7) AppleWebKit/537.36 (KHTML, like Gecko) Chrome/149.0.0.0 Safari/537.36','2026-06-30 15:40:21'),(799,1,'page.visit','navigation','Visited: notifications',NULL,NULL,NULL,'127.0.0.1','Mozilla/5.0 (Macintosh; Intel Mac OS X 10_15_7) AppleWebKit/537.36 (KHTML, like Gecko) Chrome/149.0.0.0 Safari/537.36','2026-06-30 15:40:34'),(800,1,'page.visit','navigation','Visited: websites',NULL,NULL,NULL,'127.0.0.1','Mozilla/5.0 (Macintosh; Intel Mac OS X 10_15_7) AppleWebKit/537.36 (KHTML, like Gecko) Chrome/149.0.0.0 Safari/537.36','2026-06-30 15:40:41'),(801,1,'page.visit','navigation','Visited: notifications',NULL,NULL,NULL,'127.0.0.1','Mozilla/5.0 (Macintosh; Intel Mac OS X 10_15_7) AppleWebKit/537.36 (KHTML, like Gecko) Chrome/149.0.0.0 Safari/537.36','2026-06-30 15:40:41'),(802,1,'page.visit','navigation','Visited: notifications',NULL,NULL,NULL,'127.0.0.1','Mozilla/5.0 (Macintosh; Intel Mac OS X 10_15_7) AppleWebKit/537.36 (KHTML, like Gecko) Chrome/149.0.0.0 Safari/537.36','2026-06-30 15:40:53'),(803,1,'page.visit','navigation','Visited: notifications',NULL,NULL,NULL,'127.0.0.1','Mozilla/5.0 (Macintosh; Intel Mac OS X 10_15_7) AppleWebKit/537.36 (KHTML, like Gecko) Chrome/149.0.0.0 Safari/537.36','2026-06-30 15:41:01'),(804,1,'page.visit','navigation','Visited: notifications',NULL,NULL,NULL,'127.0.0.1','Mozilla/5.0 (Macintosh; Intel Mac OS X 10_15_7) AppleWebKit/537.36 (KHTML, like Gecko) Chrome/149.0.0.0 Safari/537.36','2026-06-30 15:41:05'),(805,1,'page.visit','navigation','Visited: notifications',NULL,NULL,NULL,'127.0.0.1','Mozilla/5.0 (Macintosh; Intel Mac OS X 10_15_7) AppleWebKit/537.36 (KHTML, like Gecko) Chrome/149.0.0.0 Safari/537.36','2026-06-30 15:41:17'),(806,1,'page.visit','navigation','Visited: notifications',NULL,NULL,NULL,'127.0.0.1','Mozilla/5.0 (Macintosh; Intel Mac OS X 10_15_7) AppleWebKit/537.36 (KHTML, like Gecko) Chrome/149.0.0.0 Safari/537.36','2026-06-30 15:41:29'),(807,1,'website_member_added',NULL,'Added user(s) \"Mr. Samnang, Mr. Dara (QC), Ms. Sor, Mr. Sour, Ms. SokHeang, Ms. Lin\" to websites with role \"Developer\".',NULL,NULL,NULL,'127.0.0.1','Mozilla/5.0 (Macintosh; Intel Mac OS X 10_15_7) AppleWebKit/537.36 (KHTML, like Gecko) Chrome/149.0.0.0 Safari/537.36','2026-06-30 15:41:40'),(808,1,'page.visit','navigation','Visited: websites',NULL,NULL,NULL,'127.0.0.1','Mozilla/5.0 (Macintosh; Intel Mac OS X 10_15_7) AppleWebKit/537.36 (KHTML, like Gecko) Chrome/149.0.0.0 Safari/537.36','2026-06-30 15:41:40'),(809,1,'page.visit','navigation','Visited: notifications',NULL,NULL,NULL,'127.0.0.1','Mozilla/5.0 (Macintosh; Intel Mac OS X 10_15_7) AppleWebKit/537.36 (KHTML, like Gecko) Chrome/149.0.0.0 Safari/537.36','2026-06-30 15:41:40'),(810,1,'website_member_added',NULL,'Added user(s) \"Mr. Dara (QC)\" to websites with role \"QC\".',NULL,NULL,NULL,'127.0.0.1','Mozilla/5.0 (Macintosh; Intel Mac OS X 10_15_7) AppleWebKit/537.36 (KHTML, like Gecko) Chrome/149.0.0.0 Safari/537.36','2026-06-30 15:41:46'),(811,1,'page.visit','navigation','Visited: websites',NULL,NULL,NULL,'127.0.0.1','Mozilla/5.0 (Macintosh; Intel Mac OS X 10_15_7) AppleWebKit/537.36 (KHTML, like Gecko) Chrome/149.0.0.0 Safari/537.36','2026-06-30 15:41:47'),(812,1,'page.visit','navigation','Visited: notifications',NULL,NULL,NULL,'127.0.0.1','Mozilla/5.0 (Macintosh; Intel Mac OS X 10_15_7) AppleWebKit/537.36 (KHTML, like Gecko) Chrome/149.0.0.0 Safari/537.36','2026-06-30 15:41:47'),(813,1,'website_member_added',NULL,'Added user(s) \"Deniss Tan\" to websites with role \"Viewer\".',NULL,NULL,NULL,'127.0.0.1','Mozilla/5.0 (Macintosh; Intel Mac OS X 10_15_7) AppleWebKit/537.36 (KHTML, like Gecko) Chrome/149.0.0.0 Safari/537.36','2026-06-30 15:41:51'),(814,1,'page.visit','navigation','Visited: websites',NULL,NULL,NULL,'127.0.0.1','Mozilla/5.0 (Macintosh; Intel Mac OS X 10_15_7) AppleWebKit/537.36 (KHTML, like Gecko) Chrome/149.0.0.0 Safari/537.36','2026-06-30 15:41:51'),(815,1,'page.visit','navigation','Visited: notifications',NULL,NULL,NULL,'127.0.0.1','Mozilla/5.0 (Macintosh; Intel Mac OS X 10_15_7) AppleWebKit/537.36 (KHTML, like Gecko) Chrome/149.0.0.0 Safari/537.36','2026-06-30 15:41:51'),(816,1,'page.visit','navigation','Visited: notifications',NULL,NULL,NULL,'127.0.0.1','Mozilla/5.0 (Macintosh; Intel Mac OS X 10_15_7) AppleWebKit/537.36 (KHTML, like Gecko) Chrome/149.0.0.0 Safari/537.36','2026-06-30 15:42:01'),(817,1,'page.visit','navigation','Visited: notifications',NULL,NULL,NULL,'127.0.0.1','Mozilla/5.0 (Macintosh; Intel Mac OS X 10_15_7) AppleWebKit/537.36 (KHTML, like Gecko) Chrome/149.0.0.0 Safari/537.36','2026-06-30 15:42:03'),(818,1,'page.visit','navigation','Visited: notifications',NULL,NULL,NULL,'127.0.0.1','Mozilla/5.0 (Macintosh; Intel Mac OS X 10_15_7) AppleWebKit/537.36 (KHTML, like Gecko) Chrome/149.0.0.0 Safari/537.36','2026-06-30 15:42:16'),(819,1,'page.visit','navigation','Visited: notifications',NULL,NULL,NULL,'127.0.0.1','Mozilla/5.0 (Macintosh; Intel Mac OS X 10_15_7) AppleWebKit/537.36 (KHTML, like Gecko) Chrome/149.0.0.0 Safari/537.36','2026-06-30 15:42:28'),(820,1,'page.visit','navigation','Visited: notifications',NULL,NULL,NULL,'127.0.0.1','Mozilla/5.0 (Macintosh; Intel Mac OS X 10_15_7) AppleWebKit/537.36 (KHTML, like Gecko) Chrome/149.0.0.0 Safari/537.36','2026-06-30 15:42:39'),(821,1,'page.visit','navigation','Visited: notifications',NULL,NULL,NULL,'127.0.0.1','Mozilla/5.0 (Macintosh; Intel Mac OS X 10_15_7) AppleWebKit/537.36 (KHTML, like Gecko) Chrome/149.0.0.0 Safari/537.36','2026-06-30 15:42:51'),(822,1,'page.visit','navigation','Visited: notifications',NULL,NULL,NULL,'127.0.0.1','Mozilla/5.0 (Macintosh; Intel Mac OS X 10_15_7) AppleWebKit/537.36 (KHTML, like Gecko) Chrome/149.0.0.0 Safari/537.36','2026-06-30 15:43:01'),(823,1,'page.visit','navigation','Visited: notifications',NULL,NULL,NULL,'127.0.0.1','Mozilla/5.0 (Macintosh; Intel Mac OS X 10_15_7) AppleWebKit/537.36 (KHTML, like Gecko) Chrome/149.0.0.0 Safari/537.36','2026-06-30 15:43:04'),(824,1,'page.visit','navigation','Visited: notifications',NULL,NULL,NULL,'127.0.0.1','Mozilla/5.0 (Macintosh; Intel Mac OS X 10_15_7) AppleWebKit/537.36 (KHTML, like Gecko) Chrome/149.0.0.0 Safari/537.36','2026-06-30 15:43:16'),(825,1,'page.visit','navigation','Visited: notifications',NULL,NULL,NULL,'127.0.0.1','Mozilla/5.0 (Macintosh; Intel Mac OS X 10_15_7) AppleWebKit/537.36 (KHTML, like Gecko) Chrome/149.0.0.0 Safari/537.36','2026-06-30 15:43:27'),(826,1,'page.visit','navigation','Visited: admin/emails',NULL,NULL,NULL,'127.0.0.1','Mozilla/5.0 (Macintosh; Intel Mac OS X 10_15_7) AppleWebKit/537.36 (KHTML, like Gecko) Chrome/149.0.0.0 Safari/537.36','2026-06-30 15:43:36'),(827,1,'page.visit','navigation','Visited: notifications',NULL,NULL,NULL,'127.0.0.1','Mozilla/5.0 (Macintosh; Intel Mac OS X 10_15_7) AppleWebKit/537.36 (KHTML, like Gecko) Chrome/149.0.0.0 Safari/537.36','2026-06-30 15:43:36'),(828,1,'page.visit','navigation','Visited: emails/poll',NULL,NULL,NULL,'127.0.0.1','Mozilla/5.0 (Macintosh; Intel Mac OS X 10_15_7) AppleWebKit/537.36 (KHTML, like Gecko) Chrome/149.0.0.0 Safari/537.36','2026-06-30 15:43:47'),(829,1,'page.visit','navigation','Visited: notifications',NULL,NULL,NULL,'127.0.0.1','Mozilla/5.0 (Macintosh; Intel Mac OS X 10_15_7) AppleWebKit/537.36 (KHTML, like Gecko) Chrome/149.0.0.0 Safari/537.36','2026-06-30 15:43:49'),(830,1,'page.visit','navigation','Visited: emails/poll',NULL,NULL,NULL,'127.0.0.1','Mozilla/5.0 (Macintosh; Intel Mac OS X 10_15_7) AppleWebKit/537.36 (KHTML, like Gecko) Chrome/149.0.0.0 Safari/537.36','2026-06-30 15:43:57'),(831,1,'page.visit','navigation','Visited: notifications',NULL,NULL,NULL,'127.0.0.1','Mozilla/5.0 (Macintosh; Intel Mac OS X 10_15_7) AppleWebKit/537.36 (KHTML, like Gecko) Chrome/149.0.0.0 Safari/537.36','2026-06-30 15:44:01'),(832,1,'page.visit','navigation','Visited: notifications',NULL,NULL,NULL,'127.0.0.1','Mozilla/5.0 (Macintosh; Intel Mac OS X 10_15_7) AppleWebKit/537.36 (KHTML, like Gecko) Chrome/149.0.0.0 Safari/537.36','2026-06-30 15:44:01'),(833,1,'page.visit','navigation','Visited: crm/logistics/shipments',NULL,NULL,NULL,'127.0.0.1','Mozilla/5.0 (Macintosh; Intel Mac OS X 10_15_7) AppleWebKit/537.36 (KHTML, like Gecko) Chrome/149.0.0.0 Safari/537.36','2026-06-30 15:44:06'),(834,1,'page.visit','navigation','Visited: admin/emails',NULL,NULL,NULL,'127.0.0.1','Mozilla/5.0 (Macintosh; Intel Mac OS X 10_15_7) AppleWebKit/537.36 (KHTML, like Gecko) Chrome/149.0.0.0 Safari/537.36','2026-06-30 15:44:06'),(835,1,'page.visit','navigation','Visited: notifications',NULL,NULL,NULL,'127.0.0.1','Mozilla/5.0 (Macintosh; Intel Mac OS X 10_15_7) AppleWebKit/537.36 (KHTML, like Gecko) Chrome/149.0.0.0 Safari/537.36','2026-06-30 15:44:06'),(836,1,'page.visit','navigation','Visited: notifications',NULL,NULL,NULL,'127.0.0.1','Mozilla/5.0 (Macintosh; Intel Mac OS X 10_15_7) AppleWebKit/537.36 (KHTML, like Gecko) Chrome/149.0.0.0 Safari/537.36','2026-06-30 15:44:06'),(837,1,'page.visit','navigation','Visited: admin/emails',NULL,NULL,NULL,'127.0.0.1','Mozilla/5.0 (Macintosh; Intel Mac OS X 10_15_7) AppleWebKit/537.36 (KHTML, like Gecko) Chrome/149.0.0.0 Safari/537.36','2026-06-30 15:44:13'),(838,1,'page.visit','navigation','Visited: crm/logistics/shipments',NULL,NULL,NULL,'127.0.0.1','Mozilla/5.0 (Macintosh; Intel Mac OS X 10_15_7) AppleWebKit/537.36 (KHTML, like Gecko) Chrome/149.0.0.0 Safari/537.36','2026-06-30 15:44:13'),(839,1,'page.visit','navigation','Visited: notifications',NULL,NULL,NULL,'127.0.0.1','Mozilla/5.0 (Macintosh; Intel Mac OS X 10_15_7) AppleWebKit/537.36 (KHTML, like Gecko) Chrome/149.0.0.0 Safari/537.36','2026-06-30 15:44:13'),(840,1,'page.visit','navigation','Visited: notifications',NULL,NULL,NULL,'127.0.0.1','Mozilla/5.0 (Macintosh; Intel Mac OS X 10_15_7) AppleWebKit/537.36 (KHTML, like Gecko) Chrome/149.0.0.0 Safari/537.36','2026-06-30 15:44:13'),(841,1,'page.visit','navigation','Visited: admin/emails',NULL,NULL,NULL,'127.0.0.1','Mozilla/5.0 (Macintosh; Intel Mac OS X 10_15_7) AppleWebKit/537.36 (KHTML, like Gecko) Chrome/149.0.0.0 Safari/537.36','2026-06-30 15:44:18'),(842,1,'page.visit','navigation','Visited: crm/logistics/shipments',NULL,NULL,NULL,'127.0.0.1','Mozilla/5.0 (Macintosh; Intel Mac OS X 10_15_7) AppleWebKit/537.36 (KHTML, like Gecko) Chrome/149.0.0.0 Safari/537.36','2026-06-30 15:44:18'),(843,1,'page.visit','navigation','Visited: notifications',NULL,NULL,NULL,'127.0.0.1','Mozilla/5.0 (Macintosh; Intel Mac OS X 10_15_7) AppleWebKit/537.36 (KHTML, like Gecko) Chrome/149.0.0.0 Safari/537.36','2026-06-30 15:44:18'),(844,1,'page.visit','navigation','Visited: notifications',NULL,NULL,NULL,'127.0.0.1','Mozilla/5.0 (Macintosh; Intel Mac OS X 10_15_7) AppleWebKit/537.36 (KHTML, like Gecko) Chrome/149.0.0.0 Safari/537.36','2026-06-30 15:44:18'),(845,1,'page.visit','navigation','Visited: admin/emails',NULL,NULL,NULL,'127.0.0.1','Mozilla/5.0 (Macintosh; Intel Mac OS X 10_15_7) AppleWebKit/537.36 (KHTML, like Gecko) Chrome/149.0.0.0 Safari/537.36','2026-06-30 15:44:27'),(846,1,'page.visit','navigation','Visited: crm/logistics/shipments',NULL,NULL,NULL,'127.0.0.1','Mozilla/5.0 (Macintosh; Intel Mac OS X 10_15_7) AppleWebKit/537.36 (KHTML, like Gecko) Chrome/149.0.0.0 Safari/537.36','2026-06-30 15:44:27'),(847,1,'page.visit','navigation','Visited: notifications',NULL,NULL,NULL,'127.0.0.1','Mozilla/5.0 (Macintosh; Intel Mac OS X 10_15_7) AppleWebKit/537.36 (KHTML, like Gecko) Chrome/149.0.0.0 Safari/537.36','2026-06-30 15:44:27'),(848,1,'page.visit','navigation','Visited: notifications',NULL,NULL,NULL,'127.0.0.1','Mozilla/5.0 (Macintosh; Intel Mac OS X 10_15_7) AppleWebKit/537.36 (KHTML, like Gecko) Chrome/149.0.0.0 Safari/537.36','2026-06-30 15:44:27'),(849,1,'page.visit','navigation','Visited: emails/poll',NULL,NULL,NULL,'127.0.0.1','Mozilla/5.0 (Macintosh; Intel Mac OS X 10_15_7) AppleWebKit/537.36 (KHTML, like Gecko) Chrome/149.0.0.0 Safari/537.36','2026-06-30 15:44:38'),(850,1,'page.visit','navigation','Visited: notifications',NULL,NULL,NULL,'127.0.0.1','Mozilla/5.0 (Macintosh; Intel Mac OS X 10_15_7) AppleWebKit/537.36 (KHTML, like Gecko) Chrome/149.0.0.0 Safari/537.36','2026-06-30 15:44:40'),(851,1,'page.visit','navigation','Visited: notifications',NULL,NULL,NULL,'127.0.0.1','Mozilla/5.0 (Macintosh; Intel Mac OS X 10_15_7) AppleWebKit/537.36 (KHTML, like Gecko) Chrome/149.0.0.0 Safari/537.36','2026-06-30 15:44:40'),(852,1,'page.visit','navigation','Visited: emails/poll',NULL,NULL,NULL,'127.0.0.1','Mozilla/5.0 (Macintosh; Intel Mac OS X 10_15_7) AppleWebKit/537.36 (KHTML, like Gecko) Chrome/149.0.0.0 Safari/537.36','2026-06-30 15:44:48'),(853,1,'page.visit','navigation','Visited: crm/logistics/shipments',NULL,NULL,NULL,'127.0.0.1','Mozilla/5.0 (Macintosh; Intel Mac OS X 10_15_7) AppleWebKit/537.36 (KHTML, like Gecko) Chrome/149.0.0.0 Safari/537.36','2026-06-30 15:44:49'),(854,1,'page.visit','navigation','Visited: admin/emails',NULL,NULL,NULL,'127.0.0.1','Mozilla/5.0 (Macintosh; Intel Mac OS X 10_15_7) AppleWebKit/537.36 (KHTML, like Gecko) Chrome/149.0.0.0 Safari/537.36','2026-06-30 15:44:49'),(855,1,'page.visit','navigation','Visited: notifications',NULL,NULL,NULL,'127.0.0.1','Mozilla/5.0 (Macintosh; Intel Mac OS X 10_15_7) AppleWebKit/537.36 (KHTML, like Gecko) Chrome/149.0.0.0 Safari/537.36','2026-06-30 15:44:49'),(856,1,'page.visit','navigation','Visited: notifications',NULL,NULL,NULL,'127.0.0.1','Mozilla/5.0 (Macintosh; Intel Mac OS X 10_15_7) AppleWebKit/537.36 (KHTML, like Gecko) Chrome/149.0.0.0 Safari/537.36','2026-06-30 15:44:49'),(857,1,'page.visit','navigation','Visited: admin/emails',NULL,NULL,NULL,'127.0.0.1','Mozilla/5.0 (Macintosh; Intel Mac OS X 10_15_7) AppleWebKit/537.36 (KHTML, like Gecko) Chrome/149.0.0.0 Safari/537.36','2026-06-30 15:44:55'),(858,1,'page.visit','navigation','Visited: crm/logistics/shipments',NULL,NULL,NULL,'127.0.0.1','Mozilla/5.0 (Macintosh; Intel Mac OS X 10_15_7) AppleWebKit/537.36 (KHTML, like Gecko) Chrome/149.0.0.0 Safari/537.36','2026-06-30 15:44:55'),(859,1,'page.visit','navigation','Visited: notifications',NULL,NULL,NULL,'127.0.0.1','Mozilla/5.0 (Macintosh; Intel Mac OS X 10_15_7) AppleWebKit/537.36 (KHTML, like Gecko) Chrome/149.0.0.0 Safari/537.36','2026-06-30 15:44:55'),(860,1,'page.visit','navigation','Visited: notifications',NULL,NULL,NULL,'127.0.0.1','Mozilla/5.0 (Macintosh; Intel Mac OS X 10_15_7) AppleWebKit/537.36 (KHTML, like Gecko) Chrome/149.0.0.0 Safari/537.36','2026-06-30 15:44:55'),(861,1,'page.visit','navigation','Visited: emails/poll',NULL,NULL,NULL,'127.0.0.1','Mozilla/5.0 (Macintosh; Intel Mac OS X 10_15_7) AppleWebKit/537.36 (KHTML, like Gecko) Chrome/149.0.0.0 Safari/537.36','2026-06-30 15:45:06'),(862,1,'page.visit','navigation','Visited: notifications',NULL,NULL,NULL,'127.0.0.1','Mozilla/5.0 (Macintosh; Intel Mac OS X 10_15_7) AppleWebKit/537.36 (KHTML, like Gecko) Chrome/149.0.0.0 Safari/537.36','2026-06-30 15:45:08'),(863,1,'page.visit','navigation','Visited: notifications',NULL,NULL,NULL,'127.0.0.1','Mozilla/5.0 (Macintosh; Intel Mac OS X 10_15_7) AppleWebKit/537.36 (KHTML, like Gecko) Chrome/149.0.0.0 Safari/537.36','2026-06-30 15:45:08'),(864,1,'page.visit','navigation','Visited: emails/poll',NULL,NULL,NULL,'127.0.0.1','Mozilla/5.0 (Macintosh; Intel Mac OS X 10_15_7) AppleWebKit/537.36 (KHTML, like Gecko) Chrome/149.0.0.0 Safari/537.36','2026-06-30 15:45:16'),(865,1,'page.visit','navigation','Visited: notifications',NULL,NULL,NULL,'127.0.0.1','Mozilla/5.0 (Macintosh; Intel Mac OS X 10_15_7) AppleWebKit/537.36 (KHTML, like Gecko) Chrome/149.0.0.0 Safari/537.36','2026-06-30 15:45:20'),(866,1,'page.visit','navigation','Visited: notifications',NULL,NULL,NULL,'127.0.0.1','Mozilla/5.0 (Macintosh; Intel Mac OS X 10_15_7) AppleWebKit/537.36 (KHTML, like Gecko) Chrome/149.0.0.0 Safari/537.36','2026-06-30 15:45:20'),(867,1,'page.visit','navigation','Visited: emails/poll',NULL,NULL,NULL,'127.0.0.1','Mozilla/5.0 (Macintosh; Intel Mac OS X 10_15_7) AppleWebKit/537.36 (KHTML, like Gecko) Chrome/149.0.0.0 Safari/537.36','2026-06-30 15:45:26'),(868,1,'page.visit','navigation','Visited: notifications',NULL,NULL,NULL,'127.0.0.1','Mozilla/5.0 (Macintosh; Intel Mac OS X 10_15_7) AppleWebKit/537.36 (KHTML, like Gecko) Chrome/149.0.0.0 Safari/537.36','2026-06-30 15:45:32'),(869,1,'page.visit','navigation','Visited: notifications',NULL,NULL,NULL,'127.0.0.1','Mozilla/5.0 (Macintosh; Intel Mac OS X 10_15_7) AppleWebKit/537.36 (KHTML, like Gecko) Chrome/149.0.0.0 Safari/537.36','2026-06-30 15:45:32'),(870,1,'page.visit','navigation','Visited: emails/poll',NULL,NULL,NULL,'127.0.0.1','Mozilla/5.0 (Macintosh; Intel Mac OS X 10_15_7) AppleWebKit/537.36 (KHTML, like Gecko) Chrome/149.0.0.0 Safari/537.36','2026-06-30 15:45:35'),(871,1,'page.visit','navigation','Visited: admin/emails/accounts',NULL,NULL,NULL,'127.0.0.1','Mozilla/5.0 (Macintosh; Intel Mac OS X 10_15_7) AppleWebKit/537.36 (KHTML, like Gecko) Chrome/149.0.0.0 Safari/537.36','2026-06-30 15:45:36'),(872,1,'page.visit','navigation','Visited: notifications',NULL,NULL,NULL,'127.0.0.1','Mozilla/5.0 (Macintosh; Intel Mac OS X 10_15_7) AppleWebKit/537.36 (KHTML, like Gecko) Chrome/149.0.0.0 Safari/537.36','2026-06-30 15:45:36'),(873,1,'page.visit','navigation','Visited: notifications',NULL,NULL,NULL,'127.0.0.1','Mozilla/5.0 (Macintosh; Intel Mac OS X 10_15_7) AppleWebKit/537.36 (KHTML, like Gecko) Chrome/149.0.0.0 Safari/537.36','2026-06-30 15:45:44'),(874,1,'page.visit','navigation','Visited: notifications',NULL,NULL,NULL,'127.0.0.1','Mozilla/5.0 (Macintosh; Intel Mac OS X 10_15_7) AppleWebKit/537.36 (KHTML, like Gecko) Chrome/149.0.0.0 Safari/537.36','2026-06-30 15:45:48'),(875,1,'page.visit','navigation','Visited: notifications',NULL,NULL,NULL,'127.0.0.1','Mozilla/5.0 (Macintosh; Intel Mac OS X 10_15_7) AppleWebKit/537.36 (KHTML, like Gecko) Chrome/149.0.0.0 Safari/537.36','2026-06-30 15:45:56'),(876,1,'page.visit','navigation','Visited: crm/website',NULL,NULL,NULL,'127.0.0.1','Mozilla/5.0 (Macintosh; Intel Mac OS X 10_15_7) AppleWebKit/537.36 (KHTML, like Gecko) Chrome/149.0.0.0 Safari/537.36','2026-06-30 15:45:58'),(877,1,'page.visit','navigation','Visited: notifications',NULL,NULL,NULL,'127.0.0.1','Mozilla/5.0 (Macintosh; Intel Mac OS X 10_15_7) AppleWebKit/537.36 (KHTML, like Gecko) Chrome/149.0.0.0 Safari/537.36','2026-06-30 15:45:58'),(878,1,'page.visit','navigation','Visited: crm/website/create',NULL,NULL,NULL,'127.0.0.1','Mozilla/5.0 (Macintosh; Intel Mac OS X 10_15_7) AppleWebKit/537.36 (KHTML, like Gecko) Chrome/149.0.0.0 Safari/537.36','2026-06-30 15:46:00'),(879,1,'page.visit','navigation','Visited: notifications',NULL,NULL,NULL,'127.0.0.1','Mozilla/5.0 (Macintosh; Intel Mac OS X 10_15_7) AppleWebKit/537.36 (KHTML, like Gecko) Chrome/149.0.0.0 Safari/537.36','2026-06-30 15:46:00'),(880,1,'page.visit','navigation','Visited: notifications',NULL,NULL,NULL,'127.0.0.1','Mozilla/5.0 (Macintosh; Intel Mac OS X 10_15_7) AppleWebKit/537.36 (KHTML, like Gecko) Chrome/149.0.0.0 Safari/537.36','2026-06-30 15:46:08'),(881,1,'page.visit','navigation','Visited: notifications',NULL,NULL,NULL,'127.0.0.1','Mozilla/5.0 (Macintosh; Intel Mac OS X 10_15_7) AppleWebKit/537.36 (KHTML, like Gecko) Chrome/149.0.0.0 Safari/537.36','2026-06-30 15:46:12'),(882,1,'page.visit','navigation','Visited: notifications',NULL,NULL,NULL,'127.0.0.1','Mozilla/5.0 (Macintosh; Intel Mac OS X 10_15_7) AppleWebKit/537.36 (KHTML, like Gecko) Chrome/149.0.0.0 Safari/537.36','2026-06-30 15:46:25'),(883,1,'page.visit','navigation','Visited: notifications',NULL,NULL,NULL,'127.0.0.1','Mozilla/5.0 (Macintosh; Intel Mac OS X 10_15_7) AppleWebKit/537.36 (KHTML, like Gecko) Chrome/149.0.0.0 Safari/537.36','2026-06-30 15:46:36'),(884,1,'page.visit','navigation','Visited: notifications',NULL,NULL,NULL,'127.0.0.1','Mozilla/5.0 (Macintosh; Intel Mac OS X 10_15_7) AppleWebKit/537.36 (KHTML, like Gecko) Chrome/149.0.0.0 Safari/537.36','2026-06-30 15:46:48'),(885,1,'page.visit','navigation','Visited: notifications',NULL,NULL,NULL,'127.0.0.1','Mozilla/5.0 (Macintosh; Intel Mac OS X 10_15_7) AppleWebKit/537.36 (KHTML, like Gecko) Chrome/149.0.0.0 Safari/537.36','2026-06-30 15:47:01'),(886,1,'page.visit','navigation','Visited: notifications',NULL,NULL,NULL,'127.0.0.1','Mozilla/5.0 (Macintosh; Intel Mac OS X 10_15_7) AppleWebKit/537.36 (KHTML, like Gecko) Chrome/149.0.0.0 Safari/537.36','2026-06-30 15:47:01'),(887,1,'page.visit','navigation','Visited: notifications',NULL,NULL,NULL,'127.0.0.1','Mozilla/5.0 (Macintosh; Intel Mac OS X 10_15_7) AppleWebKit/537.36 (KHTML, like Gecko) Chrome/149.0.0.0 Safari/537.36','2026-06-30 15:47:13'),(888,1,'page.visit','navigation','Visited: notifications',NULL,NULL,NULL,'127.0.0.1','Mozilla/5.0 (Macintosh; Intel Mac OS X 10_15_7) AppleWebKit/537.36 (KHTML, like Gecko) Chrome/149.0.0.0 Safari/537.36','2026-06-30 15:47:25'),(889,1,'page.visit','navigation','Visited: notifications',NULL,NULL,NULL,'127.0.0.1','Mozilla/5.0 (Macintosh; Intel Mac OS X 10_15_7) AppleWebKit/537.36 (KHTML, like Gecko) Chrome/149.0.0.0 Safari/537.36','2026-06-30 15:47:37'),(890,1,'page.visit','navigation','Visited: notifications',NULL,NULL,NULL,'127.0.0.1','Mozilla/5.0 (Macintosh; Intel Mac OS X 10_15_7) AppleWebKit/537.36 (KHTML, like Gecko) Chrome/149.0.0.0 Safari/537.36','2026-06-30 15:47:49'),(891,1,'page.visit','navigation','Visited: notifications',NULL,NULL,NULL,'127.0.0.1','Mozilla/5.0 (Macintosh; Intel Mac OS X 10_15_7) AppleWebKit/537.36 (KHTML, like Gecko) Chrome/149.0.0.0 Safari/537.36','2026-06-30 15:48:01'),(892,1,'page.visit','navigation','Visited: notifications',NULL,NULL,NULL,'127.0.0.1','Mozilla/5.0 (Macintosh; Intel Mac OS X 10_15_7) AppleWebKit/537.36 (KHTML, like Gecko) Chrome/149.0.0.0 Safari/537.36','2026-06-30 15:48:01'),(893,1,'page.visit','navigation','Visited: notifications',NULL,NULL,NULL,'127.0.0.1','Mozilla/5.0 (Macintosh; Intel Mac OS X 10_15_7) AppleWebKit/537.36 (KHTML, like Gecko) Chrome/149.0.0.0 Safari/537.36','2026-06-30 15:48:12'),(894,1,'page.visit','navigation','Visited: notifications',NULL,NULL,NULL,'127.0.0.1','Mozilla/5.0 (Macintosh; Intel Mac OS X 10_15_7) AppleWebKit/537.36 (KHTML, like Gecko) Chrome/149.0.0.0 Safari/537.36','2026-06-30 15:48:24'),(895,1,'page.visit','navigation','Visited: notifications',NULL,NULL,NULL,'127.0.0.1','Mozilla/5.0 (Macintosh; Intel Mac OS X 10_15_7) AppleWebKit/537.36 (KHTML, like Gecko) Chrome/149.0.0.0 Safari/537.36','2026-06-30 15:48:37'),(896,1,'page.visit','navigation','Visited: notifications',NULL,NULL,NULL,'127.0.0.1','Mozilla/5.0 (Macintosh; Intel Mac OS X 10_15_7) AppleWebKit/537.36 (KHTML, like Gecko) Chrome/149.0.0.0 Safari/537.36','2026-06-30 15:48:49'),(897,1,'page.visit','navigation','Visited: notifications',NULL,NULL,NULL,'127.0.0.1','Mozilla/5.0 (Macintosh; Intel Mac OS X 10_15_7) AppleWebKit/537.36 (KHTML, like Gecko) Chrome/149.0.0.0 Safari/537.36','2026-06-30 15:49:00'),(898,1,'page.visit','navigation','Visited: notifications',NULL,NULL,NULL,'127.0.0.1','Mozilla/5.0 (Macintosh; Intel Mac OS X 10_15_7) AppleWebKit/537.36 (KHTML, like Gecko) Chrome/149.0.0.0 Safari/537.36','2026-06-30 15:49:01'),(899,1,'page.visit','navigation','Visited: notifications',NULL,NULL,NULL,'127.0.0.1','Mozilla/5.0 (Macintosh; Intel Mac OS X 10_15_7) AppleWebKit/537.36 (KHTML, like Gecko) Chrome/149.0.0.0 Safari/537.36','2026-06-30 15:49:12'),(900,1,'page.visit','navigation','Visited: notifications',NULL,NULL,NULL,'127.0.0.1','Mozilla/5.0 (Macintosh; Intel Mac OS X 10_15_7) AppleWebKit/537.36 (KHTML, like Gecko) Chrome/149.0.0.0 Safari/537.36','2026-06-30 15:49:24'),(901,1,'page.visit','navigation','Visited: notifications',NULL,NULL,NULL,'127.0.0.1','Mozilla/5.0 (Macintosh; Intel Mac OS X 10_15_7) AppleWebKit/537.36 (KHTML, like Gecko) Chrome/149.0.0.0 Safari/537.36','2026-06-30 15:49:37'),(902,1,'page.visit','navigation','Visited: notifications',NULL,NULL,NULL,'127.0.0.1','Mozilla/5.0 (Macintosh; Intel Mac OS X 10_15_7) AppleWebKit/537.36 (KHTML, like Gecko) Chrome/149.0.0.0 Safari/537.36','2026-06-30 15:49:49'),(903,1,'page.visit','navigation','Visited: notifications',NULL,NULL,NULL,'127.0.0.1','Mozilla/5.0 (Macintosh; Intel Mac OS X 10_15_7) AppleWebKit/537.36 (KHTML, like Gecko) Chrome/149.0.0.0 Safari/537.36','2026-06-30 15:50:00'),(904,1,'page.visit','navigation','Visited: notifications',NULL,NULL,NULL,'127.0.0.1','Mozilla/5.0 (Macintosh; Intel Mac OS X 10_15_7) AppleWebKit/537.36 (KHTML, like Gecko) Chrome/149.0.0.0 Safari/537.36','2026-06-30 15:50:01'),(905,1,'page.visit','navigation','Visited: notifications',NULL,NULL,NULL,'127.0.0.1','Mozilla/5.0 (Macintosh; Intel Mac OS X 10_15_7) AppleWebKit/537.36 (KHTML, like Gecko) Chrome/149.0.0.0 Safari/537.36','2026-06-30 15:50:13'),(906,1,'page.visit','navigation','Visited: notifications',NULL,NULL,NULL,'127.0.0.1','Mozilla/5.0 (Macintosh; Intel Mac OS X 10_15_7) AppleWebKit/537.36 (KHTML, like Gecko) Chrome/149.0.0.0 Safari/537.36','2026-06-30 15:50:25'),(907,1,'page.visit','navigation','Visited: notifications',NULL,NULL,NULL,'127.0.0.1','Mozilla/5.0 (Macintosh; Intel Mac OS X 10_15_7) AppleWebKit/537.36 (KHTML, like Gecko) Chrome/149.0.0.0 Safari/537.36','2026-06-30 15:50:36'),(908,1,'page.visit','navigation','Visited: crm/website/1',NULL,NULL,NULL,'127.0.0.1','Mozilla/5.0 (Macintosh; Intel Mac OS X 10_15_7) AppleWebKit/537.36 (KHTML, like Gecko) Chrome/149.0.0.0 Safari/537.36','2026-06-30 15:50:40'),(909,1,'page.visit','navigation','Visited: notifications',NULL,NULL,NULL,'127.0.0.1','Mozilla/5.0 (Macintosh; Intel Mac OS X 10_15_7) AppleWebKit/537.36 (KHTML, like Gecko) Chrome/149.0.0.0 Safari/537.36','2026-06-30 15:50:40'),(910,1,'page.visit','navigation','Visited: crm/website/1',NULL,NULL,NULL,'127.0.0.1','Mozilla/5.0 (Macintosh; Intel Mac OS X 10_15_7) AppleWebKit/537.36 (KHTML, like Gecko) Chrome/149.0.0.0 Safari/537.36','2026-06-30 15:50:49'),(911,1,'page.visit','navigation','Visited: notifications',NULL,NULL,NULL,'127.0.0.1','Mozilla/5.0 (Macintosh; Intel Mac OS X 10_15_7) AppleWebKit/537.36 (KHTML, like Gecko) Chrome/149.0.0.0 Safari/537.36','2026-06-30 15:50:49'),(912,1,'page.visit','navigation','Visited: crm/website/1',NULL,NULL,NULL,'127.0.0.1','Mozilla/5.0 (Macintosh; Intel Mac OS X 10_15_7) AppleWebKit/537.36 (KHTML, like Gecko) Chrome/149.0.0.0 Safari/537.36','2026-06-30 15:50:52'),(913,1,'page.visit','navigation','Visited: notifications',NULL,NULL,NULL,'127.0.0.1','Mozilla/5.0 (Macintosh; Intel Mac OS X 10_15_7) AppleWebKit/537.36 (KHTML, like Gecko) Chrome/149.0.0.0 Safari/537.36','2026-06-30 15:50:52'),(914,1,'page.visit','navigation','Visited: notifications',NULL,NULL,NULL,'127.0.0.1','Mozilla/5.0 (Macintosh; Intel Mac OS X 10_15_7) AppleWebKit/537.36 (KHTML, like Gecko) Chrome/149.0.0.0 Safari/537.36','2026-06-30 15:51:01'),(915,1,'page.visit','navigation','Visited: crm/website/1',NULL,NULL,NULL,'127.0.0.1','Mozilla/5.0 (Macintosh; Intel Mac OS X 10_15_7) AppleWebKit/537.36 (KHTML, like Gecko) Chrome/149.0.0.0 Safari/537.36','2026-06-30 15:51:01'),(916,1,'page.visit','navigation','Visited: notifications',NULL,NULL,NULL,'127.0.0.1','Mozilla/5.0 (Macintosh; Intel Mac OS X 10_15_7) AppleWebKit/537.36 (KHTML, like Gecko) Chrome/149.0.0.0 Safari/537.36','2026-06-30 15:51:01'),(917,1,'page.visit','navigation','Visited: crm/website/1',NULL,NULL,NULL,'127.0.0.1','Mozilla/5.0 (Macintosh; Intel Mac OS X 10_15_7) AppleWebKit/537.36 (KHTML, like Gecko) Chrome/149.0.0.0 Safari/537.36','2026-06-30 15:51:04'),(918,1,'page.visit','navigation','Visited: notifications',NULL,NULL,NULL,'127.0.0.1','Mozilla/5.0 (Macintosh; Intel Mac OS X 10_15_7) AppleWebKit/537.36 (KHTML, like Gecko) Chrome/149.0.0.0 Safari/537.36','2026-06-30 15:51:04'),(919,1,'page.visit','navigation','Visited: notifications',NULL,NULL,NULL,'127.0.0.1','Mozilla/5.0 (Macintosh; Intel Mac OS X 10_15_7) AppleWebKit/537.36 (KHTML, like Gecko) Chrome/149.0.0.0 Safari/537.36','2026-06-30 15:51:16'),(920,1,'page.visit','navigation','Visited: notifications',NULL,NULL,NULL,'127.0.0.1','Mozilla/5.0 (Macintosh; Intel Mac OS X 10_15_7) AppleWebKit/537.36 (KHTML, like Gecko) Chrome/149.0.0.0 Safari/537.36','2026-06-30 15:51:29'),(921,1,'page.visit','navigation','Visited: notifications',NULL,NULL,NULL,'127.0.0.1','Mozilla/5.0 (Macintosh; Intel Mac OS X 10_15_7) AppleWebKit/537.36 (KHTML, like Gecko) Chrome/149.0.0.0 Safari/537.36','2026-06-30 15:51:41'),(922,1,'page.visit','navigation','Visited: crm/website/1',NULL,NULL,NULL,'127.0.0.1','Mozilla/5.0 (Macintosh; Intel Mac OS X 10_15_7) AppleWebKit/537.36 (KHTML, like Gecko) Chrome/149.0.0.0 Safari/537.36','2026-06-30 15:51:50'),(923,1,'page.visit','navigation','Visited: notifications',NULL,NULL,NULL,'127.0.0.1','Mozilla/5.0 (Macintosh; Intel Mac OS X 10_15_7) AppleWebKit/537.36 (KHTML, like Gecko) Chrome/149.0.0.0 Safari/537.36','2026-06-30 15:51:50'),(924,1,'page.visit','navigation','Visited: crm/website',NULL,NULL,NULL,'127.0.0.1','Mozilla/5.0 (Macintosh; Intel Mac OS X 10_15_7) AppleWebKit/537.36 (KHTML, like Gecko) Chrome/149.0.0.0 Safari/537.36','2026-06-30 15:51:51'),(925,1,'page.visit','navigation','Visited: notifications',NULL,NULL,NULL,'127.0.0.1','Mozilla/5.0 (Macintosh; Intel Mac OS X 10_15_7) AppleWebKit/537.36 (KHTML, like Gecko) Chrome/149.0.0.0 Safari/537.36','2026-06-30 15:51:52'),(926,1,'page.visit','navigation','Visited: crm/website',NULL,NULL,NULL,'127.0.0.1','Mozilla/5.0 (Macintosh; Intel Mac OS X 10_15_7) AppleWebKit/537.36 (KHTML, like Gecko) Chrome/149.0.0.0 Safari/537.36','2026-06-30 15:51:53'),(927,1,'page.visit','navigation','Visited: notifications',NULL,NULL,NULL,'127.0.0.1','Mozilla/5.0 (Macintosh; Intel Mac OS X 10_15_7) AppleWebKit/537.36 (KHTML, like Gecko) Chrome/149.0.0.0 Safari/537.36','2026-06-30 15:51:53'),(928,1,'page.visit','navigation','Visited: crm/website/1',NULL,NULL,NULL,'127.0.0.1','Mozilla/5.0 (Macintosh; Intel Mac OS X 10_15_7) AppleWebKit/537.36 (KHTML, like Gecko) Chrome/149.0.0.0 Safari/537.36','2026-06-30 15:51:59'),(929,1,'page.visit','navigation','Visited: notifications',NULL,NULL,NULL,'127.0.0.1','Mozilla/5.0 (Macintosh; Intel Mac OS X 10_15_7) AppleWebKit/537.36 (KHTML, like Gecko) Chrome/149.0.0.0 Safari/537.36','2026-06-30 15:51:59'),(930,1,'page.visit','navigation','Visited: notifications',NULL,NULL,NULL,'127.0.0.1','Mozilla/5.0 (Macintosh; Intel Mac OS X 10_15_7) AppleWebKit/537.36 (KHTML, like Gecko) Chrome/149.0.0.0 Safari/537.36','2026-06-30 15:52:01'),(931,1,'page.visit','navigation','Visited: crm/website',NULL,NULL,NULL,'127.0.0.1','Mozilla/5.0 (Macintosh; Intel Mac OS X 10_15_7) AppleWebKit/537.36 (KHTML, like Gecko) Chrome/149.0.0.0 Safari/537.36','2026-06-30 15:52:06'),(932,1,'page.visit','navigation','Visited: notifications',NULL,NULL,NULL,'127.0.0.1','Mozilla/5.0 (Macintosh; Intel Mac OS X 10_15_7) AppleWebKit/537.36 (KHTML, like Gecko) Chrome/149.0.0.0 Safari/537.36','2026-06-30 15:52:06'),(933,1,'page.visit','navigation','Visited: crm/customers',NULL,NULL,NULL,'127.0.0.1','Mozilla/5.0 (Macintosh; Intel Mac OS X 10_15_7) AppleWebKit/537.36 (KHTML, like Gecko) Chrome/149.0.0.0 Safari/537.36','2026-06-30 15:52:07'),(934,1,'page.visit','navigation','Visited: notifications',NULL,NULL,NULL,'127.0.0.1','Mozilla/5.0 (Macintosh; Intel Mac OS X 10_15_7) AppleWebKit/537.36 (KHTML, like Gecko) Chrome/149.0.0.0 Safari/537.36','2026-06-30 15:52:07'),(935,1,'page.visit','navigation','Visited: crm/customers',NULL,NULL,NULL,'127.0.0.1','Mozilla/5.0 (Macintosh; Intel Mac OS X 10_15_7) AppleWebKit/537.36 (KHTML, like Gecko) Chrome/149.0.0.0 Safari/537.36','2026-06-30 15:52:08'),(936,1,'page.visit','navigation','Visited: notifications',NULL,NULL,NULL,'127.0.0.1','Mozilla/5.0 (Macintosh; Intel Mac OS X 10_15_7) AppleWebKit/537.36 (KHTML, like Gecko) Chrome/149.0.0.0 Safari/537.36','2026-06-30 15:52:08'),(937,1,'page.visit','navigation','Visited: crm/website',NULL,NULL,NULL,'127.0.0.1','Mozilla/5.0 (Macintosh; Intel Mac OS X 10_15_7) AppleWebKit/537.36 (KHTML, like Gecko) Chrome/149.0.0.0 Safari/537.36','2026-06-30 15:52:11'),(938,1,'page.visit','navigation','Visited: notifications',NULL,NULL,NULL,'127.0.0.1','Mozilla/5.0 (Macintosh; Intel Mac OS X 10_15_7) AppleWebKit/537.36 (KHTML, like Gecko) Chrome/149.0.0.0 Safari/537.36','2026-06-30 15:52:11'),(939,1,'page.visit','navigation','Visited: crm/customers',NULL,NULL,NULL,'127.0.0.1','Mozilla/5.0 (Macintosh; Intel Mac OS X 10_15_7) AppleWebKit/537.36 (KHTML, like Gecko) Chrome/149.0.0.0 Safari/537.36','2026-06-30 15:52:16'),(940,1,'page.visit','navigation','Visited: notifications',NULL,NULL,NULL,'127.0.0.1','Mozilla/5.0 (Macintosh; Intel Mac OS X 10_15_7) AppleWebKit/537.36 (KHTML, like Gecko) Chrome/149.0.0.0 Safari/537.36','2026-06-30 15:52:16'),(941,1,'page.visit','navigation','Visited: crm/website',NULL,NULL,NULL,'127.0.0.1','Mozilla/5.0 (Macintosh; Intel Mac OS X 10_15_7) AppleWebKit/537.36 (KHTML, like Gecko) Chrome/149.0.0.0 Safari/537.36','2026-06-30 15:52:19'),(942,1,'page.visit','navigation','Visited: notifications',NULL,NULL,NULL,'127.0.0.1','Mozilla/5.0 (Macintosh; Intel Mac OS X 10_15_7) AppleWebKit/537.36 (KHTML, like Gecko) Chrome/149.0.0.0 Safari/537.36','2026-06-30 15:52:19'),(943,1,'page.visit','navigation','Visited: crm/website/create',NULL,NULL,NULL,'127.0.0.1','Mozilla/5.0 (Macintosh; Intel Mac OS X 10_15_7) AppleWebKit/537.36 (KHTML, like Gecko) Chrome/149.0.0.0 Safari/537.36','2026-06-30 15:52:22'),(944,1,'page.visit','navigation','Visited: notifications',NULL,NULL,NULL,'127.0.0.1','Mozilla/5.0 (Macintosh; Intel Mac OS X 10_15_7) AppleWebKit/537.36 (KHTML, like Gecko) Chrome/149.0.0.0 Safari/537.36','2026-06-30 15:52:22'),(945,1,'page.visit','navigation','Visited: crm/website',NULL,NULL,NULL,'127.0.0.1','Mozilla/5.0 (Macintosh; Intel Mac OS X 10_15_7) AppleWebKit/537.36 (KHTML, like Gecko) Chrome/149.0.0.0 Safari/537.36','2026-06-30 15:52:24'),(946,1,'page.visit','navigation','Visited: notifications',NULL,NULL,NULL,'127.0.0.1','Mozilla/5.0 (Macintosh; Intel Mac OS X 10_15_7) AppleWebKit/537.36 (KHTML, like Gecko) Chrome/149.0.0.0 Safari/537.36','2026-06-30 15:52:24'),(947,1,'page.visit','navigation','Visited: crm/customers',NULL,NULL,NULL,'127.0.0.1','Mozilla/5.0 (Macintosh; Intel Mac OS X 10_15_7) AppleWebKit/537.36 (KHTML, like Gecko) Chrome/149.0.0.0 Safari/537.36','2026-06-30 15:52:26'),(948,1,'page.visit','navigation','Visited: notifications',NULL,NULL,NULL,'127.0.0.1','Mozilla/5.0 (Macintosh; Intel Mac OS X 10_15_7) AppleWebKit/537.36 (KHTML, like Gecko) Chrome/149.0.0.0 Safari/537.36','2026-06-30 15:52:26'),(949,1,'page.visit','navigation','Visited: admin/emails',NULL,NULL,NULL,'127.0.0.1','Mozilla/5.0 (Macintosh; Intel Mac OS X 10_15_7) AppleWebKit/537.36 (KHTML, like Gecko) Chrome/149.0.0.0 Safari/537.36','2026-06-30 15:52:29'),(950,1,'page.visit','navigation','Visited: notifications',NULL,NULL,NULL,'127.0.0.1','Mozilla/5.0 (Macintosh; Intel Mac OS X 10_15_7) AppleWebKit/537.36 (KHTML, like Gecko) Chrome/149.0.0.0 Safari/537.36','2026-06-30 15:52:29'),(951,1,'page.visit','navigation','Visited: crm/logistics/shipments',NULL,NULL,NULL,'127.0.0.1','Mozilla/5.0 (Macintosh; Intel Mac OS X 10_15_7) AppleWebKit/537.36 (KHTML, like Gecko) Chrome/149.0.0.0 Safari/537.36','2026-06-30 15:52:31'),(952,1,'page.visit','navigation','Visited: notifications',NULL,NULL,NULL,'127.0.0.1','Mozilla/5.0 (Macintosh; Intel Mac OS X 10_15_7) AppleWebKit/537.36 (KHTML, like Gecko) Chrome/149.0.0.0 Safari/537.36','2026-06-30 15:52:31'),(953,1,'page.visit','navigation','Visited: crm/logistics/shipments/create',NULL,NULL,NULL,'127.0.0.1','Mozilla/5.0 (Macintosh; Intel Mac OS X 10_15_7) AppleWebKit/537.36 (KHTML, like Gecko) Chrome/149.0.0.0 Safari/537.36','2026-06-30 15:52:34'),(954,1,'page.visit','navigation','Visited: notifications',NULL,NULL,NULL,'127.0.0.1','Mozilla/5.0 (Macintosh; Intel Mac OS X 10_15_7) AppleWebKit/537.36 (KHTML, like Gecko) Chrome/149.0.0.0 Safari/537.36','2026-06-30 15:52:35'),(955,1,'page.visit','navigation','Visited: crm/logistics',NULL,NULL,NULL,'127.0.0.1','Mozilla/5.0 (Macintosh; Intel Mac OS X 10_15_7) AppleWebKit/537.36 (KHTML, like Gecko) Chrome/149.0.0.0 Safari/537.36','2026-06-30 15:52:36'),(956,1,'page.visit','navigation','Visited: notifications',NULL,NULL,NULL,'127.0.0.1','Mozilla/5.0 (Macintosh; Intel Mac OS X 10_15_7) AppleWebKit/537.36 (KHTML, like Gecko) Chrome/149.0.0.0 Safari/537.36','2026-06-30 15:52:36'),(957,1,'page.visit','navigation','Visited: crm/logistics/shipments/create',NULL,NULL,NULL,'127.0.0.1','Mozilla/5.0 (Macintosh; Intel Mac OS X 10_15_7) AppleWebKit/537.36 (KHTML, like Gecko) Chrome/149.0.0.0 Safari/537.36','2026-06-30 15:52:38'),(958,1,'page.visit','navigation','Visited: notifications',NULL,NULL,NULL,'127.0.0.1','Mozilla/5.0 (Macintosh; Intel Mac OS X 10_15_7) AppleWebKit/537.36 (KHTML, like Gecko) Chrome/149.0.0.0 Safari/537.36','2026-06-30 15:52:39'),(959,1,'page.visit','navigation','Visited: crm/logistics',NULL,NULL,NULL,'127.0.0.1','Mozilla/5.0 (Macintosh; Intel Mac OS X 10_15_7) AppleWebKit/537.36 (KHTML, like Gecko) Chrome/149.0.0.0 Safari/537.36','2026-06-30 15:52:41'),(960,1,'page.visit','navigation','Visited: notifications',NULL,NULL,NULL,'127.0.0.1','Mozilla/5.0 (Macintosh; Intel Mac OS X 10_15_7) AppleWebKit/537.36 (KHTML, like Gecko) Chrome/149.0.0.0 Safari/537.36','2026-06-30 15:52:41'),(961,1,'page.visit','navigation','Visited: crm/logistics/shipments/create',NULL,NULL,NULL,'127.0.0.1','Mozilla/5.0 (Macintosh; Intel Mac OS X 10_15_7) AppleWebKit/537.36 (KHTML, like Gecko) Chrome/149.0.0.0 Safari/537.36','2026-06-30 15:52:43'),(962,1,'page.visit','navigation','Visited: notifications',NULL,NULL,NULL,'127.0.0.1','Mozilla/5.0 (Macintosh; Intel Mac OS X 10_15_7) AppleWebKit/537.36 (KHTML, like Gecko) Chrome/149.0.0.0 Safari/537.36','2026-06-30 15:52:43'),(963,1,'page.visit','navigation','Visited: notifications',NULL,NULL,NULL,'127.0.0.1','Mozilla/5.0 (Macintosh; Intel Mac OS X 10_15_7) AppleWebKit/537.36 (KHTML, like Gecko) Chrome/149.0.0.0 Safari/537.36','2026-06-30 15:52:55'),(964,1,'page.visit','navigation','Visited: notifications',NULL,NULL,NULL,'127.0.0.1','Mozilla/5.0 (Macintosh; Intel Mac OS X 10_15_7) AppleWebKit/537.36 (KHTML, like Gecko) Chrome/149.0.0.0 Safari/537.36','2026-06-30 15:53:01'),(965,1,'page.visit','navigation','Visited: notifications',NULL,NULL,NULL,'127.0.0.1','Mozilla/5.0 (Macintosh; Intel Mac OS X 10_15_7) AppleWebKit/537.36 (KHTML, like Gecko) Chrome/149.0.0.0 Safari/537.36','2026-06-30 15:53:08'),(966,1,'page.visit','navigation','Visited: notifications',NULL,NULL,NULL,'127.0.0.1','Mozilla/5.0 (Macintosh; Intel Mac OS X 10_15_7) AppleWebKit/537.36 (KHTML, like Gecko) Chrome/149.0.0.0 Safari/537.36','2026-06-30 15:53:19'),(967,1,'page.visit','navigation','Visited: notifications',NULL,NULL,NULL,'127.0.0.1','Mozilla/5.0 (Macintosh; Intel Mac OS X 10_15_7) AppleWebKit/537.36 (KHTML, like Gecko) Chrome/149.0.0.0 Safari/537.36','2026-06-30 15:53:32'),(968,1,'page.visit','navigation','Visited: notifications',NULL,NULL,NULL,'127.0.0.1','Mozilla/5.0 (Macintosh; Intel Mac OS X 10_15_7) AppleWebKit/537.36 (KHTML, like Gecko) Chrome/149.0.0.0 Safari/537.36','2026-06-30 15:53:44'),(969,1,'page.visit','navigation','Visited: notifications',NULL,NULL,NULL,'127.0.0.1','Mozilla/5.0 (Macintosh; Intel Mac OS X 10_15_7) AppleWebKit/537.36 (KHTML, like Gecko) Chrome/149.0.0.0 Safari/537.36','2026-06-30 15:53:56'),(970,1,'page.visit','navigation','Visited: notifications',NULL,NULL,NULL,'127.0.0.1','Mozilla/5.0 (Macintosh; Intel Mac OS X 10_15_7) AppleWebKit/537.36 (KHTML, like Gecko) Chrome/149.0.0.0 Safari/537.36','2026-06-30 15:54:01'),(971,1,'page.visit','navigation','Visited: notifications',NULL,NULL,NULL,'127.0.0.1','Mozilla/5.0 (Macintosh; Intel Mac OS X 10_15_7) AppleWebKit/537.36 (KHTML, like Gecko) Chrome/149.0.0.0 Safari/537.36','2026-06-30 15:54:08'),(972,1,'page.visit','navigation','Visited: notifications',NULL,NULL,NULL,'127.0.0.1','Mozilla/5.0 (Macintosh; Intel Mac OS X 10_15_7) AppleWebKit/537.36 (KHTML, like Gecko) Chrome/149.0.0.0 Safari/537.36','2026-06-30 15:54:19'),(973,1,'page.visit','navigation','Visited: crm/logistics/shipments/create',NULL,NULL,NULL,'127.0.0.1','Mozilla/5.0 (Macintosh; Intel Mac OS X 10_15_7) AppleWebKit/537.36 (KHTML, like Gecko) Chrome/149.0.0.0 Safari/537.36','2026-06-30 15:54:28'),(974,1,'page.visit','navigation','Visited: notifications',NULL,NULL,NULL,'127.0.0.1','Mozilla/5.0 (Macintosh; Intel Mac OS X 10_15_7) AppleWebKit/537.36 (KHTML, like Gecko) Chrome/149.0.0.0 Safari/537.36','2026-06-30 15:54:28'),(975,1,'page.visit','navigation','Visited: crm/logistics/shipments/create',NULL,NULL,NULL,'127.0.0.1','Mozilla/5.0 (Macintosh; Intel Mac OS X 10_15_7) AppleWebKit/537.36 (KHTML, like Gecko) Chrome/149.0.0.0 Safari/537.36','2026-06-30 15:54:30'),(976,1,'page.visit','navigation','Visited: notifications',NULL,NULL,NULL,'127.0.0.1','Mozilla/5.0 (Macintosh; Intel Mac OS X 10_15_7) AppleWebKit/537.36 (KHTML, like Gecko) Chrome/149.0.0.0 Safari/537.36','2026-06-30 15:54:30'),(977,1,'page.visit','navigation','Visited: crm/logistics/shipments/create',NULL,NULL,NULL,'127.0.0.1','Mozilla/5.0 (Macintosh; Intel Mac OS X 10_15_7) AppleWebKit/537.36 (KHTML, like Gecko) Chrome/149.0.0.0 Safari/537.36','2026-06-30 15:54:32'),(978,1,'page.visit','navigation','Visited: notifications',NULL,NULL,NULL,'127.0.0.1','Mozilla/5.0 (Macintosh; Intel Mac OS X 10_15_7) AppleWebKit/537.36 (KHTML, like Gecko) Chrome/149.0.0.0 Safari/537.36','2026-06-30 15:54:32'),(979,1,'page.visit','navigation','Visited: notifications',NULL,NULL,NULL,'127.0.0.1','Mozilla/5.0 (Macintosh; Intel Mac OS X 10_15_7) AppleWebKit/537.36 (KHTML, like Gecko) Chrome/149.0.0.0 Safari/537.36','2026-06-30 15:54:45'),(980,1,'page.visit','navigation','Visited: crm/logistics/shipments',NULL,NULL,NULL,'127.0.0.1','Mozilla/5.0 (Macintosh; Intel Mac OS X 10_15_7) AppleWebKit/537.36 (KHTML, like Gecko) Chrome/149.0.0.0 Safari/537.36','2026-06-30 15:54:47'),(981,1,'page.visit','navigation','Visited: notifications',NULL,NULL,NULL,'127.0.0.1','Mozilla/5.0 (Macintosh; Intel Mac OS X 10_15_7) AppleWebKit/537.36 (KHTML, like Gecko) Chrome/149.0.0.0 Safari/537.36','2026-06-30 15:54:47'),(982,1,'page.visit','navigation','Visited: crm/logistics',NULL,NULL,NULL,'127.0.0.1','Mozilla/5.0 (Macintosh; Intel Mac OS X 10_15_7) AppleWebKit/537.36 (KHTML, like Gecko) Chrome/149.0.0.0 Safari/537.36','2026-06-30 15:54:50'),(983,1,'page.visit','navigation','Visited: notifications',NULL,NULL,NULL,'127.0.0.1','Mozilla/5.0 (Macintosh; Intel Mac OS X 10_15_7) AppleWebKit/537.36 (KHTML, like Gecko) Chrome/149.0.0.0 Safari/537.36','2026-06-30 15:54:50'),(984,1,'page.visit','navigation','Visited: crm/logistics/create',NULL,NULL,NULL,'127.0.0.1','Mozilla/5.0 (Macintosh; Intel Mac OS X 10_15_7) AppleWebKit/537.36 (KHTML, like Gecko) Chrome/149.0.0.0 Safari/537.36','2026-06-30 15:54:56'),(985,1,'page.visit','navigation','Visited: notifications',NULL,NULL,NULL,'127.0.0.1','Mozilla/5.0 (Macintosh; Intel Mac OS X 10_15_7) AppleWebKit/537.36 (KHTML, like Gecko) Chrome/149.0.0.0 Safari/537.36','2026-06-30 15:54:56'),(986,1,'page.visit','navigation','Visited: crm/logistics',NULL,NULL,NULL,'127.0.0.1','Mozilla/5.0 (Macintosh; Intel Mac OS X 10_15_7) AppleWebKit/537.36 (KHTML, like Gecko) Chrome/149.0.0.0 Safari/537.36','2026-06-30 15:55:01'),(987,1,'page.visit','navigation','Visited: notifications',NULL,NULL,NULL,'127.0.0.1','Mozilla/5.0 (Macintosh; Intel Mac OS X 10_15_7) AppleWebKit/537.36 (KHTML, like Gecko) Chrome/149.0.0.0 Safari/537.36','2026-06-30 15:55:01'),(988,1,'page.visit','navigation','Visited: notifications',NULL,NULL,NULL,'127.0.0.1','Mozilla/5.0 (Macintosh; Intel Mac OS X 10_15_7) AppleWebKit/537.36 (KHTML, like Gecko) Chrome/149.0.0.0 Safari/537.36','2026-06-30 15:55:01'),(989,1,'page.visit','navigation','Visited: crm/logistics',NULL,NULL,NULL,'127.0.0.1','Mozilla/5.0 (Macintosh; Intel Mac OS X 10_15_7) AppleWebKit/537.36 (KHTML, like Gecko) Chrome/149.0.0.0 Safari/537.36','2026-06-30 15:55:07'),(990,1,'page.visit','navigation','Visited: notifications',NULL,NULL,NULL,'127.0.0.1','Mozilla/5.0 (Macintosh; Intel Mac OS X 10_15_7) AppleWebKit/537.36 (KHTML, like Gecko) Chrome/149.0.0.0 Safari/537.36','2026-06-30 15:55:07'),(991,1,'page.visit','navigation','Visited: crm/logistics/create',NULL,NULL,NULL,'127.0.0.1','Mozilla/5.0 (Macintosh; Intel Mac OS X 10_15_7) AppleWebKit/537.36 (KHTML, like Gecko) Chrome/149.0.0.0 Safari/537.36','2026-06-30 15:55:09'),(992,1,'page.visit','navigation','Visited: notifications',NULL,NULL,NULL,'127.0.0.1','Mozilla/5.0 (Macintosh; Intel Mac OS X 10_15_7) AppleWebKit/537.36 (KHTML, like Gecko) Chrome/149.0.0.0 Safari/537.36','2026-06-30 15:55:09'),(993,1,'page.visit','navigation','Visited: crm/logistics/shipments',NULL,NULL,NULL,'127.0.0.1','Mozilla/5.0 (Macintosh; Intel Mac OS X 10_15_7) AppleWebKit/537.36 (KHTML, like Gecko) Chrome/149.0.0.0 Safari/537.36','2026-06-30 15:55:12'),(994,1,'page.visit','navigation','Visited: notifications',NULL,NULL,NULL,'127.0.0.1','Mozilla/5.0 (Macintosh; Intel Mac OS X 10_15_7) AppleWebKit/537.36 (KHTML, like Gecko) Chrome/149.0.0.0 Safari/537.36','2026-06-30 15:55:12'),(995,1,'page.visit','navigation','Visited: crm/logistics/shipments/create',NULL,NULL,NULL,'127.0.0.1','Mozilla/5.0 (Macintosh; Intel Mac OS X 10_15_7) AppleWebKit/537.36 (KHTML, like Gecko) Chrome/149.0.0.0 Safari/537.36','2026-06-30 15:55:13'),(996,1,'page.visit','navigation','Visited: notifications',NULL,NULL,NULL,'127.0.0.1','Mozilla/5.0 (Macintosh; Intel Mac OS X 10_15_7) AppleWebKit/537.36 (KHTML, like Gecko) Chrome/149.0.0.0 Safari/537.36','2026-06-30 15:55:13'),(997,1,'page.visit','navigation','Visited: crm/logistics',NULL,NULL,NULL,'127.0.0.1','Mozilla/5.0 (Macintosh; Intel Mac OS X 10_15_7) AppleWebKit/537.36 (KHTML, like Gecko) Chrome/149.0.0.0 Safari/537.36','2026-06-30 15:55:15'),(998,1,'page.visit','navigation','Visited: notifications',NULL,NULL,NULL,'127.0.0.1','Mozilla/5.0 (Macintosh; Intel Mac OS X 10_15_7) AppleWebKit/537.36 (KHTML, like Gecko) Chrome/149.0.0.0 Safari/537.36','2026-06-30 15:55:15'),(999,1,'page.visit','navigation','Visited: crm/logistics/create',NULL,NULL,NULL,'127.0.0.1','Mozilla/5.0 (Macintosh; Intel Mac OS X 10_15_7) AppleWebKit/537.36 (KHTML, like Gecko) Chrome/149.0.0.0 Safari/537.36','2026-06-30 15:55:16'),(1000,1,'page.visit','navigation','Visited: notifications',NULL,NULL,NULL,'127.0.0.1','Mozilla/5.0 (Macintosh; Intel Mac OS X 10_15_7) AppleWebKit/537.36 (KHTML, like Gecko) Chrome/149.0.0.0 Safari/537.36','2026-06-30 15:55:16'),(1001,1,'page.visit','navigation','Visited: notifications',NULL,NULL,NULL,'127.0.0.1','Mozilla/5.0 (Macintosh; Intel Mac OS X 10_15_7) AppleWebKit/537.36 (KHTML, like Gecko) Chrome/149.0.0.0 Safari/537.36','2026-06-30 15:55:28'),(1002,1,'page.visit','navigation','Visited: notifications',NULL,NULL,NULL,'127.0.0.1','Mozilla/5.0 (Macintosh; Intel Mac OS X 10_15_7) AppleWebKit/537.36 (KHTML, like Gecko) Chrome/149.0.0.0 Safari/537.36','2026-06-30 15:55:41'),(1003,1,'page.visit','navigation','Visited: notifications',NULL,NULL,NULL,'127.0.0.1','Mozilla/5.0 (Macintosh; Intel Mac OS X 10_15_7) AppleWebKit/537.36 (KHTML, like Gecko) Chrome/149.0.0.0 Safari/537.36','2026-06-30 15:55:52'),(1004,1,'page.visit','navigation','Visited: notifications',NULL,NULL,NULL,'127.0.0.1','Mozilla/5.0 (Macintosh; Intel Mac OS X 10_15_7) AppleWebKit/537.36 (KHTML, like Gecko) Chrome/149.0.0.0 Safari/537.36','2026-06-30 15:56:01'),(1005,1,'page.visit','navigation','Visited: crm/customers',NULL,NULL,NULL,'127.0.0.1','Mozilla/5.0 (Macintosh; Intel Mac OS X 10_15_7) AppleWebKit/537.36 (KHTML, like Gecko) Chrome/149.0.0.0 Safari/537.36','2026-06-30 15:56:01'),(1006,1,'page.visit','navigation','Visited: notifications',NULL,NULL,NULL,'127.0.0.1','Mozilla/5.0 (Macintosh; Intel Mac OS X 10_15_7) AppleWebKit/537.36 (KHTML, like Gecko) Chrome/149.0.0.0 Safari/537.36','2026-06-30 15:56:01'),(1007,1,'page.visit','navigation','Visited: crm/customers/1',NULL,NULL,NULL,'127.0.0.1','Mozilla/5.0 (Macintosh; Intel Mac OS X 10_15_7) AppleWebKit/537.36 (KHTML, like Gecko) Chrome/149.0.0.0 Safari/537.36','2026-06-30 15:56:03'),(1008,1,'page.visit','navigation','Visited: notifications',NULL,NULL,NULL,'127.0.0.1','Mozilla/5.0 (Macintosh; Intel Mac OS X 10_15_7) AppleWebKit/537.36 (KHTML, like Gecko) Chrome/149.0.0.0 Safari/537.36','2026-06-30 15:56:03'),(1009,1,'page.visit','navigation','Visited: notifications',NULL,NULL,NULL,'127.0.0.1','Mozilla/5.0 (Macintosh; Intel Mac OS X 10_15_7) AppleWebKit/537.36 (KHTML, like Gecko) Chrome/149.0.0.0 Safari/537.36','2026-06-30 15:56:15'),(1010,1,'page.visit','navigation','Visited: crm/customers/1/edit',NULL,NULL,NULL,'127.0.0.1','Mozilla/5.0 (Macintosh; Intel Mac OS X 10_15_7) AppleWebKit/537.36 (KHTML, like Gecko) Chrome/149.0.0.0 Safari/537.36','2026-06-30 15:56:23'),(1011,1,'page.visit','navigation','Visited: notifications',NULL,NULL,NULL,'127.0.0.1','Mozilla/5.0 (Macintosh; Intel Mac OS X 10_15_7) AppleWebKit/537.36 (KHTML, like Gecko) Chrome/149.0.0.0 Safari/537.36','2026-06-30 15:56:23'),(1012,1,'page.visit','navigation','Visited: notifications',NULL,NULL,NULL,'127.0.0.1','Mozilla/5.0 (Macintosh; Intel Mac OS X 10_15_7) AppleWebKit/537.36 (KHTML, like Gecko) Chrome/149.0.0.0 Safari/537.36','2026-06-30 15:56:35'),(1013,1,'page.visit','navigation','Visited: notifications',NULL,NULL,NULL,'127.0.0.1','Mozilla/5.0 (Macintosh; Intel Mac OS X 10_15_7) AppleWebKit/537.36 (KHTML, like Gecko) Chrome/149.0.0.0 Safari/537.36','2026-06-30 15:56:48'),(1014,1,'page.visit','navigation','Visited: notifications',NULL,NULL,NULL,'127.0.0.1','Mozilla/5.0 (Macintosh; Intel Mac OS X 10_15_7) AppleWebKit/537.36 (KHTML, like Gecko) Chrome/149.0.0.0 Safari/537.36','2026-06-30 15:57:00'),(1015,1,'page.visit','navigation','Visited: notifications',NULL,NULL,NULL,'127.0.0.1','Mozilla/5.0 (Macintosh; Intel Mac OS X 10_15_7) AppleWebKit/537.36 (KHTML, like Gecko) Chrome/149.0.0.0 Safari/537.36','2026-06-30 15:57:01'),(1016,1,'page.visit','navigation','Visited: notifications',NULL,NULL,NULL,'127.0.0.1','Mozilla/5.0 (Macintosh; Intel Mac OS X 10_15_7) AppleWebKit/537.36 (KHTML, like Gecko) Chrome/149.0.0.0 Safari/537.36','2026-06-30 15:57:12'),(1017,1,'page.visit','navigation','Visited: notifications',NULL,NULL,NULL,'127.0.0.1','Mozilla/5.0 (Macintosh; Intel Mac OS X 10_15_7) AppleWebKit/537.36 (KHTML, like Gecko) Chrome/149.0.0.0 Safari/537.36','2026-06-30 15:57:23'),(1018,1,'page.visit','navigation','Visited: notifications',NULL,NULL,NULL,'127.0.0.1','Mozilla/5.0 (Macintosh; Intel Mac OS X 10_15_7) AppleWebKit/537.36 (KHTML, like Gecko) Chrome/149.0.0.0 Safari/537.36','2026-06-30 15:57:35'),(1019,1,'page.visit','navigation','Visited: notifications',NULL,NULL,NULL,'127.0.0.1','Mozilla/5.0 (Macintosh; Intel Mac OS X 10_15_7) AppleWebKit/537.36 (KHTML, like Gecko) Chrome/149.0.0.0 Safari/537.36','2026-06-30 15:57:47'),(1020,1,'page.visit','navigation','Visited: crm/logistics/shipments',NULL,NULL,NULL,'127.0.0.1','Mozilla/5.0 (Macintosh; Intel Mac OS X 10_15_7) AppleWebKit/537.36 (KHTML, like Gecko) Chrome/149.0.0.0 Safari/537.36','2026-06-30 15:57:52'),(1021,1,'page.visit','navigation','Visited: notifications',NULL,NULL,NULL,'127.0.0.1','Mozilla/5.0 (Macintosh; Intel Mac OS X 10_15_7) AppleWebKit/537.36 (KHTML, like Gecko) Chrome/149.0.0.0 Safari/537.36','2026-06-30 15:57:52'),(1022,1,'page.visit','navigation','Visited: crm/customers',NULL,NULL,NULL,'127.0.0.1','Mozilla/5.0 (Macintosh; Intel Mac OS X 10_15_7) AppleWebKit/537.36 (KHTML, like Gecko) Chrome/149.0.0.0 Safari/537.36','2026-06-30 15:57:53'),(1023,1,'page.visit','navigation','Visited: notifications',NULL,NULL,NULL,'127.0.0.1','Mozilla/5.0 (Macintosh; Intel Mac OS X 10_15_7) AppleWebKit/537.36 (KHTML, like Gecko) Chrome/149.0.0.0 Safari/537.36','2026-06-30 15:57:53'),(1024,1,'page.visit','navigation','Visited: crm/customers/1/edit',NULL,NULL,NULL,'127.0.0.1','Mozilla/5.0 (Macintosh; Intel Mac OS X 10_15_7) AppleWebKit/537.36 (KHTML, like Gecko) Chrome/149.0.0.0 Safari/537.36','2026-06-30 15:57:54'),(1025,1,'page.visit','navigation','Visited: notifications',NULL,NULL,NULL,'127.0.0.1','Mozilla/5.0 (Macintosh; Intel Mac OS X 10_15_7) AppleWebKit/537.36 (KHTML, like Gecko) Chrome/149.0.0.0 Safari/537.36','2026-06-30 15:57:55'),(1026,1,'page.visit','navigation','Visited: crm/customers',NULL,NULL,NULL,'127.0.0.1','Mozilla/5.0 (Macintosh; Intel Mac OS X 10_15_7) AppleWebKit/537.36 (KHTML, like Gecko) Chrome/149.0.0.0 Safari/537.36','2026-06-30 15:58:00'),(1027,1,'page.visit','navigation','Visited: notifications',NULL,NULL,NULL,'127.0.0.1','Mozilla/5.0 (Macintosh; Intel Mac OS X 10_15_7) AppleWebKit/537.36 (KHTML, like Gecko) Chrome/149.0.0.0 Safari/537.36','2026-06-30 15:58:00'),(1028,1,'page.visit','navigation','Visited: notifications',NULL,NULL,NULL,'127.0.0.1','Mozilla/5.0 (Macintosh; Intel Mac OS X 10_15_7) AppleWebKit/537.36 (KHTML, like Gecko) Chrome/149.0.0.0 Safari/537.36','2026-06-30 15:58:01'),(1029,1,'page.visit','navigation','Visited: notifications',NULL,NULL,NULL,'127.0.0.1','Mozilla/5.0 (Macintosh; Intel Mac OS X 10_15_7) AppleWebKit/537.36 (KHTML, like Gecko) Chrome/149.0.0.0 Safari/537.36','2026-06-30 15:58:13'),(1030,1,'page.visit','navigation','Visited: notifications',NULL,NULL,NULL,'127.0.0.1','Mozilla/5.0 (Macintosh; Intel Mac OS X 10_15_7) AppleWebKit/537.36 (KHTML, like Gecko) Chrome/149.0.0.0 Safari/537.36','2026-06-30 15:58:25'),(1031,1,'page.visit','navigation','Visited: notifications',NULL,NULL,NULL,'127.0.0.1','Mozilla/5.0 (Macintosh; Intel Mac OS X 10_15_7) AppleWebKit/537.36 (KHTML, like Gecko) Chrome/149.0.0.0 Safari/537.36','2026-06-30 15:58:36'),(1032,1,'page.visit','navigation','Visited: notifications',NULL,NULL,NULL,'127.0.0.1','Mozilla/5.0 (Macintosh; Intel Mac OS X 10_15_7) AppleWebKit/537.36 (KHTML, like Gecko) Chrome/149.0.0.0 Safari/537.36','2026-06-30 15:58:49'),(1033,1,'page.visit','navigation','Visited: notifications',NULL,NULL,NULL,'127.0.0.1','Mozilla/5.0 (Macintosh; Intel Mac OS X 10_15_7) AppleWebKit/537.36 (KHTML, like Gecko) Chrome/149.0.0.0 Safari/537.36','2026-06-30 15:59:01'),(1034,1,'page.visit','navigation','Visited: notifications',NULL,NULL,NULL,'127.0.0.1','Mozilla/5.0 (Macintosh; Intel Mac OS X 10_15_7) AppleWebKit/537.36 (KHTML, like Gecko) Chrome/149.0.0.0 Safari/537.36','2026-06-30 15:59:01'),(1035,1,'page.visit','navigation','Visited: crm/ebay/stores',NULL,NULL,NULL,'127.0.0.1','Mozilla/5.0 (Macintosh; Intel Mac OS X 10_15_7) AppleWebKit/537.36 (KHTML, like Gecko) Chrome/149.0.0.0 Safari/537.36','2026-06-30 15:59:11'),(1036,1,'page.visit','navigation','Visited: notifications',NULL,NULL,NULL,'127.0.0.1','Mozilla/5.0 (Macintosh; Intel Mac OS X 10_15_7) AppleWebKit/537.36 (KHTML, like Gecko) Chrome/149.0.0.0 Safari/537.36','2026-06-30 15:59:12'),(1037,1,'page.visit','navigation','Visited: admin/emails',NULL,NULL,NULL,'127.0.0.1','Mozilla/5.0 (Macintosh; Intel Mac OS X 10_15_7) AppleWebKit/537.36 (KHTML, like Gecko) Chrome/149.0.0.0 Safari/537.36','2026-06-30 15:59:12'),(1038,1,'page.visit','navigation','Visited: notifications',NULL,NULL,NULL,'127.0.0.1','Mozilla/5.0 (Macintosh; Intel Mac OS X 10_15_7) AppleWebKit/537.36 (KHTML, like Gecko) Chrome/149.0.0.0 Safari/537.36','2026-06-30 15:59:12'),(1039,1,'page.visit','navigation','Visited: crm/website',NULL,NULL,NULL,'127.0.0.1','Mozilla/5.0 (Macintosh; Intel Mac OS X 10_15_7) AppleWebKit/537.36 (KHTML, like Gecko) Chrome/149.0.0.0 Safari/537.36','2026-06-30 15:59:12'),(1040,1,'page.visit','navigation','Visited: notifications',NULL,NULL,NULL,'127.0.0.1','Mozilla/5.0 (Macintosh; Intel Mac OS X 10_15_7) AppleWebKit/537.36 (KHTML, like Gecko) Chrome/149.0.0.0 Safari/537.36','2026-06-30 15:59:13'),(1041,1,'page.visit','navigation','Visited: crm/ebay/stores',NULL,NULL,NULL,'127.0.0.1','Mozilla/5.0 (Macintosh; Intel Mac OS X 10_15_7) AppleWebKit/537.36 (KHTML, like Gecko) Chrome/149.0.0.0 Safari/537.36','2026-06-30 15:59:14'),(1042,1,'page.visit','navigation','Visited: notifications',NULL,NULL,NULL,'127.0.0.1','Mozilla/5.0 (Macintosh; Intel Mac OS X 10_15_7) AppleWebKit/537.36 (KHTML, like Gecko) Chrome/149.0.0.0 Safari/537.36','2026-06-30 15:59:14'),(1043,1,'page.visit','navigation','Visited: crm/ebay/stores',NULL,NULL,NULL,'127.0.0.1','Mozilla/5.0 (Macintosh; Intel Mac OS X 10_15_7) AppleWebKit/537.36 (KHTML, like Gecko) Chrome/149.0.0.0 Safari/537.36','2026-06-30 15:59:16'),(1044,1,'page.visit','navigation','Visited: notifications',NULL,NULL,NULL,'127.0.0.1','Mozilla/5.0 (Macintosh; Intel Mac OS X 10_15_7) AppleWebKit/537.36 (KHTML, like Gecko) Chrome/149.0.0.0 Safari/537.36','2026-06-30 15:59:16'),(1045,1,'page.visit','navigation','Visited: crm/ebay/stores/1',NULL,NULL,NULL,'127.0.0.1','Mozilla/5.0 (Macintosh; Intel Mac OS X 10_15_7) AppleWebKit/537.36 (KHTML, like Gecko) Chrome/149.0.0.0 Safari/537.36','2026-06-30 15:59:19'),(1046,1,'page.visit','navigation','Visited: notifications',NULL,NULL,NULL,'127.0.0.1','Mozilla/5.0 (Macintosh; Intel Mac OS X 10_15_7) AppleWebKit/537.36 (KHTML, like Gecko) Chrome/149.0.0.0 Safari/537.36','2026-06-30 15:59:19'),(1047,1,'page.visit','navigation','Visited: crm/ebay/create',NULL,NULL,NULL,'127.0.0.1','Mozilla/5.0 (Macintosh; Intel Mac OS X 10_15_7) AppleWebKit/537.36 (KHTML, like Gecko) Chrome/149.0.0.0 Safari/537.36','2026-06-30 15:59:21'),(1048,1,'page.visit','navigation','Visited: notifications',NULL,NULL,NULL,'127.0.0.1','Mozilla/5.0 (Macintosh; Intel Mac OS X 10_15_7) AppleWebKit/537.36 (KHTML, like Gecko) Chrome/149.0.0.0 Safari/537.36','2026-06-30 15:59:22'),(1049,1,'page.visit','navigation','Visited: notifications',NULL,NULL,NULL,'127.0.0.1','Mozilla/5.0 (Macintosh; Intel Mac OS X 10_15_7) AppleWebKit/537.36 (KHTML, like Gecko) Chrome/149.0.0.0 Safari/537.36','2026-06-30 15:59:34'),(1050,1,'page.visit','navigation','Visited: notifications',NULL,NULL,NULL,'127.0.0.1','Mozilla/5.0 (Macintosh; Intel Mac OS X 10_15_7) AppleWebKit/537.36 (KHTML, like Gecko) Chrome/149.0.0.0 Safari/537.36','2026-06-30 15:59:46'),(1051,1,'page.visit','navigation','Visited: crm/logistics/shipments',NULL,NULL,NULL,'127.0.0.1','Mozilla/5.0 (Macintosh; Intel Mac OS X 10_15_7) AppleWebKit/537.36 (KHTML, like Gecko) Chrome/149.0.0.0 Safari/537.36','2026-06-30 15:59:52'),(1052,1,'page.visit','navigation','Visited: notifications',NULL,NULL,NULL,'127.0.0.1','Mozilla/5.0 (Macintosh; Intel Mac OS X 10_15_7) AppleWebKit/537.36 (KHTML, like Gecko) Chrome/149.0.0.0 Safari/537.36','2026-06-30 15:59:52'),(1053,1,'page.visit','navigation','Visited: crm/customers',NULL,NULL,NULL,'127.0.0.1','Mozilla/5.0 (Macintosh; Intel Mac OS X 10_15_7) AppleWebKit/537.36 (KHTML, like Gecko) Chrome/149.0.0.0 Safari/537.36','2026-06-30 15:59:52'),(1054,1,'page.visit','navigation','Visited: notifications',NULL,NULL,NULL,'127.0.0.1','Mozilla/5.0 (Macintosh; Intel Mac OS X 10_15_7) AppleWebKit/537.36 (KHTML, like Gecko) Chrome/149.0.0.0 Safari/537.36','2026-06-30 15:59:52'),(1055,1,'page.visit','navigation','Visited: admin/emails',NULL,NULL,NULL,'127.0.0.1','Mozilla/5.0 (Macintosh; Intel Mac OS X 10_15_7) AppleWebKit/537.36 (KHTML, like Gecko) Chrome/149.0.0.0 Safari/537.36','2026-06-30 15:59:53'),(1056,1,'page.visit','navigation','Visited: notifications',NULL,NULL,NULL,'127.0.0.1','Mozilla/5.0 (Macintosh; Intel Mac OS X 10_15_7) AppleWebKit/537.36 (KHTML, like Gecko) Chrome/149.0.0.0 Safari/537.36','2026-06-30 15:59:53'),(1057,1,'page.visit','navigation','Visited: crm/website',NULL,NULL,NULL,'127.0.0.1','Mozilla/5.0 (Macintosh; Intel Mac OS X 10_15_7) AppleWebKit/537.36 (KHTML, like Gecko) Chrome/149.0.0.0 Safari/537.36','2026-06-30 15:59:54'),(1058,1,'page.visit','navigation','Visited: notifications',NULL,NULL,NULL,'127.0.0.1','Mozilla/5.0 (Macintosh; Intel Mac OS X 10_15_7) AppleWebKit/537.36 (KHTML, like Gecko) Chrome/149.0.0.0 Safari/537.36','2026-06-30 15:59:54'),(1059,1,'page.visit','navigation','Visited: crm/website/create',NULL,NULL,NULL,'127.0.0.1','Mozilla/5.0 (Macintosh; Intel Mac OS X 10_15_7) AppleWebKit/537.36 (KHTML, like Gecko) Chrome/149.0.0.0 Safari/537.36','2026-06-30 15:59:55'),(1060,1,'page.visit','navigation','Visited: notifications',NULL,NULL,NULL,'127.0.0.1','Mozilla/5.0 (Macintosh; Intel Mac OS X 10_15_7) AppleWebKit/537.36 (KHTML, like Gecko) Chrome/149.0.0.0 Safari/537.36','2026-06-30 15:59:56'),(1061,1,'page.visit','navigation','Visited: notifications',NULL,NULL,NULL,'127.0.0.1','Mozilla/5.0 (Macintosh; Intel Mac OS X 10_15_7) AppleWebKit/537.36 (KHTML, like Gecko) Chrome/149.0.0.0 Safari/537.36','2026-06-30 16:00:01'),(1062,1,'page.visit','navigation','Visited: notifications',NULL,NULL,NULL,'127.0.0.1','Mozilla/5.0 (Macintosh; Intel Mac OS X 10_15_7) AppleWebKit/537.36 (KHTML, like Gecko) Chrome/149.0.0.0 Safari/537.36','2026-06-30 16:00:08'),(1063,1,'page.visit','navigation','Visited: notifications',NULL,NULL,NULL,'127.0.0.1','Mozilla/5.0 (Macintosh; Intel Mac OS X 10_15_7) AppleWebKit/537.36 (KHTML, like Gecko) Chrome/149.0.0.0 Safari/537.36','2026-06-30 16:00:20'),(1064,1,'page.visit','navigation','Visited: notifications',NULL,NULL,NULL,'127.0.0.1','Mozilla/5.0 (Macintosh; Intel Mac OS X 10_15_7) AppleWebKit/537.36 (KHTML, like Gecko) Chrome/149.0.0.0 Safari/537.36','2026-06-30 16:00:32'),(1065,1,'page.visit','navigation','Visited: notifications',NULL,NULL,NULL,'127.0.0.1','Mozilla/5.0 (Macintosh; Intel Mac OS X 10_15_7) AppleWebKit/537.36 (KHTML, like Gecko) Chrome/149.0.0.0 Safari/537.36','2026-06-30 16:00:44'),(1066,1,'page.visit','navigation','Visited: notifications',NULL,NULL,NULL,'127.0.0.1','Mozilla/5.0 (Macintosh; Intel Mac OS X 10_15_7) AppleWebKit/537.36 (KHTML, like Gecko) Chrome/149.0.0.0 Safari/537.36','2026-06-30 16:00:56'),(1067,1,'page.visit','navigation','Visited: notifications',NULL,NULL,NULL,'127.0.0.1','Mozilla/5.0 (Macintosh; Intel Mac OS X 10_15_7) AppleWebKit/537.36 (KHTML, like Gecko) Chrome/149.0.0.0 Safari/537.36','2026-06-30 16:01:01'),(1068,1,'page.visit','navigation','Visited: notifications',NULL,NULL,NULL,'127.0.0.1','Mozilla/5.0 (Macintosh; Intel Mac OS X 10_15_7) AppleWebKit/537.36 (KHTML, like Gecko) Chrome/149.0.0.0 Safari/537.36','2026-06-30 16:01:08'),(1069,1,'page.visit','navigation','Visited: notifications',NULL,NULL,NULL,'127.0.0.1','Mozilla/5.0 (Macintosh; Intel Mac OS X 10_15_7) AppleWebKit/537.36 (KHTML, like Gecko) Chrome/149.0.0.0 Safari/537.36','2026-06-30 16:01:20'),(1070,1,'page.visit','navigation','Visited: notifications',NULL,NULL,NULL,'127.0.0.1','Mozilla/5.0 (Macintosh; Intel Mac OS X 10_15_7) AppleWebKit/537.36 (KHTML, like Gecko) Chrome/149.0.0.0 Safari/537.36','2026-06-30 16:01:32'),(1071,1,'page.visit','navigation','Visited: crm/ebay/stores',NULL,NULL,NULL,'127.0.0.1','Mozilla/5.0 (Macintosh; Intel Mac OS X 10_15_7) AppleWebKit/537.36 (KHTML, like Gecko) Chrome/149.0.0.0 Safari/537.36','2026-06-30 16:01:33'),(1072,1,'page.visit','navigation','Visited: notifications',NULL,NULL,NULL,'127.0.0.1','Mozilla/5.0 (Macintosh; Intel Mac OS X 10_15_7) AppleWebKit/537.36 (KHTML, like Gecko) Chrome/149.0.0.0 Safari/537.36','2026-06-30 16:01:33'),(1073,1,'page.visit','navigation','Visited: notifications',NULL,NULL,NULL,'127.0.0.1','Mozilla/5.0 (Macintosh; Intel Mac OS X 10_15_7) AppleWebKit/537.36 (KHTML, like Gecko) Chrome/149.0.0.0 Safari/537.36','2026-06-30 16:01:46'),(1074,1,'page.visit','navigation','Visited: notifications',NULL,NULL,NULL,'127.0.0.1','Mozilla/5.0 (Macintosh; Intel Mac OS X 10_15_7) AppleWebKit/537.36 (KHTML, like Gecko) Chrome/149.0.0.0 Safari/537.36','2026-06-30 16:01:58'),(1075,1,'page.visit','navigation','Visited: notifications',NULL,NULL,NULL,'127.0.0.1','Mozilla/5.0 (Macintosh; Intel Mac OS X 10_15_7) AppleWebKit/537.36 (KHTML, like Gecko) Chrome/149.0.0.0 Safari/537.36','2026-06-30 16:02:01'),(1076,1,'page.visit','navigation','Visited: notifications',NULL,NULL,NULL,'127.0.0.1','Mozilla/5.0 (Macintosh; Intel Mac OS X 10_15_7) AppleWebKit/537.36 (KHTML, like Gecko) Chrome/149.0.0.0 Safari/537.36','2026-06-30 16:02:10'),(1077,1,'page.visit','navigation','Visited: notifications',NULL,NULL,NULL,'127.0.0.1','Mozilla/5.0 (Macintosh; Intel Mac OS X 10_15_7) AppleWebKit/537.36 (KHTML, like Gecko) Chrome/149.0.0.0 Safari/537.36','2026-06-30 16:02:22'),(1078,1,'page.visit','navigation','Visited: notifications',NULL,NULL,NULL,'127.0.0.1','Mozilla/5.0 (Macintosh; Intel Mac OS X 10_15_7) AppleWebKit/537.36 (KHTML, like Gecko) Chrome/149.0.0.0 Safari/537.36','2026-06-30 16:02:34'),(1079,1,'page.visit','navigation','Visited: notifications',NULL,NULL,NULL,'127.0.0.1','Mozilla/5.0 (Macintosh; Intel Mac OS X 10_15_7) AppleWebKit/537.36 (KHTML, like Gecko) Chrome/149.0.0.0 Safari/537.36','2026-06-30 16:02:46'),(1080,1,'page.visit','navigation','Visited: notifications',NULL,NULL,NULL,'127.0.0.1','Mozilla/5.0 (Macintosh; Intel Mac OS X 10_15_7) AppleWebKit/537.36 (KHTML, like Gecko) Chrome/149.0.0.0 Safari/537.36','2026-06-30 16:03:01'),(1081,1,'page.visit','navigation','Visited: notifications',NULL,NULL,NULL,'127.0.0.1','Mozilla/5.0 (Macintosh; Intel Mac OS X 10_15_7) AppleWebKit/537.36 (KHTML, like Gecko) Chrome/149.0.0.0 Safari/537.36','2026-06-30 16:03:01'),(1082,1,'page.visit','navigation','Visited: crm/customers',NULL,NULL,NULL,'127.0.0.1','Mozilla/5.0 (Macintosh; Intel Mac OS X 10_15_7) AppleWebKit/537.36 (KHTML, like Gecko) Chrome/149.0.0.0 Safari/537.36','2026-06-30 16:03:06'),(1083,1,'page.visit','navigation','Visited: notifications',NULL,NULL,NULL,'127.0.0.1','Mozilla/5.0 (Macintosh; Intel Mac OS X 10_15_7) AppleWebKit/537.36 (KHTML, like Gecko) Chrome/149.0.0.0 Safari/537.36','2026-06-30 16:03:06'),(1084,1,'page.visit','navigation','Visited: crm/pipeline',NULL,NULL,NULL,'127.0.0.1','Mozilla/5.0 (Macintosh; Intel Mac OS X 10_15_7) AppleWebKit/537.36 (KHTML, like Gecko) Chrome/149.0.0.0 Safari/537.36','2026-06-30 16:03:09'),(1085,1,'page.visit','navigation','Visited: notifications',NULL,NULL,NULL,'127.0.0.1','Mozilla/5.0 (Macintosh; Intel Mac OS X 10_15_7) AppleWebKit/537.36 (KHTML, like Gecko) Chrome/149.0.0.0 Safari/537.36','2026-06-30 16:03:09'),(1086,1,'page.visit','navigation','Visited: crm/pipeline',NULL,NULL,NULL,'127.0.0.1','Mozilla/5.0 (Macintosh; Intel Mac OS X 10_15_7) AppleWebKit/537.36 (KHTML, like Gecko) Chrome/149.0.0.0 Safari/537.36','2026-06-30 16:03:19'),(1087,1,'page.visit','navigation','Visited: notifications',NULL,NULL,NULL,'127.0.0.1','Mozilla/5.0 (Macintosh; Intel Mac OS X 10_15_7) AppleWebKit/537.36 (KHTML, like Gecko) Chrome/149.0.0.0 Safari/537.36','2026-06-30 16:03:19'),(1088,1,'page.visit','navigation','Visited: crm/ebay/stores',NULL,NULL,NULL,'127.0.0.1','Mozilla/5.0 (Macintosh; Intel Mac OS X 10_15_7) AppleWebKit/537.36 (KHTML, like Gecko) Chrome/149.0.0.0 Safari/537.36','2026-06-30 16:03:29'),(1089,1,'page.visit','navigation','Visited: notifications',NULL,NULL,NULL,'127.0.0.1','Mozilla/5.0 (Macintosh; Intel Mac OS X 10_15_7) AppleWebKit/537.36 (KHTML, like Gecko) Chrome/149.0.0.0 Safari/537.36','2026-06-30 16:03:29'),(1090,1,'page.visit','navigation','Visited: crm/ebay/stores',NULL,NULL,NULL,'127.0.0.1','Mozilla/5.0 (Macintosh; Intel Mac OS X 10_15_7) AppleWebKit/537.36 (KHTML, like Gecko) Chrome/149.0.0.0 Safari/537.36','2026-06-30 16:03:30'),(1091,1,'page.visit','navigation','Visited: notifications',NULL,NULL,NULL,'127.0.0.1','Mozilla/5.0 (Macintosh; Intel Mac OS X 10_15_7) AppleWebKit/537.36 (KHTML, like Gecko) Chrome/149.0.0.0 Safari/537.36','2026-06-30 16:03:30'),(1092,1,'page.visit','navigation','Visited: crm/website',NULL,NULL,NULL,'127.0.0.1','Mozilla/5.0 (Macintosh; Intel Mac OS X 10_15_7) AppleWebKit/537.36 (KHTML, like Gecko) Chrome/149.0.0.0 Safari/537.36','2026-06-30 16:03:31'),(1093,1,'page.visit','navigation','Visited: notifications',NULL,NULL,NULL,'127.0.0.1','Mozilla/5.0 (Macintosh; Intel Mac OS X 10_15_7) AppleWebKit/537.36 (KHTML, like Gecko) Chrome/149.0.0.0 Safari/537.36','2026-06-30 16:03:31'),(1094,1,'page.visit','navigation','Visited: admin/emails',NULL,NULL,NULL,'127.0.0.1','Mozilla/5.0 (Macintosh; Intel Mac OS X 10_15_7) AppleWebKit/537.36 (KHTML, like Gecko) Chrome/149.0.0.0 Safari/537.36','2026-06-30 16:03:31'),(1095,1,'page.visit','navigation','Visited: notifications',NULL,NULL,NULL,'127.0.0.1','Mozilla/5.0 (Macintosh; Intel Mac OS X 10_15_7) AppleWebKit/537.36 (KHTML, like Gecko) Chrome/149.0.0.0 Safari/537.36','2026-06-30 16:03:31'),(1096,1,'page.visit','navigation','Visited: crm/ebay/stores',NULL,NULL,NULL,'127.0.0.1','Mozilla/5.0 (Macintosh; Intel Mac OS X 10_15_7) AppleWebKit/537.36 (KHTML, like Gecko) Chrome/149.0.0.0 Safari/537.36','2026-06-30 16:03:33'),(1097,1,'page.visit','navigation','Visited: notifications',NULL,NULL,NULL,'127.0.0.1','Mozilla/5.0 (Macintosh; Intel Mac OS X 10_15_7) AppleWebKit/537.36 (KHTML, like Gecko) Chrome/149.0.0.0 Safari/537.36','2026-06-30 16:03:33'),(1098,1,'page.visit','navigation','Visited: crm/logistics/shipments',NULL,NULL,NULL,'127.0.0.1','Mozilla/5.0 (Macintosh; Intel Mac OS X 10_15_7) AppleWebKit/537.36 (KHTML, like Gecko) Chrome/149.0.0.0 Safari/537.36','2026-06-30 16:03:36'),(1099,1,'page.visit','navigation','Visited: notifications',NULL,NULL,NULL,'127.0.0.1','Mozilla/5.0 (Macintosh; Intel Mac OS X 10_15_7) AppleWebKit/537.36 (KHTML, like Gecko) Chrome/149.0.0.0 Safari/537.36','2026-06-30 16:03:36'),(1100,1,'page.visit','navigation','Visited: crm/customers',NULL,NULL,NULL,'127.0.0.1','Mozilla/5.0 (Macintosh; Intel Mac OS X 10_15_7) AppleWebKit/537.36 (KHTML, like Gecko) Chrome/149.0.0.0 Safari/537.36','2026-06-30 16:03:38'),(1101,1,'page.visit','navigation','Visited: notifications',NULL,NULL,NULL,'127.0.0.1','Mozilla/5.0 (Macintosh; Intel Mac OS X 10_15_7) AppleWebKit/537.36 (KHTML, like Gecko) Chrome/149.0.0.0 Safari/537.36','2026-06-30 16:03:38'),(1102,1,'page.visit','navigation','Visited: notifications',NULL,NULL,NULL,'127.0.0.1','Mozilla/5.0 (Macintosh; Intel Mac OS X 10_15_7) AppleWebKit/537.36 (KHTML, like Gecko) Chrome/149.0.0.0 Safari/537.36','2026-06-30 16:03:50'),(1103,1,'page.visit','navigation','Visited: notifications',NULL,NULL,NULL,'127.0.0.1','Mozilla/5.0 (Macintosh; Intel Mac OS X 10_15_7) AppleWebKit/537.36 (KHTML, like Gecko) Chrome/149.0.0.0 Safari/537.36','2026-06-30 16:04:01'),(1104,1,'page.visit','navigation','Visited: notifications',NULL,NULL,NULL,'127.0.0.1','Mozilla/5.0 (Macintosh; Intel Mac OS X 10_15_7) AppleWebKit/537.36 (KHTML, like Gecko) Chrome/149.0.0.0 Safari/537.36','2026-06-30 16:04:02'),(1105,1,'page.visit','navigation','Visited: crm/logistics/shipments',NULL,NULL,NULL,'127.0.0.1','Mozilla/5.0 (Macintosh; Intel Mac OS X 10_15_7) AppleWebKit/537.36 (KHTML, like Gecko) Chrome/149.0.0.0 Safari/537.36','2026-06-30 16:04:06'),(1106,1,'page.visit','navigation','Visited: notifications',NULL,NULL,NULL,'127.0.0.1','Mozilla/5.0 (Macintosh; Intel Mac OS X 10_15_7) AppleWebKit/537.36 (KHTML, like Gecko) Chrome/149.0.0.0 Safari/537.36','2026-06-30 16:04:06'),(1107,1,'page.visit','navigation','Visited: crm/ebay/stores',NULL,NULL,NULL,'127.0.0.1','Mozilla/5.0 (Macintosh; Intel Mac OS X 10_15_7) AppleWebKit/537.36 (KHTML, like Gecko) Chrome/149.0.0.0 Safari/537.36','2026-06-30 16:04:06'),(1108,1,'page.visit','navigation','Visited: notifications',NULL,NULL,NULL,'127.0.0.1','Mozilla/5.0 (Macintosh; Intel Mac OS X 10_15_7) AppleWebKit/537.36 (KHTML, like Gecko) Chrome/149.0.0.0 Safari/537.36','2026-06-30 16:04:06'),(1109,1,'page.visit','navigation','Visited: crm/website',NULL,NULL,NULL,'127.0.0.1','Mozilla/5.0 (Macintosh; Intel Mac OS X 10_15_7) AppleWebKit/537.36 (KHTML, like Gecko) Chrome/149.0.0.0 Safari/537.36','2026-06-30 16:04:07'),(1110,1,'page.visit','navigation','Visited: notifications',NULL,NULL,NULL,'127.0.0.1','Mozilla/5.0 (Macintosh; Intel Mac OS X 10_15_7) AppleWebKit/537.36 (KHTML, like Gecko) Chrome/149.0.0.0 Safari/537.36','2026-06-30 16:04:07'),(1111,1,'page.visit','navigation','Visited: admin/emails',NULL,NULL,NULL,'127.0.0.1','Mozilla/5.0 (Macintosh; Intel Mac OS X 10_15_7) AppleWebKit/537.36 (KHTML, like Gecko) Chrome/149.0.0.0 Safari/537.36','2026-06-30 16:04:07'),(1112,1,'page.visit','navigation','Visited: notifications',NULL,NULL,NULL,'127.0.0.1','Mozilla/5.0 (Macintosh; Intel Mac OS X 10_15_7) AppleWebKit/537.36 (KHTML, like Gecko) Chrome/149.0.0.0 Safari/537.36','2026-06-30 16:04:07'),(1113,1,'page.visit','navigation','Visited: websites',NULL,NULL,NULL,'127.0.0.1','Mozilla/5.0 (Macintosh; Intel Mac OS X 10_15_7) AppleWebKit/537.36 (KHTML, like Gecko) Chrome/149.0.0.0 Safari/537.36','2026-06-30 16:04:11'),(1114,1,'page.visit','navigation','Visited: notifications',NULL,NULL,NULL,'127.0.0.1','Mozilla/5.0 (Macintosh; Intel Mac OS X 10_15_7) AppleWebKit/537.36 (KHTML, like Gecko) Chrome/149.0.0.0 Safari/537.36','2026-06-30 16:04:11'),(1115,1,'page.visit','navigation','Visited: websites',NULL,NULL,NULL,'127.0.0.1','Mozilla/5.0 (Macintosh; Intel Mac OS X 10_15_7) AppleWebKit/537.36 (KHTML, like Gecko) Chrome/149.0.0.0 Safari/537.36','2026-06-30 16:04:20'),(1116,1,'page.visit','navigation','Visited: notifications',NULL,NULL,NULL,'127.0.0.1','Mozilla/5.0 (Macintosh; Intel Mac OS X 10_15_7) AppleWebKit/537.36 (KHTML, like Gecko) Chrome/149.0.0.0 Safari/537.36','2026-06-30 16:04:20'),(1117,1,'page.visit','navigation','Visited: websites',NULL,NULL,NULL,'127.0.0.1','Mozilla/5.0 (Macintosh; Intel Mac OS X 10_15_7) AppleWebKit/537.36 (KHTML, like Gecko) Chrome/149.0.0.0 Safari/537.36','2026-06-30 16:04:21'),(1118,1,'page.visit','navigation','Visited: notifications',NULL,NULL,NULL,'127.0.0.1','Mozilla/5.0 (Macintosh; Intel Mac OS X 10_15_7) AppleWebKit/537.36 (KHTML, like Gecko) Chrome/149.0.0.0 Safari/537.36','2026-06-30 16:04:21'),(1119,1,'page.visit','navigation','Visited: websites',NULL,NULL,NULL,'127.0.0.1','Mozilla/5.0 (Macintosh; Intel Mac OS X 10_15_7) AppleWebKit/537.36 (KHTML, like Gecko) Chrome/149.0.0.0 Safari/537.36','2026-06-30 16:04:22'),(1120,1,'page.visit','navigation','Visited: notifications',NULL,NULL,NULL,'127.0.0.1','Mozilla/5.0 (Macintosh; Intel Mac OS X 10_15_7) AppleWebKit/537.36 (KHTML, like Gecko) Chrome/149.0.0.0 Safari/537.36','2026-06-30 16:04:22'),(1121,1,'page.visit','navigation','Visited: notifications',NULL,NULL,NULL,'127.0.0.1','Mozilla/5.0 (Macintosh; Intel Mac OS X 10_15_7) AppleWebKit/537.36 (KHTML, like Gecko) Chrome/149.0.0.0 Safari/537.36','2026-06-30 16:04:34'),(1122,1,'page.visit','navigation','Visited: notifications',NULL,NULL,NULL,'127.0.0.1','Mozilla/5.0 (Macintosh; Intel Mac OS X 10_15_7) AppleWebKit/537.36 (KHTML, like Gecko) Chrome/149.0.0.0 Safari/537.36','2026-06-30 16:04:46'),(1123,1,'website_created',NULL,'Website \"Konstructz\" created.',NULL,NULL,NULL,'127.0.0.1','Mozilla/5.0 (Macintosh; Intel Mac OS X 10_15_7) AppleWebKit/537.36 (KHTML, like Gecko) Chrome/149.0.0.0 Safari/537.36','2026-06-30 16:04:47'),(1124,1,'page.visit','navigation','Visited: websites',NULL,NULL,NULL,'127.0.0.1','Mozilla/5.0 (Macintosh; Intel Mac OS X 10_15_7) AppleWebKit/537.36 (KHTML, like Gecko) Chrome/149.0.0.0 Safari/537.36','2026-06-30 16:04:47'),(1125,1,'page.visit','navigation','Visited: notifications',NULL,NULL,NULL,'127.0.0.1','Mozilla/5.0 (Macintosh; Intel Mac OS X 10_15_7) AppleWebKit/537.36 (KHTML, like Gecko) Chrome/149.0.0.0 Safari/537.36','2026-06-30 16:04:47'),(1126,1,'page.visit','navigation','Visited: notifications',NULL,NULL,NULL,'127.0.0.1','Mozilla/5.0 (Macintosh; Intel Mac OS X 10_15_7) AppleWebKit/537.36 (KHTML, like Gecko) Chrome/149.0.0.0 Safari/537.36','2026-06-30 16:04:59'),(1127,1,'page.visit','navigation','Visited: notifications',NULL,NULL,NULL,'127.0.0.1','Mozilla/5.0 (Macintosh; Intel Mac OS X 10_15_7) AppleWebKit/537.36 (KHTML, like Gecko) Chrome/149.0.0.0 Safari/537.36','2026-06-30 16:05:01'),(1128,1,'progress_updated',NULL,'Build progress for \"Konstructz\" updated to 10%.',NULL,NULL,NULL,'127.0.0.1','Mozilla/5.0 (Macintosh; Intel Mac OS X 10_15_7) AppleWebKit/537.36 (KHTML, like Gecko) Chrome/149.0.0.0 Safari/537.36','2026-06-30 16:05:02'),(1129,1,'page.visit','navigation','Visited: websites',NULL,NULL,NULL,'127.0.0.1','Mozilla/5.0 (Macintosh; Intel Mac OS X 10_15_7) AppleWebKit/537.36 (KHTML, like Gecko) Chrome/149.0.0.0 Safari/537.36','2026-06-30 16:05:02'),(1130,1,'page.visit','navigation','Visited: notifications',NULL,NULL,NULL,'127.0.0.1','Mozilla/5.0 (Macintosh; Intel Mac OS X 10_15_7) AppleWebKit/537.36 (KHTML, like Gecko) Chrome/149.0.0.0 Safari/537.36','2026-06-30 16:05:02'),(1131,1,'progress_updated',NULL,'Build progress for \"Konstructz\" updated to 100%.',NULL,NULL,NULL,'127.0.0.1','Mozilla/5.0 (Macintosh; Intel Mac OS X 10_15_7) AppleWebKit/537.36 (KHTML, like Gecko) Chrome/149.0.0.0 Safari/537.36','2026-06-30 16:05:07'),(1132,1,'page.visit','navigation','Visited: websites',NULL,NULL,NULL,'127.0.0.1','Mozilla/5.0 (Macintosh; Intel Mac OS X 10_15_7) AppleWebKit/537.36 (KHTML, like Gecko) Chrome/149.0.0.0 Safari/537.36','2026-06-30 16:05:07'),(1133,1,'page.visit','navigation','Visited: notifications',NULL,NULL,NULL,'127.0.0.1','Mozilla/5.0 (Macintosh; Intel Mac OS X 10_15_7) AppleWebKit/537.36 (KHTML, like Gecko) Chrome/149.0.0.0 Safari/537.36','2026-06-30 16:05:07'),(1134,1,'qc_approved',NULL,'QC approved for \"Konstructz\". Pending Supervisor approval.',NULL,NULL,NULL,'127.0.0.1','Mozilla/5.0 (Macintosh; Intel Mac OS X 10_15_7) AppleWebKit/537.36 (KHTML, like Gecko) Chrome/149.0.0.0 Safari/537.36','2026-06-30 16:05:09'),(1135,1,'page.visit','navigation','Visited: websites',NULL,NULL,NULL,'127.0.0.1','Mozilla/5.0 (Macintosh; Intel Mac OS X 10_15_7) AppleWebKit/537.36 (KHTML, like Gecko) Chrome/149.0.0.0 Safari/537.36','2026-06-30 16:05:09'),(1136,1,'page.visit','navigation','Visited: notifications',NULL,NULL,NULL,'127.0.0.1','Mozilla/5.0 (Macintosh; Intel Mac OS X 10_15_7) AppleWebKit/537.36 (KHTML, like Gecko) Chrome/149.0.0.0 Safari/537.36','2026-06-30 16:05:09'),(1137,1,'supervisor_approved',NULL,'Supervisor approved for \"Konstructz\". Website is now LIVE.',NULL,NULL,NULL,'127.0.0.1','Mozilla/5.0 (Macintosh; Intel Mac OS X 10_15_7) AppleWebKit/537.36 (KHTML, like Gecko) Chrome/149.0.0.0 Safari/537.36','2026-06-30 16:05:11'),(1138,1,'page.visit','navigation','Visited: websites',NULL,NULL,NULL,'127.0.0.1','Mozilla/5.0 (Macintosh; Intel Mac OS X 10_15_7) AppleWebKit/537.36 (KHTML, like Gecko) Chrome/149.0.0.0 Safari/537.36','2026-06-30 16:05:11'),(1139,1,'page.visit','navigation','Visited: notifications',NULL,NULL,NULL,'127.0.0.1','Mozilla/5.0 (Macintosh; Intel Mac OS X 10_15_7) AppleWebKit/537.36 (KHTML, like Gecko) Chrome/149.0.0.0 Safari/537.36','2026-06-30 16:05:11'),(1140,1,'page.visit','navigation','Visited: notifications',NULL,NULL,NULL,'127.0.0.1','Mozilla/5.0 (Macintosh; Intel Mac OS X 10_15_7) AppleWebKit/537.36 (KHTML, like Gecko) Chrome/149.0.0.0 Safari/537.36','2026-06-30 16:05:23'),(1141,1,'page.visit','navigation','Visited: notifications',NULL,NULL,NULL,'127.0.0.1','Mozilla/5.0 (Macintosh; Intel Mac OS X 10_15_7) AppleWebKit/537.36 (KHTML, like Gecko) Chrome/149.0.0.0 Safari/537.36','2026-06-30 16:05:35'),(1142,1,'page.visit','navigation','Visited: notifications',NULL,NULL,NULL,'127.0.0.1','Mozilla/5.0 (Macintosh; Intel Mac OS X 10_15_7) AppleWebKit/537.36 (KHTML, like Gecko) Chrome/149.0.0.0 Safari/537.36','2026-06-30 16:05:48'),(1143,1,'page.visit','navigation','Visited: notifications',NULL,NULL,NULL,'127.0.0.1','Mozilla/5.0 (Macintosh; Intel Mac OS X 10_15_7) AppleWebKit/537.36 (KHTML, like Gecko) Chrome/149.0.0.0 Safari/537.36','2026-06-30 16:06:00'),(1144,1,'page.visit','navigation','Visited: notifications',NULL,NULL,NULL,'127.0.0.1','Mozilla/5.0 (Macintosh; Intel Mac OS X 10_15_7) AppleWebKit/537.36 (KHTML, like Gecko) Chrome/149.0.0.0 Safari/537.36','2026-06-30 16:06:01'),(1145,1,'page.visit','navigation','Visited: notifications',NULL,NULL,NULL,'127.0.0.1','Mozilla/5.0 (Macintosh; Intel Mac OS X 10_15_7) AppleWebKit/537.36 (KHTML, like Gecko) Chrome/149.0.0.0 Safari/537.36','2026-06-30 16:06:12'),(1146,1,'page.visit','navigation','Visited: notifications',NULL,NULL,NULL,'127.0.0.1','Mozilla/5.0 (Macintosh; Intel Mac OS X 10_15_7) AppleWebKit/537.36 (KHTML, like Gecko) Chrome/149.0.0.0 Safari/537.36','2026-06-30 16:06:23'),(1147,1,'page.visit','navigation','Visited: admin/maintenance',NULL,NULL,NULL,'127.0.0.1','Mozilla/5.0 (Macintosh; Intel Mac OS X 10_15_7) AppleWebKit/537.36 (KHTML, like Gecko) Chrome/149.0.0.0 Safari/537.36','2026-06-30 16:06:25'),(1148,1,'page.visit','navigation','Visited: notifications',NULL,NULL,NULL,'127.0.0.1','Mozilla/5.0 (Macintosh; Intel Mac OS X 10_15_7) AppleWebKit/537.36 (KHTML, like Gecko) Chrome/149.0.0.0 Safari/537.36','2026-06-30 16:06:25'),(1149,1,'page.visit','navigation','Visited: dashboard',NULL,NULL,NULL,'127.0.0.1','Mozilla/5.0 (Macintosh; Intel Mac OS X 10_15_7) AppleWebKit/537.36 (KHTML, like Gecko) Chrome/149.0.0.0 Safari/537.36','2026-06-30 16:06:28'),(1150,1,'page.visit','navigation','Visited: notifications',NULL,NULL,NULL,'127.0.0.1','Mozilla/5.0 (Macintosh; Intel Mac OS X 10_15_7) AppleWebKit/537.36 (KHTML, like Gecko) Chrome/149.0.0.0 Safari/537.36','2026-06-30 16:06:28'),(1151,1,'page.visit','navigation','Visited: notes/team',NULL,NULL,NULL,'127.0.0.1','Mozilla/5.0 (Macintosh; Intel Mac OS X 10_15_7) AppleWebKit/537.36 (KHTML, like Gecko) Chrome/149.0.0.0 Safari/537.36','2026-06-30 16:06:29'),(1152,1,'page.visit','navigation','Visited: notifications',NULL,NULL,NULL,'127.0.0.1','Mozilla/5.0 (Macintosh; Intel Mac OS X 10_15_7) AppleWebKit/537.36 (KHTML, like Gecko) Chrome/149.0.0.0 Safari/537.36','2026-06-30 16:06:29'),(1153,1,'page.visit','navigation','Visited: notes/api/fetch',NULL,NULL,NULL,'127.0.0.1','Mozilla/5.0 (Macintosh; Intel Mac OS X 10_15_7) AppleWebKit/537.36 (KHTML, like Gecko) Chrome/149.0.0.0 Safari/537.36','2026-06-30 16:06:29'),(1154,1,'page.visit','navigation','Visited: boards',NULL,NULL,NULL,'127.0.0.1','Mozilla/5.0 (Macintosh; Intel Mac OS X 10_15_7) AppleWebKit/537.36 (KHTML, like Gecko) Chrome/149.0.0.0 Safari/537.36','2026-06-30 16:06:30'),(1155,1,'page.visit','navigation','Visited: notifications',NULL,NULL,NULL,'127.0.0.1','Mozilla/5.0 (Macintosh; Intel Mac OS X 10_15_7) AppleWebKit/537.36 (KHTML, like Gecko) Chrome/149.0.0.0 Safari/537.36','2026-06-30 16:06:30'),(1156,1,'page.visit','navigation','Visited: boards',NULL,NULL,NULL,'127.0.0.1','Mozilla/5.0 (Macintosh; Intel Mac OS X 10_15_7) AppleWebKit/537.36 (KHTML, like Gecko) Chrome/149.0.0.0 Safari/537.36','2026-06-30 16:06:32'),(1157,1,'page.visit','navigation','Visited: notifications',NULL,NULL,NULL,'127.0.0.1','Mozilla/5.0 (Macintosh; Intel Mac OS X 10_15_7) AppleWebKit/537.36 (KHTML, like Gecko) Chrome/149.0.0.0 Safari/537.36','2026-06-30 16:06:32'),(1158,1,'page.visit','navigation','Visited: boards',NULL,NULL,NULL,'127.0.0.1','Mozilla/5.0 (Macintosh; Intel Mac OS X 10_15_7) AppleWebKit/537.36 (KHTML, like Gecko) Chrome/149.0.0.0 Safari/537.36','2026-06-30 16:06:32'),(1159,1,'page.visit','navigation','Visited: notifications',NULL,NULL,NULL,'127.0.0.1','Mozilla/5.0 (Macintosh; Intel Mac OS X 10_15_7) AppleWebKit/537.36 (KHTML, like Gecko) Chrome/149.0.0.0 Safari/537.36','2026-06-30 16:06:32'),(1160,1,'page.visit','navigation','Visited: boards',NULL,NULL,NULL,'127.0.0.1','Mozilla/5.0 (Macintosh; Intel Mac OS X 10_15_7) AppleWebKit/537.36 (KHTML, like Gecko) Chrome/149.0.0.0 Safari/537.36','2026-06-30 16:06:33'),(1161,1,'page.visit','navigation','Visited: notifications',NULL,NULL,NULL,'127.0.0.1','Mozilla/5.0 (Macintosh; Intel Mac OS X 10_15_7) AppleWebKit/537.36 (KHTML, like Gecko) Chrome/149.0.0.0 Safari/537.36','2026-06-30 16:06:33'),(1162,1,'page.visit','navigation','Visited: boards',NULL,NULL,NULL,'127.0.0.1','Mozilla/5.0 (Macintosh; Intel Mac OS X 10_15_7) AppleWebKit/537.36 (KHTML, like Gecko) Chrome/149.0.0.0 Safari/537.36','2026-06-30 16:06:33'),(1163,1,'page.visit','navigation','Visited: notifications',NULL,NULL,NULL,'127.0.0.1','Mozilla/5.0 (Macintosh; Intel Mac OS X 10_15_7) AppleWebKit/537.36 (KHTML, like Gecko) Chrome/149.0.0.0 Safari/537.36','2026-06-30 16:06:33'),(1164,1,'page.visit','navigation','Visited: boards',NULL,NULL,NULL,'127.0.0.1','Mozilla/5.0 (Macintosh; Intel Mac OS X 10_15_7) AppleWebKit/537.36 (KHTML, like Gecko) Chrome/149.0.0.0 Safari/537.36','2026-06-30 16:06:33'),(1165,1,'page.visit','navigation','Visited: notifications',NULL,NULL,NULL,'127.0.0.1','Mozilla/5.0 (Macintosh; Intel Mac OS X 10_15_7) AppleWebKit/537.36 (KHTML, like Gecko) Chrome/149.0.0.0 Safari/537.36','2026-06-30 16:06:33'),(1166,1,'page.visit','navigation','Visited: notifications',NULL,NULL,NULL,'127.0.0.1','Mozilla/5.0 (Macintosh; Intel Mac OS X 10_15_7) AppleWebKit/537.36 (KHTML, like Gecko) Chrome/149.0.0.0 Safari/537.36','2026-06-30 16:06:45'),(1167,1,'page.visit','navigation','Visited: notifications',NULL,NULL,NULL,'127.0.0.1','Mozilla/5.0 (Macintosh; Intel Mac OS X 10_15_7) AppleWebKit/537.36 (KHTML, like Gecko) Chrome/149.0.0.0 Safari/537.36','2026-06-30 16:06:58'),(1168,1,'page.visit','navigation','Visited: notifications',NULL,NULL,NULL,'127.0.0.1','Mozilla/5.0 (Macintosh; Intel Mac OS X 10_15_7) AppleWebKit/537.36 (KHTML, like Gecko) Chrome/149.0.0.0 Safari/537.36','2026-06-30 16:07:01'),(1169,1,'page.visit','navigation','Visited: notes/private',NULL,NULL,NULL,'127.0.0.1','Mozilla/5.0 (Macintosh; Intel Mac OS X 10_15_7) AppleWebKit/537.36 (KHTML, like Gecko) Chrome/149.0.0.0 Safari/537.36','2026-06-30 16:07:07'),(1170,1,'page.visit','navigation','Visited: notifications',NULL,NULL,NULL,'127.0.0.1','Mozilla/5.0 (Macintosh; Intel Mac OS X 10_15_7) AppleWebKit/537.36 (KHTML, like Gecko) Chrome/149.0.0.0 Safari/537.36','2026-06-30 16:07:08'),(1171,1,'page.visit','navigation','Visited: notes/api/fetch',NULL,NULL,NULL,'127.0.0.1','Mozilla/5.0 (Macintosh; Intel Mac OS X 10_15_7) AppleWebKit/537.36 (KHTML, like Gecko) Chrome/149.0.0.0 Safari/537.36','2026-06-30 16:07:08'),(1172,1,'page.visit','navigation','Visited: notes/team',NULL,NULL,NULL,'127.0.0.1','Mozilla/5.0 (Macintosh; Intel Mac OS X 10_15_7) AppleWebKit/537.36 (KHTML, like Gecko) Chrome/149.0.0.0 Safari/537.36','2026-06-30 16:07:08'),(1173,1,'page.visit','navigation','Visited: notifications',NULL,NULL,NULL,'127.0.0.1','Mozilla/5.0 (Macintosh; Intel Mac OS X 10_15_7) AppleWebKit/537.36 (KHTML, like Gecko) Chrome/149.0.0.0 Safari/537.36','2026-06-30 16:07:08'),(1174,1,'page.visit','navigation','Visited: notes/api/fetch',NULL,NULL,NULL,'127.0.0.1','Mozilla/5.0 (Macintosh; Intel Mac OS X 10_15_7) AppleWebKit/537.36 (KHTML, like Gecko) Chrome/149.0.0.0 Safari/537.36','2026-06-30 16:07:08'),(1175,1,'page.visit','navigation','Visited: members',NULL,NULL,NULL,'127.0.0.1','Mozilla/5.0 (Macintosh; Intel Mac OS X 10_15_7) AppleWebKit/537.36 (KHTML, like Gecko) Chrome/149.0.0.0 Safari/537.36','2026-06-30 16:07:10'),(1176,1,'page.visit','navigation','Visited: notifications',NULL,NULL,NULL,'127.0.0.1','Mozilla/5.0 (Macintosh; Intel Mac OS X 10_15_7) AppleWebKit/537.36 (KHTML, like Gecko) Chrome/149.0.0.0 Safari/537.36','2026-06-30 16:07:10'),(1177,1,'page.visit','navigation','Visited: social-media',NULL,NULL,NULL,'127.0.0.1','Mozilla/5.0 (Macintosh; Intel Mac OS X 10_15_7) AppleWebKit/537.36 (KHTML, like Gecko) Chrome/149.0.0.0 Safari/537.36','2026-06-30 16:07:12'),(1178,1,'page.visit','navigation','Visited: notifications',NULL,NULL,NULL,'127.0.0.1','Mozilla/5.0 (Macintosh; Intel Mac OS X 10_15_7) AppleWebKit/537.36 (KHTML, like Gecko) Chrome/149.0.0.0 Safari/537.36','2026-06-30 16:07:13'),(1179,1,'page.visit','navigation','Visited: approvals',NULL,NULL,NULL,'127.0.0.1','Mozilla/5.0 (Macintosh; Intel Mac OS X 10_15_7) AppleWebKit/537.36 (KHTML, like Gecko) Chrome/149.0.0.0 Safari/537.36','2026-06-30 16:07:18'),(1180,1,'page.visit','navigation','Visited: notifications',NULL,NULL,NULL,'127.0.0.1','Mozilla/5.0 (Macintosh; Intel Mac OS X 10_15_7) AppleWebKit/537.36 (KHTML, like Gecko) Chrome/149.0.0.0 Safari/537.36','2026-06-30 16:07:19'),(1181,1,'page.visit','navigation','Visited: notifications',NULL,NULL,NULL,'127.0.0.1','Mozilla/5.0 (Macintosh; Intel Mac OS X 10_15_7) AppleWebKit/537.36 (KHTML, like Gecko) Chrome/149.0.0.0 Safari/537.36','2026-06-30 16:07:32'),(1182,1,'page.visit','navigation','Visited: notifications',NULL,NULL,NULL,'127.0.0.1','Mozilla/5.0 (Macintosh; Intel Mac OS X 10_15_7) AppleWebKit/537.36 (KHTML, like Gecko) Chrome/149.0.0.0 Safari/537.36','2026-06-30 16:07:44'),(1183,1,'page.visit','navigation','Visited: notifications',NULL,NULL,NULL,'127.0.0.1','Mozilla/5.0 (Macintosh; Intel Mac OS X 10_15_7) AppleWebKit/537.36 (KHTML, like Gecko) Chrome/149.0.0.0 Safari/537.36','2026-06-30 16:07:56'),(1184,1,'page.visit','navigation','Visited: notifications',NULL,NULL,NULL,'127.0.0.1','Mozilla/5.0 (Macintosh; Intel Mac OS X 10_15_7) AppleWebKit/537.36 (KHTML, like Gecko) Chrome/149.0.0.0 Safari/537.36','2026-06-30 16:08:01'),(1185,1,'page.visit','navigation','Visited: notifications',NULL,NULL,NULL,'127.0.0.1','Mozilla/5.0 (Macintosh; Intel Mac OS X 10_15_7) AppleWebKit/537.36 (KHTML, like Gecko) Chrome/149.0.0.0 Safari/537.36','2026-06-30 16:08:08'),(1186,1,'page.visit','navigation','Visited: notifications',NULL,NULL,NULL,'127.0.0.1','Mozilla/5.0 (Macintosh; Intel Mac OS X 10_15_7) AppleWebKit/537.36 (KHTML, like Gecko) Chrome/149.0.0.0 Safari/537.36','2026-06-30 16:08:20'),(1187,1,'page.visit','navigation','Visited: notifications',NULL,NULL,NULL,'127.0.0.1','Mozilla/5.0 (Macintosh; Intel Mac OS X 10_15_7) AppleWebKit/537.36 (KHTML, like Gecko) Chrome/149.0.0.0 Safari/537.36','2026-06-30 16:08:32'),(1188,1,'page.visit','navigation','Visited: approvals',NULL,NULL,NULL,'127.0.0.1','Mozilla/5.0 (Macintosh; Intel Mac OS X 10_15_7) AppleWebKit/537.36 (KHTML, like Gecko) Chrome/149.0.0.0 Safari/537.36','2026-06-30 16:08:40'),(1189,1,'page.visit','navigation','Visited: notifications',NULL,NULL,NULL,'127.0.0.1','Mozilla/5.0 (Macintosh; Intel Mac OS X 10_15_7) AppleWebKit/537.36 (KHTML, like Gecko) Chrome/149.0.0.0 Safari/537.36','2026-06-30 16:08:40'),(1190,1,'page.visit','navigation','Visited: crm/logistics/shipments',NULL,NULL,NULL,'127.0.0.1','Mozilla/5.0 (Macintosh; Intel Mac OS X 10_15_7) AppleWebKit/537.36 (KHTML, like Gecko) Chrome/149.0.0.0 Safari/537.36','2026-06-30 16:08:42'),(1191,1,'page.visit','navigation','Visited: notifications',NULL,NULL,NULL,'127.0.0.1','Mozilla/5.0 (Macintosh; Intel Mac OS X 10_15_7) AppleWebKit/537.36 (KHTML, like Gecko) Chrome/149.0.0.0 Safari/537.36','2026-06-30 16:08:42'),(1192,1,'page.visit','navigation','Visited: crm/customers',NULL,NULL,NULL,'127.0.0.1','Mozilla/5.0 (Macintosh; Intel Mac OS X 10_15_7) AppleWebKit/537.36 (KHTML, like Gecko) Chrome/149.0.0.0 Safari/537.36','2026-06-30 16:08:42'),(1193,1,'page.visit','navigation','Visited: notifications',NULL,NULL,NULL,'127.0.0.1','Mozilla/5.0 (Macintosh; Intel Mac OS X 10_15_7) AppleWebKit/537.36 (KHTML, like Gecko) Chrome/149.0.0.0 Safari/537.36','2026-06-30 16:08:42'),(1194,1,'page.visit','navigation','Visited: crm/customers/create',NULL,NULL,NULL,'127.0.0.1','Mozilla/5.0 (Macintosh; Intel Mac OS X 10_15_7) AppleWebKit/537.36 (KHTML, like Gecko) Chrome/149.0.0.0 Safari/537.36','2026-06-30 16:08:45'),(1195,1,'page.visit','navigation','Visited: notifications',NULL,NULL,NULL,'127.0.0.1','Mozilla/5.0 (Macintosh; Intel Mac OS X 10_15_7) AppleWebKit/537.36 (KHTML, like Gecko) Chrome/149.0.0.0 Safari/537.36','2026-06-30 16:08:45'),(1196,1,'page.visit','navigation','Visited: crm/logistics/shipments',NULL,NULL,NULL,'127.0.0.1','Mozilla/5.0 (Macintosh; Intel Mac OS X 10_15_7) AppleWebKit/537.36 (KHTML, like Gecko) Chrome/149.0.0.0 Safari/537.36','2026-06-30 16:08:50'),(1197,1,'page.visit','navigation','Visited: notifications',NULL,NULL,NULL,'127.0.0.1','Mozilla/5.0 (Macintosh; Intel Mac OS X 10_15_7) AppleWebKit/537.36 (KHTML, like Gecko) Chrome/149.0.0.0 Safari/537.36','2026-06-30 16:08:50'),(1198,1,'page.visit','navigation','Visited: crm/logistics/shipments/create',NULL,NULL,NULL,'127.0.0.1','Mozilla/5.0 (Macintosh; Intel Mac OS X 10_15_7) AppleWebKit/537.36 (KHTML, like Gecko) Chrome/149.0.0.0 Safari/537.36','2026-06-30 16:08:54'),(1199,1,'page.visit','navigation','Visited: notifications',NULL,NULL,NULL,'127.0.0.1','Mozilla/5.0 (Macintosh; Intel Mac OS X 10_15_7) AppleWebKit/537.36 (KHTML, like Gecko) Chrome/149.0.0.0 Safari/537.36','2026-06-30 16:08:54'),(1200,1,'page.visit','navigation','Visited: crm/logistics',NULL,NULL,NULL,'127.0.0.1','Mozilla/5.0 (Macintosh; Intel Mac OS X 10_15_7) AppleWebKit/537.36 (KHTML, like Gecko) Chrome/149.0.0.0 Safari/537.36','2026-06-30 16:08:56'),(1201,1,'page.visit','navigation','Visited: notifications',NULL,NULL,NULL,'127.0.0.1','Mozilla/5.0 (Macintosh; Intel Mac OS X 10_15_7) AppleWebKit/537.36 (KHTML, like Gecko) Chrome/149.0.0.0 Safari/537.36','2026-06-30 16:08:56'),(1202,1,'page.visit','navigation','Visited: crm/logistics/create',NULL,NULL,NULL,'127.0.0.1','Mozilla/5.0 (Macintosh; Intel Mac OS X 10_15_7) AppleWebKit/537.36 (KHTML, like Gecko) Chrome/149.0.0.0 Safari/537.36','2026-06-30 16:08:58'),(1203,1,'page.visit','navigation','Visited: notifications',NULL,NULL,NULL,'127.0.0.1','Mozilla/5.0 (Macintosh; Intel Mac OS X 10_15_7) AppleWebKit/537.36 (KHTML, like Gecko) Chrome/149.0.0.0 Safari/537.36','2026-06-30 16:08:58'),(1204,1,'page.visit','navigation','Visited: notifications',NULL,NULL,NULL,'127.0.0.1','Mozilla/5.0 (Macintosh; Intel Mac OS X 10_15_7) AppleWebKit/537.36 (KHTML, like Gecko) Chrome/149.0.0.0 Safari/537.36','2026-06-30 16:09:01'),(1205,1,'page.visit','navigation','Visited: notifications',NULL,NULL,NULL,'127.0.0.1','Mozilla/5.0 (Macintosh; Intel Mac OS X 10_15_7) AppleWebKit/537.36 (KHTML, like Gecko) Chrome/149.0.0.0 Safari/537.36','2026-06-30 16:09:10'),(1206,1,'page.visit','navigation','Visited: notifications',NULL,NULL,NULL,'127.0.0.1','Mozilla/5.0 (Macintosh; Intel Mac OS X 10_15_7) AppleWebKit/537.36 (KHTML, like Gecko) Chrome/149.0.0.0 Safari/537.36','2026-06-30 16:09:23'),(1207,1,'page.visit','navigation','Visited: notifications',NULL,NULL,NULL,'127.0.0.1','Mozilla/5.0 (Macintosh; Intel Mac OS X 10_15_7) AppleWebKit/537.36 (KHTML, like Gecko) Chrome/149.0.0.0 Safari/537.36','2026-06-30 16:09:35'),(1208,1,'page.visit','navigation','Visited: notifications',NULL,NULL,NULL,'127.0.0.1','Mozilla/5.0 (Macintosh; Intel Mac OS X 10_15_7) AppleWebKit/537.36 (KHTML, like Gecko) Chrome/149.0.0.0 Safari/537.36','2026-06-30 16:09:46'),(1209,1,'page.visit','navigation','Visited: notifications',NULL,NULL,NULL,'127.0.0.1','Mozilla/5.0 (Macintosh; Intel Mac OS X 10_15_7) AppleWebKit/537.36 (KHTML, like Gecko) Chrome/149.0.0.0 Safari/537.36','2026-06-30 16:09:59'),(1210,1,'page.visit','navigation','Visited: notifications',NULL,NULL,NULL,'127.0.0.1','Mozilla/5.0 (Macintosh; Intel Mac OS X 10_15_7) AppleWebKit/537.36 (KHTML, like Gecko) Chrome/149.0.0.0 Safari/537.36','2026-06-30 16:10:01'),(1211,1,'page.visit','navigation','Visited: notifications',NULL,NULL,NULL,'127.0.0.1','Mozilla/5.0 (Macintosh; Intel Mac OS X 10_15_7) AppleWebKit/537.36 (KHTML, like Gecko) Chrome/149.0.0.0 Safari/537.36','2026-06-30 16:10:11'),(1212,1,'page.visit','navigation','Visited: notifications',NULL,NULL,NULL,'127.0.0.1','Mozilla/5.0 (Macintosh; Intel Mac OS X 10_15_7) AppleWebKit/537.36 (KHTML, like Gecko) Chrome/149.0.0.0 Safari/537.36','2026-06-30 16:10:23'),(1213,1,'page.visit','navigation','Visited: notifications',NULL,NULL,NULL,'127.0.0.1','Mozilla/5.0 (Macintosh; Intel Mac OS X 10_15_7) AppleWebKit/537.36 (KHTML, like Gecko) Chrome/149.0.0.0 Safari/537.36','2026-06-30 16:10:35'),(1214,1,'page.visit','navigation','Visited: notifications',NULL,NULL,NULL,'127.0.0.1','Mozilla/5.0 (Macintosh; Intel Mac OS X 10_15_7) AppleWebKit/537.36 (KHTML, like Gecko) Chrome/149.0.0.0 Safari/537.36','2026-06-30 16:10:47'),(1215,1,'page.visit','navigation','Visited: notifications',NULL,NULL,NULL,'127.0.0.1','Mozilla/5.0 (Macintosh; Intel Mac OS X 10_15_7) AppleWebKit/537.36 (KHTML, like Gecko) Chrome/149.0.0.0 Safari/537.36','2026-06-30 16:10:59'),(1216,1,'page.visit','navigation','Visited: notifications',NULL,NULL,NULL,'127.0.0.1','Mozilla/5.0 (Macintosh; Intel Mac OS X 10_15_7) AppleWebKit/537.36 (KHTML, like Gecko) Chrome/149.0.0.0 Safari/537.36','2026-06-30 16:11:01'),(1217,1,'page.visit','navigation','Visited: notifications',NULL,NULL,NULL,'127.0.0.1','Mozilla/5.0 (Macintosh; Intel Mac OS X 10_15_7) AppleWebKit/537.36 (KHTML, like Gecko) Chrome/149.0.0.0 Safari/537.36','2026-06-30 16:11:10'),(1218,1,'page.visit','navigation','Visited: notifications',NULL,NULL,NULL,'127.0.0.1','Mozilla/5.0 (Macintosh; Intel Mac OS X 10_15_7) AppleWebKit/537.36 (KHTML, like Gecko) Chrome/149.0.0.0 Safari/537.36','2026-06-30 16:11:23'),(1219,1,'page.visit','navigation','Visited: notifications',NULL,NULL,NULL,'127.0.0.1','Mozilla/5.0 (Macintosh; Intel Mac OS X 10_15_7) AppleWebKit/537.36 (KHTML, like Gecko) Chrome/149.0.0.0 Safari/537.36','2026-06-30 16:11:35'),(1220,1,'page.visit','navigation','Visited: notifications',NULL,NULL,NULL,'127.0.0.1','Mozilla/5.0 (Macintosh; Intel Mac OS X 10_15_7) AppleWebKit/537.36 (KHTML, like Gecko) Chrome/149.0.0.0 Safari/537.36','2026-06-30 16:11:47'),(1221,1,'page.visit','navigation','Visited: notifications',NULL,NULL,NULL,'127.0.0.1','Mozilla/5.0 (Macintosh; Intel Mac OS X 10_15_7) AppleWebKit/537.36 (KHTML, like Gecko) Chrome/149.0.0.0 Safari/537.36','2026-06-30 16:11:59'),(1222,1,'page.visit','navigation','Visited: notifications',NULL,NULL,NULL,'127.0.0.1','Mozilla/5.0 (Macintosh; Intel Mac OS X 10_15_7) AppleWebKit/537.36 (KHTML, like Gecko) Chrome/149.0.0.0 Safari/537.36','2026-06-30 16:12:01'),(1223,1,'page.visit','navigation','Visited: notifications',NULL,NULL,NULL,'127.0.0.1','Mozilla/5.0 (Macintosh; Intel Mac OS X 10_15_7) AppleWebKit/537.36 (KHTML, like Gecko) Chrome/149.0.0.0 Safari/537.36','2026-06-30 16:12:11'),(1224,1,'page.visit','navigation','Visited: notifications',NULL,NULL,NULL,'127.0.0.1','Mozilla/5.0 (Macintosh; Intel Mac OS X 10_15_7) AppleWebKit/537.36 (KHTML, like Gecko) Chrome/149.0.0.0 Safari/537.36','2026-06-30 16:12:53'),(1225,1,'page.visit','navigation','Visited: notifications',NULL,NULL,NULL,'127.0.0.1','Mozilla/5.0 (Macintosh; Intel Mac OS X 10_15_7) AppleWebKit/537.36 (KHTML, like Gecko) Chrome/149.0.0.0 Safari/537.36','2026-06-30 16:12:58'),(1226,1,'page.visit','navigation','Visited: crm/logistics/create',NULL,NULL,NULL,'127.0.0.1','Mozilla/5.0 (Macintosh; Intel Mac OS X 10_15_7) AppleWebKit/537.36 (KHTML, like Gecko) Chrome/149.0.0.0 Safari/537.36','2026-06-30 16:13:00'),(1227,1,'page.visit','navigation','Visited: notifications',NULL,NULL,NULL,'127.0.0.1','Mozilla/5.0 (Macintosh; Intel Mac OS X 10_15_7) AppleWebKit/537.36 (KHTML, like Gecko) Chrome/149.0.0.0 Safari/537.36','2026-06-30 16:13:00'),(1228,1,'page.visit','navigation','Visited: crm/logistics/shipments',NULL,NULL,NULL,'127.0.0.1','Mozilla/5.0 (Macintosh; Intel Mac OS X 10_15_7) AppleWebKit/537.36 (KHTML, like Gecko) Chrome/149.0.0.0 Safari/537.36','2026-06-30 16:13:01'),(1229,1,'page.visit','navigation','Visited: notifications',NULL,NULL,NULL,'127.0.0.1','Mozilla/5.0 (Macintosh; Intel Mac OS X 10_15_7) AppleWebKit/537.36 (KHTML, like Gecko) Chrome/149.0.0.0 Safari/537.36','2026-06-30 16:13:01'),(1230,1,'page.visit','navigation','Visited: notifications',NULL,NULL,NULL,'127.0.0.1','Mozilla/5.0 (Macintosh; Intel Mac OS X 10_15_7) AppleWebKit/537.36 (KHTML, like Gecko) Chrome/149.0.0.0 Safari/537.36','2026-06-30 16:13:01'),(1231,1,'page.visit','navigation','Visited: notifications',NULL,NULL,NULL,'127.0.0.1','Mozilla/5.0 (Macintosh; Intel Mac OS X 10_15_7) AppleWebKit/537.36 (KHTML, like Gecko) Chrome/149.0.0.0 Safari/537.36','2026-06-30 16:13:13'),(1232,1,'page.visit','navigation','Visited: crm/logistics/create',NULL,NULL,NULL,'127.0.0.1','Mozilla/5.0 (Macintosh; Intel Mac OS X 10_15_7) AppleWebKit/537.36 (KHTML, like Gecko) Chrome/149.0.0.0 Safari/537.36','2026-06-30 16:13:14'),(1233,1,'page.visit','navigation','Visited: crm/logistics/shipments',NULL,NULL,NULL,'127.0.0.1','Mozilla/5.0 (Macintosh; Intel Mac OS X 10_15_7) AppleWebKit/537.36 (KHTML, like Gecko) Chrome/149.0.0.0 Safari/537.36','2026-06-30 16:13:14'),(1234,1,'page.visit','navigation','Visited: notifications',NULL,NULL,NULL,'127.0.0.1','Mozilla/5.0 (Macintosh; Intel Mac OS X 10_15_7) AppleWebKit/537.36 (KHTML, like Gecko) Chrome/149.0.0.0 Safari/537.36','2026-06-30 16:13:14'),(1235,1,'page.visit','navigation','Visited: notifications',NULL,NULL,NULL,'127.0.0.1','Mozilla/5.0 (Macintosh; Intel Mac OS X 10_15_7) AppleWebKit/537.36 (KHTML, like Gecko) Chrome/149.0.0.0 Safari/537.36','2026-06-30 16:13:14'),(1236,1,'page.visit','navigation','Visited: notifications',NULL,NULL,NULL,'127.0.0.1','Mozilla/5.0 (Macintosh; Intel Mac OS X 10_15_7) AppleWebKit/537.36 (KHTML, like Gecko) Chrome/149.0.0.0 Safari/537.36','2026-06-30 16:13:14'),(1237,1,'page.visit','navigation','Visited: notifications',NULL,NULL,NULL,'127.0.0.1','Mozilla/5.0 (Macintosh; Intel Mac OS X 10_15_7) AppleWebKit/537.36 (KHTML, like Gecko) Chrome/149.0.0.0 Safari/537.36','2026-06-30 16:13:26'),(1238,1,'page.visit','navigation','Visited: notifications',NULL,NULL,NULL,'127.0.0.1','Mozilla/5.0 (Macintosh; Intel Mac OS X 10_15_7) AppleWebKit/537.36 (KHTML, like Gecko) Chrome/149.0.0.0 Safari/537.36','2026-06-30 16:13:27'),(1239,1,'page.visit','navigation','Visited: notifications',NULL,NULL,NULL,'127.0.0.1','Mozilla/5.0 (Macintosh; Intel Mac OS X 10_15_7) AppleWebKit/537.36 (KHTML, like Gecko) Chrome/149.0.0.0 Safari/537.36','2026-06-30 16:13:38'),(1240,1,'page.visit','navigation','Visited: notifications',NULL,NULL,NULL,'127.0.0.1','Mozilla/5.0 (Macintosh; Intel Mac OS X 10_15_7) AppleWebKit/537.36 (KHTML, like Gecko) Chrome/149.0.0.0 Safari/537.36','2026-06-30 16:13:39'),(1241,1,'page.visit','navigation','Visited: admin/settings',NULL,NULL,NULL,'127.0.0.1','Mozilla/5.0 (Macintosh; Intel Mac OS X 10_15_7) AppleWebKit/537.36 (KHTML, like Gecko) Chrome/149.0.0.0 Safari/537.36','2026-06-30 16:13:50'),(1242,1,'page.visit','navigation','Visited: notifications',NULL,NULL,NULL,'127.0.0.1','Mozilla/5.0 (Macintosh; Intel Mac OS X 10_15_7) AppleWebKit/537.36 (KHTML, like Gecko) Chrome/149.0.0.0 Safari/537.36','2026-06-30 16:13:50'),(1243,1,'page.visit','navigation','Visited: admin/maintenance',NULL,NULL,NULL,'127.0.0.1','Mozilla/5.0 (Macintosh; Intel Mac OS X 10_15_7) AppleWebKit/537.36 (KHTML, like Gecko) Chrome/149.0.0.0 Safari/537.36','2026-06-30 16:13:50'),(1244,1,'page.visit','navigation','Visited: notifications',NULL,NULL,NULL,'127.0.0.1','Mozilla/5.0 (Macintosh; Intel Mac OS X 10_15_7) AppleWebKit/537.36 (KHTML, like Gecko) Chrome/149.0.0.0 Safari/537.36','2026-06-30 16:13:50'),(1245,1,'page.visit','navigation','Visited: notifications',NULL,NULL,NULL,'127.0.0.1','Mozilla/5.0 (Macintosh; Intel Mac OS X 10_15_7) AppleWebKit/537.36 (KHTML, like Gecko) Chrome/149.0.0.0 Safari/537.36','2026-06-30 16:13:51'),(1246,1,'page.visit','navigation','Visited: notifications',NULL,NULL,NULL,'127.0.0.1','Mozilla/5.0 (Macintosh; Intel Mac OS X 10_15_7) AppleWebKit/537.36 (KHTML, like Gecko) Chrome/149.0.0.0 Safari/537.36','2026-06-30 16:14:02'),(1247,1,'page.visit','navigation','Visited: notifications',NULL,NULL,NULL,'127.0.0.1','Mozilla/5.0 (Macintosh; Intel Mac OS X 10_15_7) AppleWebKit/537.36 (KHTML, like Gecko) Chrome/149.0.0.0 Safari/537.36','2026-06-30 16:14:03'),(1248,1,'page.visit','navigation','Visited: notifications',NULL,NULL,NULL,'127.0.0.1','Mozilla/5.0 (Macintosh; Intel Mac OS X 10_15_7) AppleWebKit/537.36 (KHTML, like Gecko) Chrome/149.0.0.0 Safari/537.36','2026-06-30 16:14:14'),(1249,1,'page.visit','navigation','Visited: notifications',NULL,NULL,NULL,'127.0.0.1','Mozilla/5.0 (Macintosh; Intel Mac OS X 10_15_7) AppleWebKit/537.36 (KHTML, like Gecko) Chrome/149.0.0.0 Safari/537.36','2026-06-30 16:14:15'),(1250,1,'page.visit','navigation','Visited: admin/settings',NULL,NULL,NULL,'127.0.0.1','Mozilla/5.0 (Macintosh; Intel Mac OS X 10_15_7) AppleWebKit/537.36 (KHTML, like Gecko) Chrome/149.0.0.0 Safari/537.36','2026-06-30 16:14:23'),(1251,1,'page.visit','navigation','Visited: notifications',NULL,NULL,NULL,'127.0.0.1','Mozilla/5.0 (Macintosh; Intel Mac OS X 10_15_7) AppleWebKit/537.36 (KHTML, like Gecko) Chrome/149.0.0.0 Safari/537.36','2026-06-30 16:14:23'),(1252,1,'page.visit','navigation','Visited: notifications',NULL,NULL,NULL,'127.0.0.1','Mozilla/5.0 (Macintosh; Intel Mac OS X 10_15_7) AppleWebKit/537.36 (KHTML, like Gecko) Chrome/149.0.0.0 Safari/537.36','2026-06-30 16:14:27'),(1253,1,'page.visit','navigation','Visited: notifications',NULL,NULL,NULL,'127.0.0.1','Mozilla/5.0 (Macintosh; Intel Mac OS X 10_15_7) AppleWebKit/537.36 (KHTML, like Gecko) Chrome/149.0.0.0 Safari/537.36','2026-06-30 16:14:36'),(1254,1,'page.visit','navigation','Visited: admin/settings',NULL,NULL,NULL,'127.0.0.1','Mozilla/5.0 (Macintosh; Intel Mac OS X 10_15_7) AppleWebKit/537.36 (KHTML, like Gecko) Chrome/149.0.0.0 Safari/537.36','2026-06-30 16:14:47'),(1255,1,'page.visit','navigation','Visited: crm/logistics/shipments',NULL,NULL,NULL,'127.0.0.1','Mozilla/5.0 (Macintosh; Intel Mac OS X 10_15_7) AppleWebKit/537.36 (KHTML, like Gecko) Chrome/149.0.0.0 Safari/537.36','2026-06-30 16:14:47'),(1256,1,'page.visit','navigation','Visited: notifications',NULL,NULL,NULL,'127.0.0.1','Mozilla/5.0 (Macintosh; Intel Mac OS X 10_15_7) AppleWebKit/537.36 (KHTML, like Gecko) Chrome/149.0.0.0 Safari/537.36','2026-06-30 16:14:47'),(1257,1,'page.visit','navigation','Visited: notifications',NULL,NULL,NULL,'127.0.0.1','Mozilla/5.0 (Macintosh; Intel Mac OS X 10_15_7) AppleWebKit/537.36 (KHTML, like Gecko) Chrome/149.0.0.0 Safari/537.36','2026-06-30 16:14:47'),(1258,1,'page.visit','navigation','Visited: notifications',NULL,NULL,NULL,'127.0.0.1','Mozilla/5.0 (Macintosh; Intel Mac OS X 10_15_7) AppleWebKit/537.36 (KHTML, like Gecko) Chrome/149.0.0.0 Safari/537.36','2026-06-30 16:15:00'),(1259,1,'page.visit','navigation','Visited: notifications',NULL,NULL,NULL,'127.0.0.1','Mozilla/5.0 (Macintosh; Intel Mac OS X 10_15_7) AppleWebKit/537.36 (KHTML, like Gecko) Chrome/149.0.0.0 Safari/537.36','2026-06-30 16:15:00'),(1260,1,'page.visit','navigation','Visited: notifications',NULL,NULL,NULL,'127.0.0.1','Mozilla/5.0 (Macintosh; Intel Mac OS X 10_15_7) AppleWebKit/537.36 (KHTML, like Gecko) Chrome/149.0.0.0 Safari/537.36','2026-06-30 16:15:12'),(1261,1,'page.visit','navigation','Visited: notifications',NULL,NULL,NULL,'127.0.0.1','Mozilla/5.0 (Macintosh; Intel Mac OS X 10_15_7) AppleWebKit/537.36 (KHTML, like Gecko) Chrome/149.0.0.0 Safari/537.36','2026-06-30 16:15:12'),(1262,1,'page.visit','navigation','Visited: notifications',NULL,NULL,NULL,'127.0.0.1','Mozilla/5.0 (Macintosh; Intel Mac OS X 10_15_7) AppleWebKit/537.36 (KHTML, like Gecko) Chrome/149.0.0.0 Safari/537.36','2026-06-30 16:15:23'),(1263,1,'page.visit','navigation','Visited: notifications',NULL,NULL,NULL,'127.0.0.1','Mozilla/5.0 (Macintosh; Intel Mac OS X 10_15_7) AppleWebKit/537.36 (KHTML, like Gecko) Chrome/149.0.0.0 Safari/537.36','2026-06-30 16:15:24'),(1264,1,'page.visit','navigation','Visited: profile',NULL,NULL,NULL,'127.0.0.1','Mozilla/5.0 (Macintosh; Intel Mac OS X 10_15_7) AppleWebKit/537.36 (KHTML, like Gecko) Chrome/149.0.0.0 Safari/537.36','2026-06-30 16:15:26'),(1265,1,'page.visit','navigation','Visited: notifications',NULL,NULL,NULL,'127.0.0.1','Mozilla/5.0 (Macintosh; Intel Mac OS X 10_15_7) AppleWebKit/537.36 (KHTML, like Gecko) Chrome/149.0.0.0 Safari/537.36','2026-06-30 16:15:27'),(1266,1,'page.visit','navigation','Visited: notifications',NULL,NULL,NULL,'127.0.0.1','Mozilla/5.0 (Macintosh; Intel Mac OS X 10_15_7) AppleWebKit/537.36 (KHTML, like Gecko) Chrome/149.0.0.0 Safari/537.36','2026-06-30 16:15:36'),(1267,1,'page.visit','navigation','Visited: notifications',NULL,NULL,NULL,'127.0.0.1','Mozilla/5.0 (Macintosh; Intel Mac OS X 10_15_7) AppleWebKit/537.36 (KHTML, like Gecko) Chrome/149.0.0.0 Safari/537.36','2026-06-30 16:15:39'),(1268,1,'page.visit','navigation','Visited: notifications',NULL,NULL,NULL,'127.0.0.1','Mozilla/5.0 (Macintosh; Intel Mac OS X 10_15_7) AppleWebKit/537.36 (KHTML, like Gecko) Chrome/149.0.0.0 Safari/537.36','2026-06-30 16:15:48'),(1269,1,'page.visit','navigation','Visited: notifications',NULL,NULL,NULL,'127.0.0.1','Mozilla/5.0 (Macintosh; Intel Mac OS X 10_15_7) AppleWebKit/537.36 (KHTML, like Gecko) Chrome/149.0.0.0 Safari/537.36','2026-06-30 16:15:51'),(1270,1,'page.visit','navigation','Visited: notifications',NULL,NULL,NULL,'127.0.0.1','Mozilla/5.0 (Macintosh; Intel Mac OS X 10_15_7) AppleWebKit/537.36 (KHTML, like Gecko) Chrome/149.0.0.0 Safari/537.36','2026-06-30 16:16:00'),(1271,1,'page.visit','navigation','Visited: notifications',NULL,NULL,NULL,'127.0.0.1','Mozilla/5.0 (Macintosh; Intel Mac OS X 10_15_7) AppleWebKit/537.36 (KHTML, like Gecko) Chrome/149.0.0.0 Safari/537.36','2026-06-30 16:16:03'),(1272,1,'page.visit','navigation','Visited: notifications',NULL,NULL,NULL,'127.0.0.1','Mozilla/5.0 (Macintosh; Intel Mac OS X 10_15_7) AppleWebKit/537.36 (KHTML, like Gecko) Chrome/149.0.0.0 Safari/537.36','2026-06-30 16:16:15'),(1273,1,'page.visit','navigation','Visited: notifications',NULL,NULL,NULL,'127.0.0.1','Mozilla/5.0 (Macintosh; Intel Mac OS X 10_15_7) AppleWebKit/537.36 (KHTML, like Gecko) Chrome/149.0.0.0 Safari/537.36','2026-06-30 16:16:27'),(1274,1,'page.visit','navigation','Visited: notifications',NULL,NULL,NULL,'127.0.0.1','Mozilla/5.0 (Macintosh; Intel Mac OS X 10_15_7) AppleWebKit/537.36 (KHTML, like Gecko) Chrome/149.0.0.0 Safari/537.36','2026-06-30 16:16:40'),(1275,1,'page.visit','navigation','Visited: notifications',NULL,NULL,NULL,'127.0.0.1','Mozilla/5.0 (Macintosh; Intel Mac OS X 10_15_7) AppleWebKit/537.36 (KHTML, like Gecko) Chrome/149.0.0.0 Safari/537.36','2026-06-30 16:16:52'),(1276,1,'page.visit','navigation','Visited: notifications',NULL,NULL,NULL,'127.0.0.1','Mozilla/5.0 (Macintosh; Intel Mac OS X 10_15_7) AppleWebKit/537.36 (KHTML, like Gecko) Chrome/149.0.0.0 Safari/537.36','2026-06-30 16:17:01'),(1277,1,'page.visit','navigation','Visited: notifications',NULL,NULL,NULL,'127.0.0.1','Mozilla/5.0 (Macintosh; Intel Mac OS X 10_15_7) AppleWebKit/537.36 (KHTML, like Gecko) Chrome/149.0.0.0 Safari/537.36','2026-06-30 16:17:04'),(1278,1,'page.visit','navigation','Visited: notifications',NULL,NULL,NULL,'127.0.0.1','Mozilla/5.0 (Macintosh; Intel Mac OS X 10_15_7) AppleWebKit/537.36 (KHTML, like Gecko) Chrome/149.0.0.0 Safari/537.36','2026-06-30 16:17:16'),(1279,1,'page.visit','navigation','Visited: notifications',NULL,NULL,NULL,'127.0.0.1','Mozilla/5.0 (Macintosh; Intel Mac OS X 10_15_7) AppleWebKit/537.36 (KHTML, like Gecko) Chrome/149.0.0.0 Safari/537.36','2026-06-30 16:18:01'),(1280,1,'page.visit','navigation','Visited: notifications',NULL,NULL,NULL,'127.0.0.1','Mozilla/5.0 (Macintosh; Intel Mac OS X 10_15_7) AppleWebKit/537.36 (KHTML, like Gecko) Chrome/149.0.0.0 Safari/537.36','2026-06-30 16:18:01'),(1281,1,'page.visit','navigation','Visited: notifications',NULL,NULL,NULL,'127.0.0.1','Mozilla/5.0 (Macintosh; Intel Mac OS X 10_15_7) AppleWebKit/537.36 (KHTML, like Gecko) Chrome/149.0.0.0 Safari/537.36','2026-06-30 16:19:01'),(1282,1,'page.visit','navigation','Visited: notifications',NULL,NULL,NULL,'127.0.0.1','Mozilla/5.0 (Macintosh; Intel Mac OS X 10_15_7) AppleWebKit/537.36 (KHTML, like Gecko) Chrome/149.0.0.0 Safari/537.36','2026-06-30 16:19:01'),(1283,1,'page.visit','navigation','Visited: notifications',NULL,NULL,NULL,'127.0.0.1','Mozilla/5.0 (Macintosh; Intel Mac OS X 10_15_7) AppleWebKit/537.36 (KHTML, like Gecko) Chrome/149.0.0.0 Safari/537.36','2026-06-30 16:20:01'),(1284,1,'page.visit','navigation','Visited: notifications',NULL,NULL,NULL,'127.0.0.1','Mozilla/5.0 (Macintosh; Intel Mac OS X 10_15_7) AppleWebKit/537.36 (KHTML, like Gecko) Chrome/149.0.0.0 Safari/537.36','2026-06-30 16:20:01'),(1285,1,'page.visit','navigation','Visited: notifications',NULL,NULL,NULL,'127.0.0.1','Mozilla/5.0 (Macintosh; Intel Mac OS X 10_15_7) AppleWebKit/537.36 (KHTML, like Gecko) Chrome/149.0.0.0 Safari/537.36','2026-06-30 16:21:01'),(1286,1,'page.visit','navigation','Visited: notifications',NULL,NULL,NULL,'127.0.0.1','Mozilla/5.0 (Macintosh; Intel Mac OS X 10_15_7) AppleWebKit/537.36 (KHTML, like Gecko) Chrome/149.0.0.0 Safari/537.36','2026-06-30 16:21:01'),(1287,1,'page.visit','navigation','Visited: notifications',NULL,NULL,NULL,'127.0.0.1','Mozilla/5.0 (Macintosh; Intel Mac OS X 10_15_7) AppleWebKit/537.36 (KHTML, like Gecko) Chrome/149.0.0.0 Safari/537.36','2026-06-30 16:22:01'),(1288,1,'page.visit','navigation','Visited: notifications',NULL,NULL,NULL,'127.0.0.1','Mozilla/5.0 (Macintosh; Intel Mac OS X 10_15_7) AppleWebKit/537.36 (KHTML, like Gecko) Chrome/149.0.0.0 Safari/537.36','2026-06-30 16:22:01'),(1289,1,'page.visit','navigation','Visited: notifications',NULL,NULL,NULL,'127.0.0.1','Mozilla/5.0 (Macintosh; Intel Mac OS X 10_15_7) AppleWebKit/537.36 (KHTML, like Gecko) Chrome/149.0.0.0 Safari/537.36','2026-06-30 16:23:01'),(1290,1,'page.visit','navigation','Visited: notifications',NULL,NULL,NULL,'127.0.0.1','Mozilla/5.0 (Macintosh; Intel Mac OS X 10_15_7) AppleWebKit/537.36 (KHTML, like Gecko) Chrome/149.0.0.0 Safari/537.36','2026-06-30 16:23:01'),(1291,1,'page.visit','navigation','Visited: notifications',NULL,NULL,NULL,'127.0.0.1','Mozilla/5.0 (Macintosh; Intel Mac OS X 10_15_7) AppleWebKit/537.36 (KHTML, like Gecko) Chrome/149.0.0.0 Safari/537.36','2026-06-30 16:24:01'),(1292,1,'page.visit','navigation','Visited: notifications',NULL,NULL,NULL,'127.0.0.1','Mozilla/5.0 (Macintosh; Intel Mac OS X 10_15_7) AppleWebKit/537.36 (KHTML, like Gecko) Chrome/149.0.0.0 Safari/537.36','2026-06-30 16:24:01'),(1293,1,'page.visit','navigation','Visited: notifications',NULL,NULL,NULL,'127.0.0.1','Mozilla/5.0 (Macintosh; Intel Mac OS X 10_15_7) AppleWebKit/537.36 (KHTML, like Gecko) Chrome/149.0.0.0 Safari/537.36','2026-06-30 16:25:01'),(1294,1,'page.visit','navigation','Visited: notifications',NULL,NULL,NULL,'127.0.0.1','Mozilla/5.0 (Macintosh; Intel Mac OS X 10_15_7) AppleWebKit/537.36 (KHTML, like Gecko) Chrome/149.0.0.0 Safari/537.36','2026-06-30 16:25:01'),(1295,1,'page.visit','navigation','Visited: notifications',NULL,NULL,NULL,'127.0.0.1','Mozilla/5.0 (Macintosh; Intel Mac OS X 10_15_7) AppleWebKit/537.36 (KHTML, like Gecko) Chrome/149.0.0.0 Safari/537.36','2026-06-30 16:26:01'),(1296,1,'page.visit','navigation','Visited: notifications',NULL,NULL,NULL,'127.0.0.1','Mozilla/5.0 (Macintosh; Intel Mac OS X 10_15_7) AppleWebKit/537.36 (KHTML, like Gecko) Chrome/149.0.0.0 Safari/537.36','2026-06-30 16:26:01'),(1297,1,'page.visit','navigation','Visited: notifications',NULL,NULL,NULL,'127.0.0.1','Mozilla/5.0 (Macintosh; Intel Mac OS X 10_15_7) AppleWebKit/537.36 (KHTML, like Gecko) Chrome/149.0.0.0 Safari/537.36','2026-06-30 16:27:01'),(1298,1,'page.visit','navigation','Visited: notifications',NULL,NULL,NULL,'127.0.0.1','Mozilla/5.0 (Macintosh; Intel Mac OS X 10_15_7) AppleWebKit/537.36 (KHTML, like Gecko) Chrome/149.0.0.0 Safari/537.36','2026-06-30 16:27:01'),(1299,1,'page.visit','navigation','Visited: notifications',NULL,NULL,NULL,'127.0.0.1','Mozilla/5.0 (Macintosh; Intel Mac OS X 10_15_7) AppleWebKit/537.36 (KHTML, like Gecko) Chrome/149.0.0.0 Safari/537.36','2026-06-30 16:28:01'),(1300,1,'page.visit','navigation','Visited: notifications',NULL,NULL,NULL,'127.0.0.1','Mozilla/5.0 (Macintosh; Intel Mac OS X 10_15_7) AppleWebKit/537.36 (KHTML, like Gecko) Chrome/149.0.0.0 Safari/537.36','2026-06-30 16:28:01'),(1301,1,'page.visit','navigation','Visited: notifications',NULL,NULL,NULL,'127.0.0.1','Mozilla/5.0 (Macintosh; Intel Mac OS X 10_15_7) AppleWebKit/537.36 (KHTML, like Gecko) Chrome/149.0.0.0 Safari/537.36','2026-06-30 16:29:01'),(1302,1,'page.visit','navigation','Visited: notifications',NULL,NULL,NULL,'127.0.0.1','Mozilla/5.0 (Macintosh; Intel Mac OS X 10_15_7) AppleWebKit/537.36 (KHTML, like Gecko) Chrome/149.0.0.0 Safari/537.36','2026-06-30 16:29:01'),(1303,1,'page.visit','navigation','Visited: notifications',NULL,NULL,NULL,'127.0.0.1','Mozilla/5.0 (Macintosh; Intel Mac OS X 10_15_7) AppleWebKit/537.36 (KHTML, like Gecko) Chrome/149.0.0.0 Safari/537.36','2026-06-30 16:30:01'),(1304,1,'page.visit','navigation','Visited: notifications',NULL,NULL,NULL,'127.0.0.1','Mozilla/5.0 (Macintosh; Intel Mac OS X 10_15_7) AppleWebKit/537.36 (KHTML, like Gecko) Chrome/149.0.0.0 Safari/537.36','2026-06-30 16:30:01'),(1305,1,'page.visit','navigation','Visited: notifications',NULL,NULL,NULL,'127.0.0.1','Mozilla/5.0 (Macintosh; Intel Mac OS X 10_15_7) AppleWebKit/537.36 (KHTML, like Gecko) Chrome/149.0.0.0 Safari/537.36','2026-06-30 16:31:01'),(1306,1,'page.visit','navigation','Visited: notifications',NULL,NULL,NULL,'127.0.0.1','Mozilla/5.0 (Macintosh; Intel Mac OS X 10_15_7) AppleWebKit/537.36 (KHTML, like Gecko) Chrome/149.0.0.0 Safari/537.36','2026-06-30 16:31:01'),(1307,1,'page.visit','navigation','Visited: notifications',NULL,NULL,NULL,'127.0.0.1','Mozilla/5.0 (Macintosh; Intel Mac OS X 10_15_7) AppleWebKit/537.36 (KHTML, like Gecko) Chrome/149.0.0.0 Safari/537.36','2026-06-30 16:32:01'),(1308,1,'page.visit','navigation','Visited: notifications',NULL,NULL,NULL,'127.0.0.1','Mozilla/5.0 (Macintosh; Intel Mac OS X 10_15_7) AppleWebKit/537.36 (KHTML, like Gecko) Chrome/149.0.0.0 Safari/537.36','2026-06-30 16:32:01'),(1309,1,'page.visit','navigation','Visited: crm/logistics/shipments',NULL,NULL,NULL,'127.0.0.1','Mozilla/5.0 (Macintosh; Intel Mac OS X 10_15_7) AppleWebKit/537.36 (KHTML, like Gecko) Chrome/149.0.0.0 Safari/537.36','2026-06-30 16:32:41'),(1310,1,'page.visit','navigation','Visited: profile',NULL,NULL,NULL,'127.0.0.1','Mozilla/5.0 (Macintosh; Intel Mac OS X 10_15_7) AppleWebKit/537.36 (KHTML, like Gecko) Chrome/149.0.0.0 Safari/537.36','2026-06-30 16:32:41'),(1311,1,'page.visit','navigation','Visited: notifications',NULL,NULL,NULL,'127.0.0.1','Mozilla/5.0 (Macintosh; Intel Mac OS X 10_15_7) AppleWebKit/537.36 (KHTML, like Gecko) Chrome/149.0.0.0 Safari/537.36','2026-06-30 16:32:41'),(1312,1,'page.visit','navigation','Visited: notifications',NULL,NULL,NULL,'127.0.0.1','Mozilla/5.0 (Macintosh; Intel Mac OS X 10_15_7) AppleWebKit/537.36 (KHTML, like Gecko) Chrome/149.0.0.0 Safari/537.36','2026-06-30 16:32:41'),(1313,1,'page.visit','navigation','Visited: dashboard',NULL,NULL,NULL,'127.0.0.1','Mozilla/5.0 (Macintosh; Intel Mac OS X 10_15_7) AppleWebKit/537.36 (KHTML, like Gecko) Chrome/149.0.0.0 Safari/537.36','2026-06-30 16:32:44'),(1314,1,'page.visit','navigation','Visited: notifications',NULL,NULL,NULL,'127.0.0.1','Mozilla/5.0 (Macintosh; Intel Mac OS X 10_15_7) AppleWebKit/537.36 (KHTML, like Gecko) Chrome/149.0.0.0 Safari/537.36','2026-06-30 16:32:44'),(1315,1,'page.visit','navigation','Visited: boards',NULL,NULL,NULL,'127.0.0.1','Mozilla/5.0 (Macintosh; Intel Mac OS X 10_15_7) AppleWebKit/537.36 (KHTML, like Gecko) Chrome/149.0.0.0 Safari/537.36','2026-06-30 16:32:46'),(1316,1,'page.visit','navigation','Visited: notifications',NULL,NULL,NULL,'127.0.0.1','Mozilla/5.0 (Macintosh; Intel Mac OS X 10_15_7) AppleWebKit/537.36 (KHTML, like Gecko) Chrome/149.0.0.0 Safari/537.36','2026-06-30 16:32:46');
/*!40000 ALTER TABLE `activity_logs` ENABLE KEYS */;
UNLOCK TABLES;

--
-- Table structure for table `attachments`
--

DROP TABLE IF EXISTS `attachments`;
/*!40101 SET @saved_cs_client     = @@character_set_client */;
/*!40101 SET character_set_client = utf8 */;
CREATE TABLE `attachments` (
  `id` bigint(20) unsigned NOT NULL AUTO_INCREMENT,
  `attachable_type` varchar(255) NOT NULL,
  `attachable_id` bigint(20) unsigned NOT NULL,
  `uploaded_by` bigint(20) unsigned NOT NULL,
  `filename` varchar(255) NOT NULL,
  `original_name` varchar(255) NOT NULL,
  `mime_type` varchar(255) DEFAULT NULL,
  `file_size` bigint(20) unsigned DEFAULT NULL,
  `disk` varchar(255) NOT NULL DEFAULT 'local',
  `path` varchar(255) NOT NULL,
  `label` varchar(255) DEFAULT NULL,
  `created_at` timestamp NULL DEFAULT NULL,
  `updated_at` timestamp NULL DEFAULT NULL,
  PRIMARY KEY (`id`),
  KEY `attachments_attachable_type_attachable_id_index` (`attachable_type`,`attachable_id`),
  KEY `attachments_uploaded_by_foreign` (`uploaded_by`),
  CONSTRAINT `attachments_uploaded_by_foreign` FOREIGN KEY (`uploaded_by`) REFERENCES `users` (`id`) ON DELETE CASCADE
) ENGINE=InnoDB DEFAULT CHARSET=utf8mb4 COLLATE=utf8mb4_unicode_ci;
/*!40101 SET character_set_client = @saved_cs_client */;

--
-- Dumping data for table `attachments`
--

LOCK TABLES `attachments` WRITE;
/*!40000 ALTER TABLE `attachments` DISABLE KEYS */;
/*!40000 ALTER TABLE `attachments` ENABLE KEYS */;
UNLOCK TABLES;

--
-- Table structure for table `board_automations`
--

DROP TABLE IF EXISTS `board_automations`;
/*!40101 SET @saved_cs_client     = @@character_set_client */;
/*!40101 SET character_set_client = utf8 */;
CREATE TABLE `board_automations` (
  `id` bigint(20) unsigned NOT NULL AUTO_INCREMENT,
  `board_id` bigint(20) unsigned NOT NULL,
  `trigger_type` varchar(255) NOT NULL DEFAULT 'keyword',
  `trigger_word` varchar(255) DEFAULT NULL,
  `trigger_board_id` bigint(20) unsigned DEFAULT NULL,
  `trigger_list_id` bigint(20) unsigned DEFAULT NULL,
  `target_board_id` bigint(20) unsigned NOT NULL,
  `target_list_id` bigint(20) unsigned NOT NULL,
  `action_type` varchar(255) NOT NULL DEFAULT 'move',
  `target_assignee_id` bigint(20) unsigned DEFAULT NULL,
  `target_assignee_role` varchar(255) DEFAULT NULL,
  `created_at` timestamp NULL DEFAULT NULL,
  `updated_at` timestamp NULL DEFAULT NULL,
  PRIMARY KEY (`id`),
  KEY `board_automations_board_id_foreign` (`board_id`),
  KEY `board_automations_target_board_id_foreign` (`target_board_id`),
  KEY `board_automations_target_list_id_foreign` (`target_list_id`),
  KEY `board_automations_trigger_list_id_foreign` (`trigger_list_id`),
  KEY `board_automations_trigger_board_id_foreign` (`trigger_board_id`),
  KEY `board_automations_target_assignee_id_foreign` (`target_assignee_id`),
  CONSTRAINT `board_automations_board_id_foreign` FOREIGN KEY (`board_id`) REFERENCES `boards` (`id`) ON DELETE CASCADE,
  CONSTRAINT `board_automations_target_assignee_id_foreign` FOREIGN KEY (`target_assignee_id`) REFERENCES `users` (`id`) ON DELETE SET NULL,
  CONSTRAINT `board_automations_target_board_id_foreign` FOREIGN KEY (`target_board_id`) REFERENCES `boards` (`id`) ON DELETE CASCADE,
  CONSTRAINT `board_automations_target_list_id_foreign` FOREIGN KEY (`target_list_id`) REFERENCES `board_lists` (`id`) ON DELETE CASCADE,
  CONSTRAINT `board_automations_trigger_board_id_foreign` FOREIGN KEY (`trigger_board_id`) REFERENCES `boards` (`id`) ON DELETE SET NULL,
  CONSTRAINT `board_automations_trigger_list_id_foreign` FOREIGN KEY (`trigger_list_id`) REFERENCES `board_lists` (`id`) ON DELETE SET NULL
) ENGINE=InnoDB AUTO_INCREMENT=26 DEFAULT CHARSET=utf8mb4 COLLATE=utf8mb4_unicode_ci;
/*!40101 SET character_set_client = @saved_cs_client */;

--
-- Dumping data for table `board_automations`
--

LOCK TABLES `board_automations` WRITE;
/*!40000 ALTER TABLE `board_automations` DISABLE KEYS */;
INSERT INTO `board_automations` VALUES (2,1,'both','Team Approved',1,2,1,3,'move',NULL,NULL,'2026-06-05 01:45:06','2026-06-07 07:22:46'),(3,1,'both','QC approved',1,4,1,5,'move',NULL,'QC','2026-06-05 04:32:43','2026-06-05 08:41:18'),(4,29,'both','Team Approve',29,113,29,114,'move',NULL,NULL,'2026-06-05 19:27:43','2026-06-05 19:27:43'),(5,29,'both','QC approved',29,115,29,116,'move',NULL,'QC','2026-06-05 19:27:43','2026-06-05 19:27:43'),(6,30,'both','Team Approve',30,120,30,121,'move',NULL,NULL,'2026-06-05 19:29:35','2026-06-05 19:29:35'),(7,30,'both','QC approved',30,122,30,123,'move',NULL,'QC','2026-06-05 19:29:35','2026-06-05 19:29:35'),(8,32,'both','Team Approve',32,134,32,135,'move',NULL,NULL,'2026-06-05 20:24:55','2026-06-05 20:24:55'),(9,32,'both','QC approved',32,136,32,137,'move',NULL,'QC','2026-06-05 20:24:55','2026-06-05 20:24:55'),(11,35,'both','QC approved',35,153,35,154,'move',NULL,'QC','2026-06-05 20:29:08','2026-06-05 20:29:08'),(12,36,'both','Team Approve',36,158,36,159,'move',NULL,NULL,'2026-06-05 20:55:14','2026-06-05 20:55:14'),(13,36,'both','QC approved',36,160,36,161,'move',NULL,'QC','2026-06-05 20:55:14','2026-06-05 20:55:14'),(14,37,'both','Team Approve',37,165,37,166,'move',NULL,NULL,'2026-06-05 20:58:27','2026-06-05 20:58:27'),(15,37,'both','QC approved',37,167,37,168,'move',NULL,'QC','2026-06-05 20:58:27','2026-06-05 20:58:27'),(16,40,'both','Team Approve',40,186,40,187,'move',NULL,NULL,'2026-06-06 00:41:05','2026-06-06 00:41:05'),(17,40,'both','QC approved',40,188,40,189,'move',NULL,'QC','2026-06-06 00:41:05','2026-06-06 00:41:05'),(18,1,'both','Approved',1,5,1,31,'move',NULL,NULL,'2026-06-07 07:22:25','2026-06-07 07:22:25'),(19,16,'both','Ready',16,58,1,2,'copy',6,NULL,'2026-06-10 02:54:03','2026-06-10 02:54:03'),(20,41,'both','QC approved',41,195,41,196,'move',NULL,'QC','2026-06-23 00:56:17','2026-06-23 00:56:17'),(21,42,'both','QC approved',42,201,42,202,'move',NULL,'QC','2026-06-23 21:38:06','2026-06-23 21:38:06'),(22,43,'both','Team Approved',43,205,43,206,'move',NULL,NULL,'2026-06-23 23:31:41','2026-06-23 23:31:41'),(23,43,'both','QC approved',43,207,43,208,'move',NULL,'QC','2026-06-23 23:31:41','2026-06-23 23:31:41'),(24,43,'both','Approved',43,208,43,209,'move',NULL,NULL,'2026-06-23 23:31:41','2026-06-23 23:31:41'),(25,44,'both','Ready',44,211,1,2,'move',6,NULL,'2026-06-23 23:32:06','2026-06-23 23:32:06');
/*!40000 ALTER TABLE `board_automations` ENABLE KEYS */;
UNLOCK TABLES;

--
-- Table structure for table `board_lists`
--

DROP TABLE IF EXISTS `board_lists`;
/*!40101 SET @saved_cs_client     = @@character_set_client */;
/*!40101 SET character_set_client = utf8 */;
CREATE TABLE `board_lists` (
  `id` bigint(20) unsigned NOT NULL AUTO_INCREMENT,
  `board_id` bigint(20) unsigned NOT NULL,
  `name` varchar(255) NOT NULL,
  `position` int(11) NOT NULL DEFAULT 0,
  `is_archived` tinyint(1) NOT NULL DEFAULT 0,
  `color` varchar(7) DEFAULT NULL,
  `wip_limit` smallint(5) unsigned NOT NULL DEFAULT 0,
  `created_at` timestamp NULL DEFAULT NULL,
  `updated_at` timestamp NULL DEFAULT NULL,
  PRIMARY KEY (`id`),
  KEY `board_lists_board_id_index` (`board_id`),
  KEY `board_lists_board_id_position_index` (`board_id`,`position`),
  KEY `board_lists_board_id_is_archived_index` (`board_id`,`is_archived`),
  CONSTRAINT `board_lists_board_id_foreign` FOREIGN KEY (`board_id`) REFERENCES `boards` (`id`) ON DELETE CASCADE
) ENGINE=InnoDB AUTO_INCREMENT=218 DEFAULT CHARSET=utf8mb4 COLLATE=utf8mb4_unicode_ci;
/*!40101 SET character_set_client = @saved_cs_client */;

--
-- Dumping data for table `board_lists`
--

LOCK TABLES `board_lists` WRITE;
/*!40000 ALTER TABLE `board_lists` DISABLE KEYS */;
INSERT INTO `board_lists` VALUES (2,1,'Drafting',1,0,NULL,0,'2026-05-25 12:48:07','2026-05-27 15:39:59'),(3,1,'Head Review',2,0,NULL,0,'2026-05-25 12:48:07','2026-05-27 15:40:11'),(4,1,'Text (QC) Review (Mr. Dara)',3,0,NULL,0,'2026-05-25 12:48:07','2026-05-27 15:40:55'),(5,1,'Supervisor Review (Ms. Somalika)',4,0,NULL,0,'2026-05-25 12:48:07','2026-05-27 15:41:28'),(31,1,'Approved',6,0,NULL,0,'2026-05-25 15:22:33','2026-05-27 15:41:43'),(33,10,'Backlog',0,0,NULL,0,'2026-05-25 16:48:57','2026-05-25 16:49:51'),(34,10,'In Progress',1,0,NULL,0,'2026-05-25 16:48:57','2026-05-25 16:48:57'),(35,10,'Done',2,0,NULL,0,'2026-05-25 16:48:57','2026-05-25 16:48:57'),(36,10,'Verification List',3,0,NULL,0,'2026-05-25 16:49:26','2026-05-25 16:49:26'),(37,11,'Backlog',0,0,NULL,0,'2026-05-26 01:08:07','2026-05-26 01:08:07'),(38,11,'In Progress',1,0,NULL,0,'2026-05-26 01:08:07','2026-05-26 01:08:07'),(39,11,'Done',2,0,NULL,0,'2026-05-26 01:08:07','2026-05-26 01:08:07'),(40,11,'Verification List',3,0,NULL,0,'2026-05-26 01:08:07','2026-05-26 01:08:07'),(47,13,'To Do',0,0,NULL,0,'2026-05-28 14:37:12','2026-05-28 14:37:12'),(48,13,'In Progress',1,0,NULL,0,'2026-05-28 14:37:12','2026-05-28 14:37:12'),(49,13,'Done',2,0,NULL,0,'2026-05-28 14:37:12','2026-05-28 14:37:12'),(50,13,'r',3,0,NULL,0,'2026-05-29 11:59:58','2026-05-29 11:59:58'),(51,1,'Block',8,0,NULL,0,'2026-05-29 21:12:34','2026-05-29 21:12:34'),(52,14,'Drafting',0,0,NULL,0,'2026-06-04 12:48:46','2026-06-04 14:58:34'),(53,14,'Head Review',1,0,NULL,0,'2026-06-04 12:48:46','2026-06-04 14:59:04'),(54,14,'Text (QC) Review (Mr. Dara)',2,0,NULL,0,'2026-06-04 12:48:46','2026-06-04 14:59:09'),(55,15,'Drafting',0,0,NULL,0,'2026-06-04 14:55:09','2026-06-04 15:00:07'),(56,15,'Head Review',1,0,NULL,0,'2026-06-04 14:55:09','2026-06-04 15:00:13'),(57,15,'Text (QC) Review (Mr. Dara)',2,0,NULL,0,'2026-06-04 14:55:09','2026-06-04 15:00:19'),(58,16,'Week 1 (1st-4th)',0,0,NULL,0,'2026-06-04 14:56:07','2026-06-04 15:03:47'),(59,16,'Week 2 (6th-11st)',1,0,NULL,0,'2026-06-04 14:56:07','2026-06-04 15:16:47'),(60,16,'Week 3 (17th-18th) KNY Break',2,0,NULL,0,'2026-06-04 14:56:07','2026-06-04 15:16:51'),(61,17,'To Do',0,0,NULL,0,'2026-06-04 14:56:11','2026-06-04 14:56:11'),(62,17,'In Progress',1,0,NULL,0,'2026-06-04 14:56:11','2026-06-04 14:56:11'),(63,17,'Done',2,0,NULL,0,'2026-06-04 14:56:11','2026-06-04 14:56:11'),(64,18,'To Do',0,0,NULL,0,'2026-06-04 14:56:15','2026-06-04 14:56:15'),(65,18,'In Progress',1,0,NULL,0,'2026-06-04 14:56:15','2026-06-04 14:56:15'),(66,18,'Done',2,0,NULL,0,'2026-06-04 14:56:15','2026-06-04 14:56:15'),(67,14,'Supervisor Review (Ms. Somalika)',3,0,NULL,0,'2026-06-04 14:59:15','2026-06-04 14:59:15'),(68,14,'Approved',4,0,NULL,0,'2026-06-04 14:59:28','2026-06-04 14:59:28'),(70,14,'Block',6,0,NULL,0,'2026-06-04 14:59:45','2026-06-04 14:59:45'),(71,15,'Supervisor Review (Ms. Somalika)',3,0,NULL,0,'2026-06-04 15:00:27','2026-06-04 15:00:27'),(73,15,'Block',5,0,NULL,0,'2026-06-04 15:00:43','2026-06-04 15:00:43'),(74,16,'Week 4 (20th-25th) - (27th-30th)',3,0,NULL,0,'2026-06-04 15:16:57','2026-06-04 15:16:57'),(75,16,'Meeting Schedule',4,0,NULL,0,'2026-06-04 15:17:06','2026-06-04 15:17:06'),(76,16,'Urgent / Priority',5,0,NULL,0,'2026-06-04 15:17:25','2026-06-04 15:17:25'),(77,16,'Blocked / Waiting',6,0,NULL,0,'2026-06-04 15:17:31','2026-06-04 15:17:31'),(78,19,'Week 1 (1st-4th)',0,0,NULL,0,'2026-06-04 15:17:54','2026-06-04 15:17:54'),(79,19,'Week 2 (6th-11st)',1,0,NULL,0,'2026-06-04 15:17:54','2026-06-04 15:17:54'),(80,19,'Week 3 (17th-18th) KNY Break',2,0,NULL,0,'2026-06-04 15:17:54','2026-06-04 15:17:54'),(81,19,'Week 4 (20th-25th) - (27th-30th)',3,0,NULL,0,'2026-06-04 15:17:54','2026-06-04 15:17:54'),(82,19,'Meeting Schedule',4,0,NULL,0,'2026-06-04 15:17:54','2026-06-04 15:17:54'),(83,19,'Urgent / Priority',5,0,NULL,0,'2026-06-04 15:17:54','2026-06-04 15:17:54'),(84,19,'Blocked / Waiting',6,0,NULL,0,'2026-06-04 15:17:54','2026-06-04 15:17:54'),(85,20,'Week 1 (1st-4th)',0,0,NULL,0,'2026-06-04 15:18:13','2026-06-04 15:18:13'),(86,20,'Week 2 (6th-11st)',1,0,NULL,0,'2026-06-04 15:18:13','2026-06-04 15:18:13'),(87,20,'Week 3 (17th-18th) KNY Break',2,0,NULL,0,'2026-06-04 15:18:13','2026-06-04 15:18:13'),(88,20,'Week 4 (20th-25th) - (27th-30th)',3,0,NULL,0,'2026-06-04 15:18:13','2026-06-04 15:18:13'),(89,20,'Meeting Schedule',4,0,NULL,0,'2026-06-04 15:18:13','2026-06-04 15:18:13'),(90,20,'Urgent / Priority',5,0,NULL,0,'2026-06-04 15:18:13','2026-06-04 15:18:13'),(91,20,'Blocked / Waiting',6,0,NULL,0,'2026-06-04 15:18:13','2026-06-04 15:18:13'),(92,21,'Week 1 (1st-4th)',0,0,NULL,0,'2026-06-04 15:19:29','2026-06-04 15:19:29'),(93,21,'Week 2 (6th-11st)',1,0,NULL,0,'2026-06-04 15:19:29','2026-06-04 15:19:29'),(94,21,'Week 3 (17th-18th) KNY Break',2,0,NULL,0,'2026-06-04 15:19:29','2026-06-04 15:19:29'),(95,21,'Week 4 (20th-25th) - (27th-30th)',3,0,NULL,0,'2026-06-04 15:19:29','2026-06-04 15:19:29'),(96,21,'Meeting Schedule',4,0,NULL,0,'2026-06-04 15:19:29','2026-06-04 15:19:29'),(97,21,'Urgent / Priority',5,0,NULL,0,'2026-06-04 15:19:29','2026-06-04 15:19:29'),(98,21,'Blocked / Waiting',6,0,NULL,0,'2026-06-04 15:19:29','2026-06-04 15:19:29'),(99,26,'Week 1 (1st-4th)',0,0,NULL,0,'2026-06-05 18:57:37','2026-06-05 18:57:37'),(100,26,'Week 2 (6th-11st)',1,0,NULL,0,'2026-06-05 18:57:37','2026-06-05 18:57:37'),(101,26,'Week 3 (17th-18th) KNY Break',2,0,NULL,0,'2026-06-05 18:57:37','2026-06-05 18:57:37'),(102,26,'Week 4 (20th-25th) - (27th-30th)',3,0,NULL,0,'2026-06-05 18:57:37','2026-06-05 18:57:37'),(103,26,'Meeting Schedule',4,0,NULL,0,'2026-06-05 18:57:37','2026-06-05 18:57:37'),(104,26,'Urgent / Priority',5,0,NULL,0,'2026-06-05 18:57:37','2026-06-05 18:57:37'),(105,26,'Blocked / Waiting',6,0,NULL,0,'2026-06-05 18:57:37','2026-06-05 18:57:37'),(106,27,'Week 1 (1st-4th)',0,0,NULL,0,'2026-06-05 18:58:04','2026-06-05 18:58:04'),(107,27,'Week 2 (6th-11st)',1,0,NULL,0,'2026-06-05 18:58:04','2026-06-05 18:58:04'),(108,27,'Week 3 (17th-18th) KNY Break',2,0,NULL,0,'2026-06-05 18:58:04','2026-06-05 18:58:04'),(109,27,'Week 4 (20th-25th) - (27th-30th)',3,0,NULL,0,'2026-06-05 18:58:04','2026-06-05 18:58:04'),(110,27,'Meeting Schedule',4,0,NULL,0,'2026-06-05 18:58:04','2026-06-05 18:58:04'),(111,27,'Urgent / Priority',5,0,NULL,0,'2026-06-05 18:58:04','2026-06-05 18:58:04'),(112,27,'Blocked / Waiting',6,0,NULL,0,'2026-06-05 18:58:04','2026-06-05 18:58:04'),(113,29,'Drafting',1,0,NULL,0,'2026-06-05 19:27:43','2026-06-05 19:27:43'),(114,29,'Head Review',2,0,NULL,0,'2026-06-05 19:27:43','2026-06-05 19:27:43'),(115,29,'Text (QC) Review (Mr. Dara)',3,0,NULL,0,'2026-06-05 19:27:43','2026-06-05 19:27:43'),(116,29,'Supervisor Review (Ms. Somalika)',4,0,NULL,0,'2026-06-05 19:27:43','2026-06-05 19:27:43'),(117,29,'Approved',6,0,NULL,0,'2026-06-05 19:27:43','2026-06-05 19:27:43'),(118,29,'Urgent',7,0,NULL,0,'2026-06-05 19:27:43','2026-06-05 19:27:43'),(119,29,'Block',8,0,NULL,0,'2026-06-05 19:27:43','2026-06-05 19:27:43'),(120,30,'Drafting',1,0,NULL,0,'2026-06-05 19:29:35','2026-06-05 19:29:35'),(121,30,'Head Review',2,0,NULL,0,'2026-06-05 19:29:35','2026-06-05 19:29:35'),(122,30,'Text (QC) Review (Mr. Dara)',3,0,NULL,0,'2026-06-05 19:29:35','2026-06-05 19:29:35'),(123,30,'Supervisor Review (Ms. Somalika)',4,0,NULL,0,'2026-06-05 19:29:35','2026-06-05 19:29:35'),(124,30,'Approved',6,0,NULL,0,'2026-06-05 19:29:35','2026-06-05 19:29:35'),(125,30,'Urgent',7,0,NULL,0,'2026-06-05 19:29:35','2026-06-05 19:29:35'),(126,30,'Block',8,0,NULL,0,'2026-06-05 19:29:35','2026-06-05 19:29:35'),(127,31,'Week 1 (1st-4th)',0,0,NULL,0,'2026-06-05 20:24:33','2026-06-05 20:24:33'),(128,31,'Week 2 (6th-11st)',1,0,NULL,0,'2026-06-05 20:24:33','2026-06-05 20:24:33'),(129,31,'Week 3 (17th-18th) KNY Break',2,0,NULL,0,'2026-06-05 20:24:33','2026-06-05 20:24:33'),(130,31,'Week 4 (20th-25th) - (27th-30th)',3,0,NULL,0,'2026-06-05 20:24:33','2026-06-05 20:24:33'),(131,31,'Meeting Schedule',4,0,NULL,0,'2026-06-05 20:24:33','2026-06-05 20:24:33'),(132,31,'Urgent / Priority',5,0,NULL,0,'2026-06-05 20:24:33','2026-06-05 20:24:33'),(133,31,'Blocked / Waiting',6,0,NULL,0,'2026-06-05 20:24:33','2026-06-05 20:24:33'),(134,32,'Drafting',1,0,NULL,0,'2026-06-05 20:24:55','2026-06-05 20:24:55'),(135,32,'Head Review',2,0,NULL,0,'2026-06-05 20:24:55','2026-06-05 20:24:55'),(136,32,'Text (QC) Review (Mr. Dara)',3,0,NULL,0,'2026-06-05 20:24:55','2026-06-05 20:24:55'),(137,32,'Supervisor Review (Ms. Somalika)',4,0,NULL,0,'2026-06-05 20:24:55','2026-06-05 20:24:55'),(138,32,'Approved',6,0,NULL,0,'2026-06-05 20:24:55','2026-06-05 20:24:55'),(139,32,'Urgent',7,0,NULL,0,'2026-06-05 20:24:55','2026-06-05 20:24:55'),(140,32,'Block',8,0,NULL,0,'2026-06-05 20:24:55','2026-06-05 20:24:55'),(141,33,'To Do',0,0,NULL,0,'2026-06-05 20:28:07','2026-06-05 20:28:07'),(142,33,'In Progress',1,0,NULL,0,'2026-06-05 20:28:07','2026-06-05 20:28:07'),(143,33,'Done',2,0,NULL,0,'2026-06-05 20:28:07','2026-06-05 20:28:07'),(144,34,'Week 1 (1st-4th)',0,0,NULL,0,'2026-06-05 20:28:55','2026-06-05 20:28:55'),(145,34,'Week 2 (6th-11st)',1,0,NULL,0,'2026-06-05 20:28:55','2026-06-05 20:28:55'),(146,34,'Week 3 (17th-18th) KNY Break',2,0,NULL,0,'2026-06-05 20:28:55','2026-06-05 20:28:55'),(147,34,'Week 4 (20th-25th) - (27th-30th)',3,0,NULL,0,'2026-06-05 20:28:55','2026-06-05 20:28:55'),(148,34,'Meeting Schedule',4,0,NULL,0,'2026-06-05 20:28:55','2026-06-05 20:28:55'),(149,34,'Urgent / Priority',5,0,NULL,0,'2026-06-05 20:28:55','2026-06-05 20:28:55'),(150,34,'Blocked / Waiting',6,0,NULL,0,'2026-06-05 20:28:55','2026-06-05 20:28:55'),(151,35,'Drafting',1,0,NULL,0,'2026-06-05 20:29:08','2026-06-05 20:29:08'),(153,35,'Text (QC) Review (Mr. Dara)',3,0,NULL,0,'2026-06-05 20:29:08','2026-06-05 20:29:08'),(154,35,'Supervisor Review (Ms. Somalika)',4,0,NULL,0,'2026-06-05 20:29:08','2026-06-05 20:29:08'),(155,35,'Approved',6,0,NULL,0,'2026-06-05 20:29:08','2026-06-05 20:29:08'),(157,35,'Block',8,0,NULL,0,'2026-06-05 20:29:08','2026-06-05 20:29:08'),(158,36,'Drafting',1,0,NULL,0,'2026-06-05 20:55:14','2026-06-05 20:55:14'),(159,36,'Head Review',2,0,NULL,0,'2026-06-05 20:55:14','2026-06-05 20:55:14'),(160,36,'Text (QC) Review (Mr. Dara)',3,0,NULL,0,'2026-06-05 20:55:14','2026-06-05 20:55:14'),(161,36,'Supervisor Review (Ms. Somalika)',4,0,NULL,0,'2026-06-05 20:55:14','2026-06-05 20:55:14'),(162,36,'Approved',6,0,NULL,0,'2026-06-05 20:55:14','2026-06-05 20:55:14'),(163,36,'Urgent',7,0,NULL,0,'2026-06-05 20:55:14','2026-06-05 20:55:14'),(164,36,'Block',8,0,NULL,0,'2026-06-05 20:55:14','2026-06-05 20:55:14'),(165,37,'Drafting',1,0,NULL,0,'2026-06-05 20:58:27','2026-06-05 20:58:27'),(166,37,'Head Review',2,0,NULL,0,'2026-06-05 20:58:27','2026-06-05 20:58:27'),(167,37,'Text (QC) Review (Mr. Dara)',3,0,NULL,0,'2026-06-05 20:58:27','2026-06-05 20:58:27'),(168,37,'Supervisor Review (Ms. Somalika)',4,0,NULL,0,'2026-06-05 20:58:27','2026-06-05 20:58:27'),(169,37,'Approved',6,0,NULL,0,'2026-06-05 20:58:27','2026-06-05 20:58:27'),(170,37,'Urgent',7,0,NULL,0,'2026-06-05 20:58:27','2026-06-05 20:58:27'),(171,37,'Block',8,0,NULL,0,'2026-06-05 20:58:27','2026-06-05 20:58:27'),(172,38,'Week 1 (1st-4th)',0,0,NULL,0,'2026-06-05 21:02:01','2026-06-05 21:02:01'),(173,38,'Week 2 (6th-11st)',1,0,NULL,0,'2026-06-05 21:02:01','2026-06-05 21:02:01'),(174,38,'Week 3 (17th-18th) KNY Break',2,0,NULL,0,'2026-06-05 21:02:01','2026-06-05 21:02:01'),(175,38,'Week 4 (20th-25th) - (27th-30th)',3,0,NULL,0,'2026-06-05 21:02:01','2026-06-05 21:02:01'),(176,38,'Meeting Schedule',4,0,NULL,0,'2026-06-05 21:02:01','2026-06-05 21:02:01'),(177,38,'Urgent / Priority',5,0,NULL,0,'2026-06-05 21:02:01','2026-06-05 21:02:01'),(178,38,'Blocked / Waiting',6,0,NULL,0,'2026-06-05 21:02:01','2026-06-05 21:02:01'),(179,39,'Week 1 (1st-4th)',0,0,NULL,0,'2026-06-05 21:02:21','2026-06-05 21:02:21'),(180,39,'Week 2 (6th-11st)',1,0,NULL,0,'2026-06-05 21:02:21','2026-06-05 21:02:21'),(181,39,'Week 3 (17th-18th) KNY Break',2,0,NULL,0,'2026-06-05 21:02:21','2026-06-05 21:02:21'),(182,39,'Week 4 (20th-25th) - (27th-30th)',3,0,NULL,0,'2026-06-05 21:02:21','2026-06-05 21:02:21'),(183,39,'Meeting Schedule',4,0,NULL,0,'2026-06-05 21:02:21','2026-06-05 21:02:21'),(184,39,'Urgent / Priority',5,0,NULL,0,'2026-06-05 21:02:21','2026-06-05 21:02:21'),(185,39,'Blocked / Waiting',6,0,NULL,0,'2026-06-05 21:02:21','2026-06-05 21:02:21'),(186,40,'Drafting',1,0,NULL,0,'2026-06-06 00:41:05','2026-06-06 00:41:05'),(187,40,'Head Review',2,0,NULL,0,'2026-06-06 00:41:05','2026-06-06 00:41:05'),(188,40,'Text (QC) Review (Mr. Dara)',3,0,NULL,0,'2026-06-06 00:41:05','2026-06-06 00:41:05'),(189,40,'Supervisor Review (Ms. Somalika)',4,0,NULL,0,'2026-06-06 00:41:05','2026-06-06 00:41:05'),(190,40,'Approved',6,0,NULL,0,'2026-06-06 00:41:05','2026-06-06 00:41:05'),(191,40,'Urgent',7,0,NULL,0,'2026-06-06 00:41:05','2026-06-06 00:41:05'),(192,40,'Block',8,0,NULL,0,'2026-06-06 00:41:05','2026-06-06 00:41:05'),(193,15,'Approved',100,0,NULL,0,'2026-06-07 08:22:08','2026-06-07 08:22:08'),(194,41,'Drafting',1,0,NULL,0,'2026-06-23 00:56:17','2026-06-23 00:56:17'),(195,41,'Text (QC) Review (Mr. Dara)',3,0,NULL,0,'2026-06-23 00:56:17','2026-06-23 00:56:17'),(196,41,'Supervisor Review (Ms. Somalika)',4,0,NULL,0,'2026-06-23 00:56:17','2026-06-23 00:56:17'),(197,41,'Approved',6,0,NULL,0,'2026-06-23 00:56:17','2026-06-23 00:56:17'),(198,41,'Urgent',7,0,NULL,0,'2026-06-23 00:56:17','2026-06-23 00:56:17'),(199,41,'Block',8,0,NULL,0,'2026-06-23 00:56:17','2026-06-23 00:56:17'),(200,42,'Drafting',1,0,NULL,0,'2026-06-23 21:38:06','2026-06-23 21:38:06'),(201,42,'Text (QC) Review (Mr. Dara)',3,0,NULL,0,'2026-06-23 21:38:06','2026-06-23 21:38:06'),(202,42,'Supervisor Review (Ms. Somalika)',4,0,NULL,0,'2026-06-23 21:38:06','2026-06-23 21:38:06'),(203,42,'Approved',6,0,NULL,0,'2026-06-23 21:38:06','2026-06-23 21:38:06'),(204,42,'Block',8,0,NULL,0,'2026-06-23 21:38:06','2026-06-23 21:38:06'),(205,43,'Drafting',1,0,NULL,0,'2026-06-23 23:31:41','2026-06-23 23:31:41'),(206,43,'Head Review',2,0,NULL,0,'2026-06-23 23:31:41','2026-06-23 23:31:41'),(207,43,'Text (QC) Review (Mr. Dara)',3,0,NULL,0,'2026-06-23 23:31:41','2026-06-23 23:31:41'),(208,43,'Supervisor Review (Ms. Somalika)',4,0,NULL,0,'2026-06-23 23:31:41','2026-06-23 23:31:41'),(209,43,'Approved',6,0,NULL,0,'2026-06-23 23:31:41','2026-06-23 23:31:41'),(210,43,'Block',8,0,NULL,0,'2026-06-23 23:31:41','2026-06-23 23:31:41'),(211,44,'Week 1 (1st-4th)',0,0,NULL,0,'2026-06-23 23:32:06','2026-06-23 23:32:06'),(212,44,'Week 2 (6th-11st)',1,0,NULL,0,'2026-06-23 23:32:06','2026-06-23 23:32:06'),(213,44,'Week 3 (17th-18th) KNY Break',2,0,NULL,0,'2026-06-23 23:32:06','2026-06-23 23:32:06'),(214,44,'Week 4 (20th-25th) - (27th-30th)',3,0,NULL,0,'2026-06-23 23:32:06','2026-06-23 23:32:06'),(215,44,'Meeting Schedule',4,0,NULL,0,'2026-06-23 23:32:06','2026-06-23 23:32:06'),(216,44,'Urgent / Priority',5,0,NULL,0,'2026-06-23 23:32:06','2026-06-23 23:32:06'),(217,44,'Blocked / Waiting',6,0,NULL,0,'2026-06-23 23:32:06','2026-06-23 23:32:06');
/*!40000 ALTER TABLE `board_lists` ENABLE KEYS */;
UNLOCK TABLES;

--
-- Table structure for table `board_members`
--

DROP TABLE IF EXISTS `board_members`;
/*!40101 SET @saved_cs_client     = @@character_set_client */;
/*!40101 SET character_set_client = utf8 */;
CREATE TABLE `board_members` (
  `id` bigint(20) unsigned NOT NULL AUTO_INCREMENT,
  `board_id` bigint(20) unsigned NOT NULL,
  `user_id` bigint(20) unsigned NOT NULL,
  `role` enum('admin','member','observer') NOT NULL DEFAULT 'member',
  `created_at` timestamp NULL DEFAULT NULL,
  `updated_at` timestamp NULL DEFAULT NULL,
  PRIMARY KEY (`id`),
  UNIQUE KEY `board_members_board_id_user_id_unique` (`board_id`,`user_id`),
  KEY `board_members_board_id_index` (`board_id`),
  KEY `board_members_user_id_index` (`user_id`),
  CONSTRAINT `board_members_board_id_foreign` FOREIGN KEY (`board_id`) REFERENCES `boards` (`id`) ON DELETE CASCADE,
  CONSTRAINT `board_members_user_id_foreign` FOREIGN KEY (`user_id`) REFERENCES `users` (`id`) ON DELETE CASCADE
) ENGINE=InnoDB AUTO_INCREMENT=139 DEFAULT CHARSET=utf8mb4 COLLATE=utf8mb4_unicode_ci;
/*!40101 SET character_set_client = @saved_cs_client */;

--
-- Dumping data for table `board_members`
--

LOCK TABLES `board_members` WRITE;
/*!40000 ALTER TABLE `board_members` DISABLE KEYS */;
INSERT INTO `board_members` VALUES (2,1,3,'member','2026-05-25 16:18:16','2026-05-25 16:18:16'),(3,10,3,'member','2026-05-25 16:53:54','2026-05-25 16:53:54'),(4,1,2,'member','2026-05-28 14:16:00','2026-05-28 14:16:00'),(5,1,5,'member','2026-05-28 14:19:23','2026-05-28 14:19:23'),(7,1,6,'member','2026-05-28 14:19:39','2026-05-28 14:19:39'),(10,29,2,'member','2026-06-05 19:27:43','2026-06-05 19:27:43'),(11,29,5,'member','2026-06-05 19:27:43','2026-06-05 19:27:43'),(12,29,6,'member','2026-06-05 19:27:43','2026-06-05 19:27:43'),(13,29,9,'member','2026-06-05 19:27:43','2026-06-05 19:27:43'),(14,29,10,'member','2026-06-05 19:27:43','2026-06-05 19:27:43'),(15,30,2,'member','2026-06-05 19:29:35','2026-06-05 19:29:35'),(16,30,5,'member','2026-06-05 19:29:35','2026-06-05 19:29:35'),(17,30,6,'member','2026-06-05 19:29:35','2026-06-05 19:29:35'),(18,30,9,'member','2026-06-05 19:29:35','2026-06-05 19:29:35'),(19,30,10,'member','2026-06-05 19:29:35','2026-06-05 19:29:35'),(20,15,10,'member','2026-06-05 19:45:13','2026-06-05 19:45:13'),(21,15,2,'member','2026-06-05 19:45:50','2026-06-05 19:45:50'),(22,1,13,'member','2026-06-05 19:51:09','2026-06-05 19:51:09'),(23,1,12,'member','2026-06-05 19:51:13','2026-06-05 19:51:13'),(24,15,14,'member','2026-06-05 19:51:34','2026-06-05 19:51:34'),(25,15,12,'member','2026-06-05 19:51:38','2026-06-05 19:51:38'),(26,15,5,'member','2026-06-05 19:51:57','2026-06-05 19:51:57'),(27,14,2,'member','2026-06-05 19:52:18','2026-06-05 19:52:18'),(28,14,9,'member','2026-06-05 19:52:22','2026-06-05 19:52:22'),(30,1,16,'member','2026-06-05 20:23:08','2026-06-05 20:23:08'),(31,1,15,'member','2026-06-05 20:23:12','2026-06-05 20:23:12'),(32,15,17,'member','2026-06-05 20:23:50','2026-06-05 20:23:50'),(33,15,20,'member','2026-06-05 20:23:54','2026-06-05 20:23:54'),(34,32,2,'member','2026-06-05 20:24:55','2026-06-05 20:24:55'),(35,32,5,'member','2026-06-05 20:24:55','2026-06-05 20:24:55'),(36,32,6,'member','2026-06-05 20:24:55','2026-06-05 20:24:55'),(37,32,12,'member','2026-06-05 20:24:55','2026-06-05 20:24:55'),(38,32,13,'member','2026-06-05 20:24:55','2026-06-05 20:24:55'),(39,32,15,'member','2026-06-05 20:24:55','2026-06-05 20:24:55'),(40,32,16,'member','2026-06-05 20:24:55','2026-06-05 20:24:55'),(41,16,2,'member','2026-06-05 20:26:05','2026-06-05 20:26:05'),(42,16,6,'member','2026-06-05 20:26:11','2026-06-05 20:26:11'),(43,16,12,'member','2026-06-05 20:26:11','2026-06-05 20:26:11'),(44,16,13,'member','2026-06-05 20:26:17','2026-06-05 20:26:17'),(45,16,15,'member','2026-06-05 20:26:18','2026-06-05 20:26:18'),(46,16,16,'member','2026-06-05 20:26:23','2026-06-05 20:26:23'),(47,20,2,'member','2026-06-05 20:26:40','2026-06-05 20:26:40'),(48,20,5,'member','2026-06-05 20:26:41','2026-06-05 20:26:41'),(49,20,12,'member','2026-06-05 20:26:44','2026-06-05 20:26:44'),(50,20,9,'member','2026-06-05 20:26:48','2026-06-05 20:26:48'),(51,34,2,'member','2026-06-05 20:28:55','2026-06-05 20:28:55'),(53,34,12,'member','2026-06-05 20:28:55','2026-06-05 20:28:55'),(57,35,2,'member','2026-06-05 20:29:08','2026-06-05 20:29:08'),(58,35,5,'member','2026-06-05 20:29:08','2026-06-05 20:29:08'),(60,35,12,'member','2026-06-05 20:29:08','2026-06-05 20:29:08'),(64,34,5,'member','2026-06-05 20:37:41','2026-06-05 20:37:41'),(65,34,23,'member','2026-06-05 20:37:45','2026-06-05 20:37:45'),(66,34,22,'member','2026-06-05 20:37:45','2026-06-05 20:37:45'),(67,35,22,'member','2026-06-05 20:38:20','2026-06-05 20:38:20'),(68,35,23,'member','2026-06-05 20:38:21','2026-06-05 20:38:21'),(69,36,2,'member','2026-06-05 20:55:14','2026-06-05 20:55:14'),(70,36,5,'member','2026-06-05 20:55:14','2026-06-05 20:55:14'),(71,36,6,'member','2026-06-05 20:55:14','2026-06-05 20:55:14'),(72,36,12,'member','2026-06-05 20:55:14','2026-06-05 20:55:14'),(73,36,13,'member','2026-06-05 20:55:14','2026-06-05 20:55:14'),(74,36,15,'member','2026-06-05 20:55:14','2026-06-05 20:55:14'),(75,36,16,'member','2026-06-05 20:55:14','2026-06-05 20:55:14'),(76,37,2,'member','2026-06-05 20:58:27','2026-06-05 20:58:27'),(77,37,5,'member','2026-06-05 20:58:27','2026-06-05 20:58:27'),(78,37,6,'member','2026-06-05 20:58:27','2026-06-05 20:58:27'),(79,37,12,'member','2026-06-05 20:58:27','2026-06-05 20:58:27'),(80,37,13,'member','2026-06-05 20:58:27','2026-06-05 20:58:27'),(81,37,15,'member','2026-06-05 20:58:27','2026-06-05 20:58:27'),(82,37,16,'member','2026-06-05 20:58:27','2026-06-05 20:58:27'),(83,38,2,'member','2026-06-05 21:02:02','2026-06-05 21:02:02'),(84,38,5,'member','2026-06-05 21:02:02','2026-06-05 21:02:02'),(85,38,12,'member','2026-06-05 21:02:02','2026-06-05 21:02:02'),(86,38,22,'member','2026-06-05 21:02:02','2026-06-05 21:02:02'),(87,38,23,'member','2026-06-05 21:02:02','2026-06-05 21:02:02'),(88,39,2,'member','2026-06-05 21:02:21','2026-06-05 21:02:21'),(89,39,5,'member','2026-06-05 21:02:21','2026-06-05 21:02:21'),(90,39,12,'member','2026-06-05 21:02:21','2026-06-05 21:02:21'),(91,39,22,'member','2026-06-05 21:02:21','2026-06-05 21:02:21'),(92,39,23,'member','2026-06-05 21:02:21','2026-06-05 21:02:21'),(93,40,2,'member','2026-06-06 00:41:05','2026-06-06 00:41:05'),(94,40,5,'member','2026-06-06 00:41:05','2026-06-06 00:41:05'),(95,40,6,'member','2026-06-06 00:41:05','2026-06-06 00:41:05'),(96,40,12,'member','2026-06-06 00:41:05','2026-06-06 00:41:05'),(97,40,13,'member','2026-06-06 00:41:05','2026-06-06 00:41:05'),(98,40,15,'member','2026-06-06 00:41:05','2026-06-06 00:41:05'),(99,40,16,'member','2026-06-06 00:41:05','2026-06-06 00:41:05'),(100,41,2,'member','2026-06-23 00:56:17','2026-06-23 00:56:17'),(101,41,5,'member','2026-06-23 00:56:17','2026-06-23 00:56:17'),(102,41,12,'member','2026-06-23 00:56:17','2026-06-23 00:56:17'),(103,41,22,'member','2026-06-23 00:56:17','2026-06-23 00:56:17'),(104,41,23,'member','2026-06-23 00:56:17','2026-06-23 00:56:17'),(105,42,2,'member','2026-06-23 21:38:06','2026-06-23 21:38:06'),(106,42,5,'member','2026-06-23 21:38:06','2026-06-23 21:38:06'),(107,42,12,'member','2026-06-23 21:38:06','2026-06-23 21:38:06'),(108,42,22,'member','2026-06-23 21:38:06','2026-06-23 21:38:06'),(109,42,23,'member','2026-06-23 21:38:06','2026-06-23 21:38:06'),(117,44,2,'member','2026-06-23 23:32:06','2026-06-23 23:32:06'),(119,44,12,'member','2026-06-23 23:32:06','2026-06-23 23:32:06'),(123,43,12,'member','2026-06-23 23:42:46','2026-06-23 23:42:46'),(124,43,2,'member','2026-06-23 23:42:52','2026-06-23 23:42:52'),(125,43,5,'member','2026-06-23 23:42:55','2026-06-23 23:42:55'),(126,44,5,'member','2026-06-23 23:46:22','2026-06-23 23:46:22'),(127,14,5,'member','2026-06-24 00:01:27','2026-06-24 00:01:27'),(128,14,22,'member','2026-06-24 00:01:35','2026-06-24 00:01:35'),(129,14,23,'member','2026-06-24 00:01:41','2026-06-24 00:01:41'),(130,14,12,'member','2026-06-24 00:02:16','2026-06-24 00:02:16'),(131,20,22,'member','2026-06-24 00:02:33','2026-06-24 00:02:33'),(132,20,23,'member','2026-06-24 00:02:36','2026-06-24 00:02:36'),(133,21,17,'member','2026-06-24 20:11:58','2026-06-24 20:11:58'),(134,21,5,'member','2026-06-24 20:12:06','2026-06-24 20:12:06'),(135,21,10,'member','2026-06-24 20:12:13','2026-06-24 20:12:13'),(136,21,12,'member','2026-06-24 20:12:14','2026-06-24 20:12:14'),(137,21,14,'member','2026-06-24 20:12:21','2026-06-24 20:12:21'),(138,21,2,'member','2026-06-24 20:12:22','2026-06-24 20:12:22');
/*!40000 ALTER TABLE `board_members` ENABLE KEYS */;
UNLOCK TABLES;

--
-- Table structure for table `boards`
--

DROP TABLE IF EXISTS `boards`;
/*!40101 SET @saved_cs_client     = @@character_set_client */;
/*!40101 SET character_set_client = utf8 */;
CREATE TABLE `boards` (
  `id` bigint(20) unsigned NOT NULL AUTO_INCREMENT,
  `workspace_id` bigint(20) unsigned NOT NULL,
  `name` varchar(255) NOT NULL,
  `slug` varchar(255) NOT NULL,
  `description` text DEFAULT NULL,
  `cover_type` varchar(255) NOT NULL DEFAULT 'color',
  `cover_value` varchar(2048) DEFAULT NULL,
  `background_type` varchar(255) NOT NULL DEFAULT 'color',
  `background_value` varchar(255) NOT NULL DEFAULT '#6366f1',
  `visibility` enum('private','workspace','public') NOT NULL DEFAULT 'workspace',
  `member_permissions` varchar(255) NOT NULL DEFAULT 'members',
  `card_covers_enabled` tinyint(1) NOT NULL DEFAULT 1,
  `notifications_enabled` tinyint(1) NOT NULL DEFAULT 1,
  `browser_notifications_enabled` tinyint(1) NOT NULL DEFAULT 0,
  `attach_edit_activity_enabled` tinyint(1) NOT NULL DEFAULT 0,
  `is_starred` tinyint(1) NOT NULL DEFAULT 0,
  `is_archived` tinyint(1) NOT NULL DEFAULT 0,
  `is_hidden` tinyint(1) NOT NULL DEFAULT 0,
  `is_template` tinyint(1) NOT NULL DEFAULT 0,
  `created_by` bigint(20) unsigned NOT NULL,
  `position` int(11) NOT NULL DEFAULT 0,
  `created_at` timestamp NULL DEFAULT NULL,
  `updated_at` timestamp NULL DEFAULT NULL,
  `deleted_at` timestamp NULL DEFAULT NULL,
  PRIMARY KEY (`id`),
  UNIQUE KEY `boards_slug_unique` (`slug`),
  KEY `boards_workspace_id_index` (`workspace_id`),
  KEY `boards_created_by_index` (`created_by`),
  KEY `boards_workspace_id_is_archived_index` (`workspace_id`,`is_archived`),
  KEY `boards_is_starred_index` (`is_starred`),
  CONSTRAINT `boards_created_by_foreign` FOREIGN KEY (`created_by`) REFERENCES `users` (`id`) ON DELETE CASCADE,
  CONSTRAINT `boards_workspace_id_foreign` FOREIGN KEY (`workspace_id`) REFERENCES `workspaces` (`id`) ON DELETE CASCADE
) ENGINE=InnoDB AUTO_INCREMENT=45 DEFAULT CHARSET=utf8mb4 COLLATE=utf8mb4_unicode_ci;
/*!40101 SET character_set_client = @saved_cs_client */;

--
-- Dumping data for table `boards`
--

LOCK TABLES `boards` WRITE;
/*!40000 ALTER TABLE `boards` DISABLE KEYS */;
INSERT INTO `boards` VALUES (1,1,'Workflow board – May 2026','planning-board-3L7Y',NULL,'color','#00fbff','color','#ffffff','workspace','members',1,1,1,1,1,0,0,0,1,0,'2026-05-25 12:48:07','2026-06-24 21:23:40',NULL),(2,1,'Content Calendar','content-calendar-qEY6',NULL,'color',NULL,'color','#1e3a5f','workspace','members',1,1,0,0,0,0,0,0,1,1,'2026-05-25 12:48:07','2026-05-27 17:53:00','2026-05-27 17:53:00'),(3,1,'Website Project','website-project-SQNk',NULL,'color',NULL,'color','#064e3b','workspace','members',1,1,0,0,0,0,0,0,1,2,'2026-05-25 12:48:07','2026-05-27 17:53:15','2026-05-27 17:53:15'),(10,1,'Test Automation Board','test-automation-board-N9ct',NULL,'color',NULL,'color','#6366f1','workspace','members',1,1,0,0,0,0,0,0,1,3,'2026-05-25 16:48:57','2026-05-27 17:54:44','2026-05-27 17:54:44'),(11,1,'Stability Copy 1779808066400','stability-copy-1779808066400-0hwE','Stability settings save 1779808066400','color',NULL,'color','#6366f1','workspace','members',1,1,0,0,0,0,0,0,1,4,'2026-05-26 01:08:07','2026-05-26 01:08:39','2026-05-26 01:08:39'),(13,1,'Planning Boarding','planning-boarding-K7BF',NULL,'color',NULL,'color','#ec4899','workspace','members',1,1,0,0,0,0,0,0,2,1,'2026-05-28 14:37:12','2026-06-04 14:55:39','2026-06-04 14:55:39'),(14,5,'Workflow board – June 2026','workflow-board-06Un',NULL,'color','#00fbff','color','#ffffff','workspace','members',1,1,1,0,1,0,0,0,1,1,'2026-06-04 12:48:46','2026-06-24 21:25:41',NULL),(15,6,'Workflow board – June 2026','workflow-board-QaE9',NULL,'color','#00fbff','color','#ffffff','workspace','members',1,1,1,0,1,0,0,0,1,0,'2026-06-04 14:55:09','2026-06-24 01:04:49',NULL),(16,1,'Planning board – June 2026','planning-board-pU9R',NULL,'color',NULL,'color','#2F68ED','workspace','members',1,1,1,0,0,0,0,0,1,1,'2026-06-04 14:56:07','2026-06-24 21:23:40',NULL),(17,5,'Planning board','planning-board-JGiv',NULL,'color',NULL,'color','#6366f1','workspace','members',1,1,0,0,0,0,0,0,1,1,'2026-06-04 14:56:11','2026-06-04 15:19:21','2026-06-04 15:19:21'),(18,6,'Planning board','planning-board-0Kjy',NULL,'color',NULL,'color','#6366f1','workspace','members',1,1,0,0,0,0,0,0,1,1,'2026-06-04 14:56:15','2026-06-04 15:20:04','2026-06-04 15:20:04'),(19,1,'Planning board copy','planning-board-copy-cg8b',NULL,'color',NULL,'color','#6366f1','workspace','members',1,1,0,0,0,0,0,0,1,2,'2026-06-04 15:17:54','2026-06-04 15:19:00','2026-06-04 15:19:00'),(20,5,'Planning board – June 2026','planning-board-copy-3oJd',NULL,'color','#2f68ed','color','#ef4444','workspace','members',1,1,1,0,0,0,0,0,1,0,'2026-06-04 15:18:13','2026-06-24 21:25:41',NULL),(21,6,'Planning board – June 2026','planning-board-copy-copy-Wv34',NULL,'color','#2f68ed','color','#ffffff','workspace','members',1,1,1,0,0,0,0,0,1,2,'2026-06-04 15:19:29','2026-06-24 01:03:58',NULL),(22,1,'Workflow board - July','workflow-board-july-pO4C',NULL,'color',NULL,'color','#6366f1','workspace','members',1,1,0,0,0,0,0,0,1,2,'2026-06-05 17:45:50','2026-06-05 19:27:11','2026-06-05 19:27:11'),(23,5,'Workflow board - July','workflow-board-july-b0sb',NULL,'color',NULL,'color','#6366f1','workspace','members',1,1,0,0,0,0,0,0,1,2,'2026-06-05 17:51:59','2026-06-05 19:31:13','2026-06-05 19:31:13'),(24,5,'Workflow board - July','workflow-board-july-VWZC',NULL,'color',NULL,'color','#6366f1','workspace','members',1,1,0,0,0,0,0,0,1,3,'2026-06-05 17:52:51','2026-06-05 19:31:04','2026-06-05 19:31:04'),(25,1,'Workflow board - August','workflow-board-august-2TWa',NULL,'color',NULL,'color','#6366f1','workspace','members',1,1,0,0,0,0,0,0,1,3,'2026-06-05 18:57:24','2026-06-05 19:27:19','2026-06-05 19:27:19'),(26,6,'Planning board - June','planning-board-june-Vbti',NULL,'color',NULL,'color','#6366f1','workspace','members',1,1,0,0,0,0,0,0,1,2,'2026-06-05 18:57:37','2026-06-05 19:31:35','2026-06-05 19:31:35'),(27,1,'Planning board - June','planning-board-june-7hsr',NULL,'color',NULL,'color','#6366f1','workspace','members',1,1,0,0,0,0,0,0,1,4,'2026-06-05 18:58:04','2026-06-05 19:31:56','2026-06-05 19:31:56'),(28,5,'Workflow board - June','workflow-board-june-SZ2j',NULL,'color',NULL,'color','#6366f1','workspace','members',1,1,0,0,0,0,0,0,1,4,'2026-06-05 18:58:18','2026-06-05 19:31:21','2026-06-05 19:31:21'),(29,1,'Workflow board - August','workflow-board-august-uzpi',NULL,'color',NULL,'color','#6366f1','workspace','members',1,1,0,0,0,0,0,0,1,3,'2026-06-05 19:27:43','2026-06-05 19:30:09','2026-06-05 19:30:09'),(30,6,'Workflow board - August','workflow-board-august-7Xdd',NULL,'color',NULL,'color','#6366f1','workspace','members',1,1,0,0,0,0,0,0,1,3,'2026-06-05 19:29:35','2026-06-05 19:31:45','2026-06-05 19:31:45'),(31,1,'Planning board - September','planning-board-september-GvIP',NULL,'color',NULL,'color','#6366f1','workspace','members',1,1,0,0,0,0,0,0,1,2,'2026-06-05 20:24:33','2026-06-05 20:26:01','2026-06-05 20:26:01'),(32,5,'Workflow board - October','workflow-board-october-pBLs',NULL,'color',NULL,'color','#6366f1','workspace','members',1,1,0,0,0,0,0,0,1,2,'2026-06-05 20:24:55','2026-06-05 20:25:52','2026-06-05 20:25:52'),(33,1,'ContentWriterTeam@kiuQ','contentwriterteam-at-kiuq-o7SX',NULL,'color',NULL,'color','#6366f1','workspace','members',1,1,0,0,0,0,0,0,1,2,'2026-06-05 20:28:07','2026-06-05 20:28:26','2026-06-05 20:28:26'),(34,7,'Planning board - June','planning-board-june-Sclq','hi','color',NULL,'color','#ffffff','workspace','members',1,1,0,0,1,0,0,0,1,1,'2026-06-05 20:28:55','2026-06-23 23:27:19',NULL),(35,7,'Workflow board - June','workflow-board-june-DjnY',NULL,'color',NULL,'color','#ef4444','workspace','members',1,1,1,0,0,0,0,0,1,0,'2026-06-05 20:29:08','2026-06-23 23:27:19',NULL),(36,7,'Workflow board - October','workflow-board-october-AiZs',NULL,'color',NULL,'color','#6366f1','workspace','members',1,1,0,0,0,0,0,0,1,2,'2026-06-05 20:55:14','2026-06-05 20:55:42','2026-06-05 20:55:42'),(37,7,'Workflow board - July','workflow-board-july-EaRJ',NULL,'color',NULL,'color','#6366f1','workspace','members',1,1,0,0,0,0,0,0,1,2,'2026-06-05 20:58:27','2026-06-05 21:01:56','2026-06-05 21:01:56'),(38,7,'Planning board - September','planning-board-september-xSDu',NULL,'color',NULL,'color','#6366f1','workspace','members',1,1,0,0,0,0,0,0,1,2,'2026-06-05 21:02:01','2026-06-05 21:02:15','2026-06-05 21:02:15'),(39,7,'Planning board - August','planning-board-august-Y57j',NULL,'color',NULL,'color','#6366f1','workspace','members',1,1,0,0,0,0,0,0,1,2,'2026-06-05 21:02:21','2026-06-05 21:02:29','2026-06-05 21:02:29'),(40,1,'Workflow board - July','workflow-board-july-c1W4',NULL,'color',NULL,'color','#6366f1','workspace','members',1,1,0,0,0,0,0,0,1,2,'2026-06-06 00:41:05','2026-06-06 01:31:49','2026-06-06 01:31:49'),(41,7,'Workflow board - August','workflow-board-august-A1c5',NULL,'color',NULL,'color','#6366f1','workspace','members',1,1,0,0,0,0,0,0,1,2,'2026-06-23 00:56:17','2026-06-23 04:42:25','2026-06-23 04:42:25'),(42,7,'Workflow board - August','workflow-board-june-2026-5zOQ',NULL,'color',NULL,'color','#6366f1','workspace','members',1,1,0,0,0,0,0,0,1,2,'2026-06-23 21:38:06','2026-06-23 23:27:36','2026-06-23 23:27:36'),(43,8,'Workflow board – June 2026','workflow-board-june-2026-CKtn',NULL,'color','#00fbff','color','#2F68ED','workspace','members',1,1,0,0,0,0,0,0,1,0,'2026-06-23 23:31:40','2026-06-24 01:04:53',NULL),(44,8,'Planning board – June 2026','planning-board-june-2026-jo5a',NULL,'color','#2f68ed','color','#6366f1','workspace','members',1,1,0,0,0,0,0,0,1,1,'2026-06-23 23:32:06','2026-06-24 01:04:03',NULL);
/*!40000 ALTER TABLE `boards` ENABLE KEYS */;
UNLOCK TABLES;

--
-- Table structure for table `cache`
--

DROP TABLE IF EXISTS `cache`;
/*!40101 SET @saved_cs_client     = @@character_set_client */;
/*!40101 SET character_set_client = utf8 */;
CREATE TABLE `cache` (
  `key` varchar(255) NOT NULL,
  `value` mediumtext NOT NULL,
  `expiration` bigint(20) NOT NULL,
  PRIMARY KEY (`key`),
  KEY `cache_expiration_index` (`expiration`)
) ENGINE=InnoDB DEFAULT CHARSET=utf8mb4 COLLATE=utf8mb4_unicode_ci;
/*!40101 SET character_set_client = @saved_cs_client */;

--
-- Dumping data for table `cache`
--

LOCK TABLES `cache` WRITE;
/*!40000 ALTER TABLE `cache` DISABLE KEYS */;
INSERT INTO `cache` VALUES ('dgt-system-cache-spatie.permission.cache','a:3:{s:5:\"alias\";a:4:{s:1:\"a\";s:2:\"id\";s:1:\"b\";s:4:\"name\";s:1:\"c\";s:10:\"guard_name\";s:1:\"r\";s:5:\"roles\";}s:11:\"permissions\";a:36:{i:0;a:4:{s:1:\"a\";i:1;s:1:\"b\";s:14:\"dashboard.view\";s:1:\"c\";s:3:\"web\";s:1:\"r\";a:7:{i:0;i:1;i:1;i:2;i:2;i:4;i:3;i:5;i:4;i:6;i:5;i:7;i:6;i:8;}}i:1;a:4:{s:1:\"a\";i:2;s:1:\"b\";s:10:\"users.view\";s:1:\"c\";s:3:\"web\";s:1:\"r\";a:3:{i:0;i:1;i:1;i:2;i:2;i:3;}}i:2;a:4:{s:1:\"a\";i:3;s:1:\"b\";s:12:\"users.create\";s:1:\"c\";s:3:\"web\";s:1:\"r\";a:3:{i:0;i:1;i:1;i:2;i:2;i:3;}}i:3;a:4:{s:1:\"a\";i:4;s:1:\"b\";s:10:\"users.edit\";s:1:\"c\";s:3:\"web\";s:1:\"r\";a:3:{i:0;i:1;i:1;i:2;i:2;i:3;}}i:4;a:4:{s:1:\"a\";i:5;s:1:\"b\";s:12:\"users.delete\";s:1:\"c\";s:3:\"web\";s:1:\"r\";a:2:{i:0;i:1;i:1;i:3;}}i:5;a:4:{s:1:\"a\";i:6;s:1:\"b\";s:10:\"roles.view\";s:1:\"c\";s:3:\"web\";s:1:\"r\";a:3:{i:0;i:1;i:1;i:2;i:2;i:3;}}i:6;a:4:{s:1:\"a\";i:7;s:1:\"b\";s:12:\"roles.manage\";s:1:\"c\";s:3:\"web\";s:1:\"r\";a:2:{i:0;i:1;i:1;i:3;}}i:7;a:4:{s:1:\"a\";i:8;s:1:\"b\";s:11:\"kanban.view\";s:1:\"c\";s:3:\"web\";s:1:\"r\";a:4:{i:0;i:1;i:1;i:2;i:2;i:5;i:3;i:6;}}i:8;a:4:{s:1:\"a\";i:9;s:1:\"b\";s:13:\"kanban.create\";s:1:\"c\";s:3:\"web\";s:1:\"r\";a:3:{i:0;i:1;i:1;i:2;i:2;i:5;}}i:9;a:4:{s:1:\"a\";i:10;s:1:\"b\";s:11:\"kanban.edit\";s:1:\"c\";s:3:\"web\";s:1:\"r\";a:3:{i:0;i:1;i:1;i:2;i:2;i:5;}}i:10;a:4:{s:1:\"a\";i:11;s:1:\"b\";s:13:\"kanban.delete\";s:1:\"c\";s:3:\"web\";s:1:\"r\";a:2:{i:0;i:1;i:1;i:2;}}i:11;a:4:{s:1:\"a\";i:12;s:1:\"b\";s:13:\"kanban.assign\";s:1:\"c\";s:3:\"web\";s:1:\"r\";a:2:{i:0;i:1;i:1;i:2;}}i:12;a:4:{s:1:\"a\";i:13;s:1:\"b\";s:14:\"kanban.approve\";s:1:\"c\";s:3:\"web\";s:1:\"r\";a:3:{i:0;i:1;i:1;i:2;i:2;i:6;}}i:13;a:4:{s:1:\"a\";i:14;s:1:\"b\";s:13:\"kanban.reject\";s:1:\"c\";s:3:\"web\";s:1:\"r\";a:2:{i:0;i:1;i:1;i:2;}}i:14;a:4:{s:1:\"a\";i:15;s:1:\"b\";s:8:\"crm.view\";s:1:\"c\";s:3:\"web\";s:1:\"r\";a:4:{i:0;i:1;i:1;i:3;i:2;i:4;i:3;i:6;}}i:15;a:4:{s:1:\"a\";i:16;s:1:\"b\";s:10:\"crm.create\";s:1:\"c\";s:3:\"web\";s:1:\"r\";a:3:{i:0;i:1;i:1;i:3;i:2;i:4;}}i:16;a:4:{s:1:\"a\";i:17;s:1:\"b\";s:8:\"crm.edit\";s:1:\"c\";s:3:\"web\";s:1:\"r\";a:3:{i:0;i:1;i:1;i:3;i:2;i:4;}}i:17;a:4:{s:1:\"a\";i:18;s:1:\"b\";s:10:\"crm.delete\";s:1:\"c\";s:3:\"web\";s:1:\"r\";a:3:{i:0;i:1;i:1;i:3;i:2;i:4;}}i:18;a:4:{s:1:\"a\";i:19;s:1:\"b\";s:10:\"crm.export\";s:1:\"c\";s:3:\"web\";s:1:\"r\";a:2:{i:0;i:1;i:1;i:3;}}i:19;a:4:{s:1:\"a\";i:20;s:1:\"b\";s:21:\"authorize-ebay-offers\";s:1:\"c\";s:3:\"web\";s:1:\"r\";a:3:{i:0;i:1;i:1;i:3;i:2;i:6;}}i:20;a:4:{s:1:\"a\";i:21;s:1:\"b\";s:15:\"logistic.manage\";s:1:\"c\";s:3:\"web\";s:1:\"r\";a:2:{i:0;i:1;i:1;i:3;}}i:21;a:4:{s:1:\"a\";i:22;s:1:\"b\";s:10:\"sales.view\";s:1:\"c\";s:3:\"web\";s:1:\"r\";a:4:{i:0;i:1;i:1;i:3;i:2;i:4;i:3;i:6;}}i:22;a:4:{s:1:\"a\";i:23;s:1:\"b\";s:12:\"sales.manage\";s:1:\"c\";s:3:\"web\";s:1:\"r\";a:3:{i:0;i:1;i:1;i:3;i:2;i:4;}}i:23;a:4:{s:1:\"a\";i:24;s:1:\"b\";s:12:\"reports.view\";s:1:\"c\";s:3:\"web\";s:1:\"r\";a:5:{i:0;i:1;i:1;i:2;i:2;i:3;i:3;i:4;i:4;i:6;}}i:24;a:4:{s:1:\"a\";i:25;s:1:\"b\";s:14:\"reports.export\";s:1:\"c\";s:3:\"web\";s:1:\"r\";a:3:{i:0;i:1;i:1;i:2;i:2;i:3;}}i:25;a:4:{s:1:\"a\";i:26;s:1:\"b\";s:13:\"settings.view\";s:1:\"c\";s:3:\"web\";s:1:\"r\";a:2:{i:0;i:1;i:1;i:2;}}i:26;a:4:{s:1:\"a\";i:27;s:1:\"b\";s:15:\"settings.manage\";s:1:\"c\";s:3:\"web\";s:1:\"r\";a:1:{i:0;i:1;}}i:27;a:4:{s:1:\"a\";i:28;s:1:\"b\";s:13:\"security.view\";s:1:\"c\";s:3:\"web\";s:1:\"r\";a:3:{i:0;i:1;i:1;i:2;i:2;i:3;}}i:28;a:4:{s:1:\"a\";i:29;s:1:\"b\";s:15:\"security.manage\";s:1:\"c\";s:3:\"web\";s:1:\"r\";a:2:{i:0;i:1;i:1;i:3;}}i:29;a:4:{s:1:\"a\";i:30;s:1:\"b\";s:10:\"backup.run\";s:1:\"c\";s:3:\"web\";s:1:\"r\";a:2:{i:0;i:1;i:1;i:3;}}i:30;a:4:{s:1:\"a\";i:31;s:1:\"b\";s:11:\"backup.view\";s:1:\"c\";s:3:\"web\";s:1:\"r\";a:2:{i:0;i:1;i:1;i:3;}}i:31;a:4:{s:1:\"a\";i:32;s:1:\"b\";s:17:\"social-media.view\";s:1:\"c\";s:3:\"web\";s:1:\"r\";a:6:{i:0;i:1;i:1;i:2;i:2;i:5;i:3;i:6;i:4;i:7;i:5;i:8;}}i:32;a:4:{s:1:\"a\";i:33;s:1:\"b\";s:19:\"social-media.submit\";s:1:\"c\";s:3:\"web\";s:1:\"r\";a:4:{i:0;i:1;i:1;i:2;i:2;i:5;i:3;i:7;}}i:33;a:4:{s:1:\"a\";i:34;s:1:\"b\";s:15:\"social-media.qc\";s:1:\"c\";s:3:\"web\";s:1:\"r\";a:4:{i:0;i:1;i:1;i:2;i:2;i:7;i:3;i:8;}}i:34;a:4:{s:1:\"a\";i:35;s:1:\"b\";s:19:\"social-media.manage\";s:1:\"c\";s:3:\"web\";s:1:\"r\";a:3:{i:0;i:1;i:1;i:2;i:2;i:8;}}i:35;a:4:{s:1:\"a\";i:36;s:1:\"b\";s:19:\"social-media.export\";s:1:\"c\";s:3:\"web\";s:1:\"r\";a:5:{i:0;i:1;i:1;i:2;i:2;i:6;i:3;i:7;i:4;i:8;}}}s:5:\"roles\";a:8:{i:0;a:3:{s:1:\"a\";i:1;s:1:\"b\";s:11:\"super-admin\";s:1:\"c\";s:3:\"web\";}i:1;a:3:{s:1:\"a\";i:2;s:1:\"b\";s:13:\"admin-digital\";s:1:\"c\";s:3:\"web\";}i:2;a:3:{s:1:\"a\";i:4;s:1:\"b\";s:9:\"sales-crm\";s:1:\"c\";s:3:\"web\";}i:3;a:3:{s:1:\"a\";i:5;s:1:\"b\";s:12:\"digital-team\";s:1:\"c\";s:3:\"web\";}i:4;a:3:{s:1:\"a\";i:6;s:1:\"b\";s:4:\"boss\";s:1:\"c\";s:3:\"web\";}i:5;a:3:{s:1:\"a\";i:7;s:1:\"b\";s:12:\"social_admin\";s:1:\"c\";s:3:\"web\";}i:6;a:3:{s:1:\"a\";i:8;s:1:\"b\";s:9:\"social_qc\";s:1:\"c\";s:3:\"web\";}i:7;a:3:{s:1:\"a\";i:3;s:1:\"b\";s:9:\"admin-crm\";s:1:\"c\";s:3:\"web\";}}}',1782920736);
/*!40000 ALTER TABLE `cache` ENABLE KEYS */;
UNLOCK TABLES;

--
-- Table structure for table `cache_locks`
--

DROP TABLE IF EXISTS `cache_locks`;
/*!40101 SET @saved_cs_client     = @@character_set_client */;
/*!40101 SET character_set_client = utf8 */;
CREATE TABLE `cache_locks` (
  `key` varchar(255) NOT NULL,
  `owner` varchar(255) NOT NULL,
  `expiration` bigint(20) NOT NULL,
  PRIMARY KEY (`key`),
  KEY `cache_locks_expiration_index` (`expiration`)
) ENGINE=InnoDB DEFAULT CHARSET=utf8mb4 COLLATE=utf8mb4_unicode_ci;
/*!40101 SET character_set_client = @saved_cs_client */;

--
-- Dumping data for table `cache_locks`
--

LOCK TABLES `cache_locks` WRITE;
/*!40000 ALTER TABLE `cache_locks` DISABLE KEYS */;
/*!40000 ALTER TABLE `cache_locks` ENABLE KEYS */;
UNLOCK TABLES;

--
-- Table structure for table `card_assignees`
--

DROP TABLE IF EXISTS `card_assignees`;
/*!40101 SET @saved_cs_client     = @@character_set_client */;
/*!40101 SET character_set_client = utf8 */;
CREATE TABLE `card_assignees` (
  `id` bigint(20) unsigned NOT NULL AUTO_INCREMENT,
  `card_id` bigint(20) unsigned NOT NULL,
  `user_id` bigint(20) unsigned NOT NULL,
  `assigned_at` timestamp NOT NULL DEFAULT current_timestamp(),
  PRIMARY KEY (`id`),
  UNIQUE KEY `card_assignees_card_id_user_id_unique` (`card_id`,`user_id`),
  KEY `card_assignees_user_id_index` (`user_id`),
  CONSTRAINT `card_assignees_card_id_foreign` FOREIGN KEY (`card_id`) REFERENCES `cards` (`id`) ON DELETE CASCADE,
  CONSTRAINT `card_assignees_user_id_foreign` FOREIGN KEY (`user_id`) REFERENCES `users` (`id`) ON DELETE CASCADE
) ENGINE=InnoDB AUTO_INCREMENT=89 DEFAULT CHARSET=utf8mb4 COLLATE=utf8mb4_unicode_ci;
/*!40101 SET character_set_client = @saved_cs_client */;

--
-- Dumping data for table `card_assignees`
--

LOCK TABLES `card_assignees` WRITE;
/*!40000 ALTER TABLE `card_assignees` DISABLE KEYS */;
INSERT INTO `card_assignees` VALUES (1,10,3,'2026-05-25 16:54:41'),(5,4,3,'2026-05-26 01:36:59'),(7,5,3,'2026-05-26 02:40:29'),(8,6,3,'2026-05-26 09:09:21'),(10,7,3,'2026-05-26 11:59:46'),(11,9,3,'2026-05-26 12:24:55'),(12,14,3,'2026-05-27 15:48:31'),(13,18,3,'2026-05-27 17:01:20'),(14,19,3,'2026-05-27 17:56:58'),(17,22,3,'2026-06-02 10:29:56'),(18,17,9,'2026-06-05 08:54:17'),(19,26,9,'2026-06-05 20:55:14'),(20,29,10,'2026-06-05 20:55:14'),(21,4,6,'2026-06-06 07:16:46'),(22,16,6,'2026-06-06 07:16:52'),(23,7,6,'2026-06-06 07:16:58'),(24,22,13,'2026-06-06 07:17:05'),(25,21,15,'2026-06-06 07:17:17'),(26,18,13,'2026-06-06 07:17:21'),(27,9,13,'2026-06-06 07:17:26'),(28,14,16,'2026-06-06 07:17:31'),(29,5,15,'2026-06-06 07:17:34'),(30,6,13,'2026-06-06 07:17:39'),(31,19,16,'2026-06-06 07:17:43'),(32,36,16,'2026-06-07 06:51:31'),(33,37,6,'2026-06-07 06:52:38'),(34,38,6,'2026-06-07 06:54:38'),(35,39,13,'2026-06-07 06:54:46'),(36,40,6,'2026-06-07 06:54:50'),(38,41,15,'2026-06-07 06:56:04'),(41,42,12,'2026-06-07 07:23:40'),(42,43,17,'2026-06-07 08:26:14'),(43,44,22,'2026-06-07 08:29:48'),(50,52,17,'2026-06-07 18:20:58'),(51,53,10,'2026-06-07 18:20:58'),(52,54,17,'2026-06-07 18:24:38'),(53,55,10,'2026-06-07 18:24:38'),(54,56,17,'2026-06-07 18:29:10'),(55,57,10,'2026-06-07 18:29:10'),(56,58,17,'2026-06-07 18:56:35'),(57,59,10,'2026-06-07 18:56:35'),(58,60,17,'2026-06-07 19:12:52'),(59,61,10,'2026-06-07 19:12:52'),(60,62,10,'2026-06-07 19:12:52'),(61,63,17,'2026-06-07 19:12:52'),(62,64,17,'2026-06-07 19:14:26'),(63,65,10,'2026-06-07 19:14:26'),(64,66,10,'2026-06-07 19:14:26'),(65,67,17,'2026-06-07 19:14:26'),(66,68,17,'2026-06-07 19:45:16'),(67,69,10,'2026-06-07 19:45:16'),(68,70,10,'2026-06-07 19:45:16'),(69,71,17,'2026-06-07 19:45:16'),(70,72,6,'2026-06-10 02:49:59'),(71,73,6,'2026-06-10 02:49:59'),(72,74,6,'2026-06-10 02:49:59'),(73,44,12,'2026-06-11 18:26:35'),(74,75,17,'2026-06-23 00:59:25'),(75,76,10,'2026-06-23 00:59:25'),(76,77,10,'2026-06-23 00:59:25'),(77,78,17,'2026-06-23 00:59:25'),(78,79,6,'2026-06-23 01:03:10'),(79,80,6,'2026-06-23 01:03:10'),(80,81,17,'2026-06-23 01:13:01'),(81,82,10,'2026-06-23 01:13:01'),(82,83,10,'2026-06-23 01:13:01'),(83,84,17,'2026-06-23 01:13:01'),(84,85,13,'2026-06-23 05:00:18'),(85,89,17,'2026-06-28 20:48:46'),(86,90,10,'2026-06-28 20:48:46'),(87,91,10,'2026-06-28 20:48:46'),(88,92,17,'2026-06-28 20:48:46');
/*!40000 ALTER TABLE `card_assignees` ENABLE KEYS */;
UNLOCK TABLES;

--
-- Table structure for table `card_checklist_items`
--

DROP TABLE IF EXISTS `card_checklist_items`;
/*!40101 SET @saved_cs_client     = @@character_set_client */;
/*!40101 SET character_set_client = utf8 */;
CREATE TABLE `card_checklist_items` (
  `id` bigint(20) unsigned NOT NULL AUTO_INCREMENT,
  `sync_id` varchar(255) DEFAULT NULL,
  `checklist_id` bigint(20) unsigned NOT NULL,
  `content` varchar(255) NOT NULL,
  `is_completed` tinyint(1) NOT NULL DEFAULT 0,
  `completed_by` bigint(20) unsigned DEFAULT NULL,
  `completed_at` timestamp NULL DEFAULT NULL,
  `position` int(11) NOT NULL DEFAULT 0,
  `created_at` timestamp NULL DEFAULT NULL,
  `updated_at` timestamp NULL DEFAULT NULL,
  PRIMARY KEY (`id`),
  KEY `card_checklist_items_checklist_id_foreign` (`checklist_id`),
  KEY `card_checklist_items_completed_by_foreign` (`completed_by`),
  KEY `card_checklist_items_sync_id_index` (`sync_id`),
  CONSTRAINT `card_checklist_items_checklist_id_foreign` FOREIGN KEY (`checklist_id`) REFERENCES `card_checklists` (`id`) ON DELETE CASCADE,
  CONSTRAINT `card_checklist_items_completed_by_foreign` FOREIGN KEY (`completed_by`) REFERENCES `users` (`id`) ON DELETE SET NULL
) ENGINE=InnoDB AUTO_INCREMENT=18 DEFAULT CHARSET=utf8mb4 COLLATE=utf8mb4_unicode_ci;
/*!40101 SET character_set_client = @saved_cs_client */;

--
-- Dumping data for table `card_checklist_items`
--

LOCK TABLES `card_checklist_items` WRITE;
/*!40000 ALTER TABLE `card_checklist_items` DISABLE KEYS */;
INSERT INTO `card_checklist_items` VALUES (2,NULL,3,'machinery.org:  Why most of operator choose mini excavator than huge excavator?',0,NULL,NULL,1,'2026-06-02 10:31:55','2026-06-02 10:32:08'),(3,NULL,3,'miniexcavatorforsale',0,NULL,NULL,2,'2026-06-02 10:32:35','2026-06-02 10:32:35'),(10,NULL,10,'Research',0,NULL,NULL,1,'2026-06-07 18:20:58','2026-06-07 18:20:58'),(11,NULL,10,'Draft',0,NULL,NULL,2,'2026-06-07 18:20:58','2026-06-07 18:20:58'),(12,NULL,10,'Review',0,NULL,NULL,3,'2026-06-07 18:20:58','2026-06-07 18:20:58'),(13,NULL,11,'Concept',0,NULL,NULL,1,'2026-06-07 18:20:58','2026-06-07 18:20:58'),(14,NULL,11,'Design',0,NULL,NULL,2,'2026-06-07 18:20:58','2026-06-07 18:20:58'),(15,NULL,11,'Approval',0,NULL,NULL,3,'2026-06-07 18:20:58','2026-06-07 18:20:58'),(16,'5aaa677b-3ae5-4705-b11a-81cbbdef5ef3',12,'hi',1,1,'2026-06-17 00:14:06',1,'2026-06-10 03:30:31','2026-06-17 00:14:06'),(17,'28b09fa6-fd75-48f6-b236-e87ba971ce2e',12,'Built website',0,NULL,NULL,2,'2026-06-10 03:30:41','2026-06-10 03:30:41');
/*!40000 ALTER TABLE `card_checklist_items` ENABLE KEYS */;
UNLOCK TABLES;

--
-- Table structure for table `card_checklists`
--

DROP TABLE IF EXISTS `card_checklists`;
/*!40101 SET @saved_cs_client     = @@character_set_client */;
/*!40101 SET character_set_client = utf8 */;
CREATE TABLE `card_checklists` (
  `id` bigint(20) unsigned NOT NULL AUTO_INCREMENT,
  `sync_id` varchar(255) DEFAULT NULL,
  `card_id` bigint(20) unsigned NOT NULL,
  `title` varchar(255) NOT NULL,
  `position` int(11) NOT NULL DEFAULT 0,
  `created_at` timestamp NULL DEFAULT NULL,
  `updated_at` timestamp NULL DEFAULT NULL,
  PRIMARY KEY (`id`),
  KEY `card_checklists_card_id_foreign` (`card_id`),
  KEY `card_checklists_sync_id_index` (`sync_id`),
  CONSTRAINT `card_checklists_card_id_foreign` FOREIGN KEY (`card_id`) REFERENCES `cards` (`id`) ON DELETE CASCADE
) ENGINE=InnoDB AUTO_INCREMENT=14 DEFAULT CHARSET=utf8mb4 COLLATE=utf8mb4_unicode_ci;
/*!40101 SET character_set_client = @saved_cs_client */;

--
-- Dumping data for table `card_checklists`
--

LOCK TABLES `card_checklists` WRITE;
/*!40000 ALTER TABLE `card_checklists` DISABLE KEYS */;
INSERT INTO `card_checklists` VALUES (3,NULL,22,'Write Blog for 8 websites',1,'2026-06-02 10:30:57','2026-06-02 10:30:57'),(10,NULL,52,'Checklist',1,'2026-06-07 18:20:58','2026-06-07 18:20:58'),(11,NULL,53,'Checklist',1,'2026-06-07 18:20:58','2026-06-07 18:20:58'),(12,'aa36490c-e6af-4d72-92f7-6e0b652733ec',74,'Tasks',1,'2026-06-10 03:30:27','2026-06-10 03:30:27'),(13,'aa36490c-e6af-4d72-92f7-6e0b652733ec',72,'Tasks',1,'2026-06-10 03:30:27','2026-06-10 03:30:27');
/*!40000 ALTER TABLE `card_checklists` ENABLE KEYS */;
UNLOCK TABLES;

--
-- Table structure for table `card_comments`
--

DROP TABLE IF EXISTS `card_comments`;
/*!40101 SET @saved_cs_client     = @@character_set_client */;
/*!40101 SET character_set_client = utf8 */;
CREATE TABLE `card_comments` (
  `id` bigint(20) unsigned NOT NULL AUTO_INCREMENT,
  `sync_id` varchar(255) DEFAULT NULL,
  `card_id` bigint(20) unsigned NOT NULL,
  `user_id` bigint(20) unsigned NOT NULL,
  `content` longtext NOT NULL,
  `is_system` tinyint(1) NOT NULL DEFAULT 0,
  `created_at` timestamp NULL DEFAULT NULL,
  `updated_at` timestamp NULL DEFAULT NULL,
  `deleted_at` timestamp NULL DEFAULT NULL,
  PRIMARY KEY (`id`),
  KEY `card_comments_user_id_foreign` (`user_id`),
  KEY `card_comments_card_id_created_at_index` (`card_id`,`created_at`),
  KEY `card_comments_sync_id_index` (`sync_id`),
  CONSTRAINT `card_comments_card_id_foreign` FOREIGN KEY (`card_id`) REFERENCES `cards` (`id`) ON DELETE CASCADE,
  CONSTRAINT `card_comments_user_id_foreign` FOREIGN KEY (`user_id`) REFERENCES `users` (`id`) ON DELETE CASCADE
) ENGINE=InnoDB AUTO_INCREMENT=74 DEFAULT CHARSET=utf8mb4 COLLATE=utf8mb4_unicode_ci;
/*!40101 SET character_set_client = @saved_cs_client */;

--
-- Dumping data for table `card_comments`
--

LOCK TABLES `card_comments` WRITE;
/*!40000 ALTER TABLE `card_comments` DISABLE KEYS */;
INSERT INTO `card_comments` VALUES (1,NULL,4,1,'Testing premium Trello enterprise dashboard features!',0,'2026-05-25 14:02:51','2026-05-25 14:02:51',NULL),(2,NULL,4,1,'Card moved from **To Do** to **In Progress** by Super Administrator.',1,'2026-05-25 14:08:11','2026-05-25 14:08:11',NULL),(3,NULL,4,1,'Card moved from **In Progress** to **Under Review** by Super Administrator.',1,'2026-05-25 14:08:21','2026-05-25 14:08:21',NULL),(4,NULL,4,1,'Card moved from **Under Review** to **Approved** by Super Administrator.',1,'2026-05-25 14:08:25','2026-05-25 14:08:25',NULL),(5,NULL,4,1,'All core Trello CRUD features are now perfectly visual-verified!',0,'2026-05-25 15:49:31','2026-05-25 15:49:31',NULL),(6,NULL,10,1,'This is a test comment by Super-admin',0,'2026-05-25 16:56:13','2026-05-25 16:56:13',NULL),(7,NULL,10,1,'📎 File **stability-1779808066400.txt** attached by Super Administrator.',1,'2026-05-26 01:08:02','2026-05-26 01:08:02',NULL),(8,NULL,4,1,'HI',0,'2026-05-26 14:13:48','2026-05-26 14:13:48',NULL),(9,NULL,7,1,'📎 File **American-Excavators-Logo-Ebay.png** attached by Super Administrator.',1,'2026-05-27 09:30:39','2026-05-27 09:30:39',NULL),(10,NULL,14,1,'📎 File **4.png** attached by Super Administrator.',1,'2026-05-27 15:49:00','2026-05-27 15:49:00',NULL),(11,NULL,6,6,'📎 File **content_strategy_team_training_slide_deck.pdf** attached by Ms. Vouchky.',1,'2026-05-28 10:32:43','2026-05-28 10:32:43',NULL),(12,NULL,6,6,'🗑 File **content_strategy_team_training_slide_deck.pdf** removed by Ms. Vouchky.',1,'2026-05-28 10:32:50','2026-05-28 10:32:50',NULL),(13,NULL,6,6,'📎 File **1538802112913.jpeg** attached by Ms. Vouchky.',1,'2026-05-28 10:32:59','2026-05-28 10:32:59',NULL),(14,NULL,6,6,'🗑 File **1538802112913.jpeg** removed by Ms. Vouchky.',1,'2026-05-28 10:33:17','2026-05-28 10:33:17',NULL),(15,NULL,7,2,'📎 File **screenshot.png** attached by Ms. Somalika.',1,'2026-05-28 15:04:59','2026-05-28 15:55:42','2026-05-28 15:55:42'),(16,NULL,7,2,'🗑 File **screenshot.png** removed by Ms. Somalika.',1,'2026-05-28 15:25:18','2026-05-28 15:55:41','2026-05-28 15:55:41'),(21,NULL,7,2,'hi',0,'2026-05-28 16:22:44','2026-05-28 16:22:44',NULL),(22,NULL,4,1,'🗑 File **Test Link** removed by Super Administrator.',1,'2026-05-28 23:07:38','2026-05-28 23:07:38',NULL),(24,NULL,7,9,'aww',0,'2026-05-29 21:10:40','2026-05-29 21:10:45','2026-05-29 21:10:45'),(25,NULL,7,9,'wow',0,'2026-05-29 21:10:53','2026-05-29 21:11:25','2026-05-29 21:11:25'),(26,NULL,4,1,'🗑 File **script.google.com** removed by KiuQ.com.',1,'2026-05-30 14:17:19','2026-05-30 14:17:19',NULL),(27,NULL,7,1,'autotest-1780214257543',0,'2026-05-30 17:57:37','2026-05-30 17:57:37',NULL),(28,NULL,7,1,'autotest-1780214325495',0,'2026-05-30 17:58:45','2026-05-30 17:58:45',NULL),(29,NULL,7,1,'autotest-1780214439845',0,'2026-05-30 18:00:40','2026-05-30 18:00:40',NULL),(30,NULL,7,1,'api-test-1780214509547-edited',0,'2026-05-30 18:01:49','2026-05-30 18:01:49','2026-05-30 18:01:49'),(31,NULL,7,1,'api-check-1780214693124-edited',0,'2026-05-30 18:04:53','2026-05-30 18:04:53','2026-05-30 18:04:53'),(32,NULL,4,1,'hi',0,'2026-05-30 18:06:26','2026-05-30 18:06:31','2026-05-30 18:06:31'),(33,NULL,4,1,'hi',0,'2026-05-30 18:06:47','2026-05-30 18:06:51','2026-05-30 18:06:51'),(34,NULL,7,1,'🗑 File **American-Excavators-Logo-Ebay.png** removed by KiuQ.com.',1,'2026-06-01 19:03:08','2026-06-01 19:03:08',NULL),(35,NULL,22,1,'📎 File **bg-light.png** attached by KiuQ.com.',1,'2026-06-02 10:33:07','2026-06-02 10:33:07',NULL),(36,NULL,22,1,'🗑 File **bg-light.png** removed by KiuQ.com.',1,'2026-06-02 10:33:11','2026-06-02 10:33:11',NULL),(37,NULL,22,1,'📎 File **KQ_Aurora_Glass_Big_Letters.svg** attached by KiuQ.com.',1,'2026-06-02 10:33:21','2026-06-02 10:33:21',NULL),(38,NULL,22,1,'📎 File **content_strategy_team_training_slide_deck.pdf** attached by KiuQ.com.',1,'2026-06-02 10:33:31','2026-06-02 10:33:31',NULL),(39,NULL,22,1,'HI',0,'2026-06-02 10:55:04','2026-06-02 10:55:04',NULL),(40,NULL,4,1,'Team approved',0,'2026-06-05 01:45:15','2026-06-05 01:45:15',NULL),(41,NULL,4,1,'Team approved',0,'2026-06-05 01:45:48','2026-06-05 01:45:48',NULL),(42,NULL,4,3,'Team approved',0,'2026-06-05 01:46:21','2026-06-05 01:46:21',NULL),(43,NULL,4,3,'Team approved',0,'2026-06-05 02:04:39','2026-06-05 02:04:39',NULL),(44,NULL,4,3,'Team approved',0,'2026-06-05 02:06:02','2026-06-05 02:06:02',NULL),(45,NULL,17,12,'QC approved',0,'2026-06-05 08:40:32','2026-06-05 08:40:32',NULL),(46,NULL,17,12,'QC approved',0,'2026-06-05 08:41:33','2026-06-05 08:41:33',NULL),(47,NULL,17,12,'QC approved',0,'2026-06-05 08:54:04','2026-06-05 08:54:04',NULL),(48,NULL,7,12,'QC approved',0,'2026-06-05 08:54:59','2026-06-05 08:54:59',NULL),(49,NULL,22,12,'QC approved',0,'2026-06-05 08:55:48','2026-06-05 08:55:48',NULL),(50,NULL,21,12,'QC approved',0,'2026-06-05 09:21:32','2026-06-05 09:21:32',NULL),(51,NULL,38,12,'QC approved',0,'2026-06-07 07:19:30','2026-06-07 07:19:30',NULL),(52,NULL,37,12,'QC approved',0,'2026-06-07 07:20:17','2026-06-07 07:20:17',NULL),(53,NULL,38,2,'Approved',0,'2026-06-07 07:21:08','2026-06-07 07:21:08',NULL),(54,NULL,38,2,'Approved',0,'2026-06-07 07:22:54','2026-06-07 07:22:54',NULL),(55,NULL,45,2,'test',0,'2026-06-07 08:44:17','2026-06-07 08:44:17',NULL),(64,'f30041b1-38b4-44fe-af7d-d16c4cb3a107',72,6,'Ready',0,'2026-06-10 02:54:32','2026-06-10 02:54:32',NULL),(65,'f30041b1-38b4-44fe-af7d-d16c4cb3a107',73,6,'Ready',0,'2026-06-10 02:54:32','2026-06-10 02:54:32',NULL),(66,'7bfc9d8e-9ee5-4a3a-958d-8a4a4535871b',72,6,'Ready',0,'2026-06-10 03:29:44','2026-06-10 03:29:44',NULL),(67,'f30041b1-38b4-44fe-af7d-d16c4cb3a107',74,6,'Ready',0,'2026-06-10 03:29:44','2026-06-10 03:29:44',NULL),(68,'7bfc9d8e-9ee5-4a3a-958d-8a4a4535871b',74,6,'Ready',0,'2026-06-10 03:29:44','2026-06-10 03:29:44',NULL),(71,NULL,14,1,'saf',0,'2026-06-21 21:36:22','2026-06-21 21:36:22',NULL),(72,'078df4eb-f220-422a-9474-aec202d1fab4',79,6,'Ready',0,'2026-06-23 01:03:30','2026-06-23 01:03:30',NULL),(73,'078df4eb-f220-422a-9474-aec202d1fab4',80,6,'Ready',0,'2026-06-23 01:03:30','2026-06-23 01:03:30',NULL);
/*!40000 ALTER TABLE `card_comments` ENABLE KEYS */;
UNLOCK TABLES;

--
-- Table structure for table `card_files`
--

DROP TABLE IF EXISTS `card_files`;
/*!40101 SET @saved_cs_client     = @@character_set_client */;
/*!40101 SET character_set_client = utf8 */;
CREATE TABLE `card_files` (
  `id` bigint(20) unsigned NOT NULL AUTO_INCREMENT,
  `sync_id` varchar(255) DEFAULT NULL,
  `card_id` bigint(20) unsigned NOT NULL,
  `uploaded_by` bigint(20) unsigned NOT NULL,
  `original_name` varchar(255) NOT NULL,
  `stored_name` varchar(255) NOT NULL,
  `disk` varchar(255) NOT NULL DEFAULT 'local',
  `path` varchar(255) NOT NULL,
  `mime_type` varchar(100) DEFAULT NULL,
  `size` bigint(20) unsigned NOT NULL DEFAULT 0,
  `created_at` timestamp NULL DEFAULT NULL,
  `updated_at` timestamp NULL DEFAULT NULL,
  PRIMARY KEY (`id`),
  KEY `card_files_uploaded_by_foreign` (`uploaded_by`),
  KEY `card_files_card_id_index` (`card_id`),
  KEY `card_files_sync_id_index` (`sync_id`),
  CONSTRAINT `card_files_card_id_foreign` FOREIGN KEY (`card_id`) REFERENCES `cards` (`id`) ON DELETE CASCADE,
  CONSTRAINT `card_files_uploaded_by_foreign` FOREIGN KEY (`uploaded_by`) REFERENCES `users` (`id`) ON DELETE CASCADE
) ENGINE=InnoDB AUTO_INCREMENT=64 DEFAULT CHARSET=utf8mb4 COLLATE=utf8mb4_unicode_ci;
/*!40101 SET character_set_client = @saved_cs_client */;

--
-- Dumping data for table `card_files`
--

LOCK TABLES `card_files` WRITE;
/*!40000 ALTER TABLE `card_files` DISABLE KEYS */;
INSERT INTO `card_files` VALUES (5,NULL,14,1,'4.png','FxySqZBbOP6ckWnlIVjsJD8nwcmv5kDiMJ998knb.png','local','kanban/14/FxySqZBbOP6ckWnlIVjsJD8nwcmv5kDiMJ998knb.png','image/png',1407372,'2026-05-27 15:49:00','2026-05-27 15:49:00'),(9,NULL,7,1,'Ready','https://script.google.com/a/macros/kiuq.com/s/AKfycbzp3U-tjm_8ijdsT3Q7FO6F8L4yHgf-yUK3pk9hW8J-xdxzdATPcJO6O0KncLKQx7xQ/exec','url','https://script.google.com/a/macros/kiuq.com/s/AKfycbzp3U-tjm_8ijdsT3Q7FO6F8L4yHgf-yUK3pk9hW8J-xdxzdATPcJO6O0KncLKQx7xQ/exec','link',0,'2026-05-30 14:05:52','2026-05-30 14:05:52'),(13,NULL,22,1,'content_strategy_team_training_slide_deck.pdf','dGcs8JRkiVX16xq5pzo0ZMyDMXdPl3wspJSH789A.pdf','local','kanban/22/dGcs8JRkiVX16xq5pzo0ZMyDMXdPl3wspJSH789A.pdf','application/pdf',183999,'2026-06-02 10:33:31','2026-06-02 10:33:31'),(14,NULL,7,1,'content_strategy_team_training_slide_deck.pdf','swzf6ISrvEoA7y36YaR9wHkruIZhoZU67GZ38WqE.pdf','local','kanban/7/swzf6ISrvEoA7y36YaR9wHkruIZhoZU67GZ38WqE.pdf','application/pdf',183999,'2026-06-04 13:41:59','2026-06-04 13:41:59'),(17,NULL,17,1,'American-Excavators-Logo-Ebay.png','FrY9dv2eIypF9xgspSYERZUPc490ULQRwH8maLhX.png','local','kanban/17/FrY9dv2eIypF9xgspSYERZUPc490ULQRwH8maLhX.png','image/png',763193,'2026-06-04 16:04:38','2026-06-04 16:04:38'),(19,NULL,22,1,'dafadaf','http://127.0.0.1:8000/boards/planning-board-3L7Y','url','http://127.0.0.1:8000/boards/planning-board-3L7Y','link',0,'2026-06-04 16:23:09','2026-06-04 16:56:12'),(20,NULL,17,1,'docdafsasasa','http://127.0.0.1:8000/boards/planfsaning-board-3ffffL7Yssgdgsdg','url','http://127.0.0.1:8000/boards/planfsaning-board-3ffffL7Yssgdgsdg','link',0,'2026-06-04 17:01:37','2026-06-04 17:23:45'),(22,NULL,16,1,'drive.google.com','https://drive.google.com/file/d/1PghUfBbPIcWkt25pxdnHnRq90klQWsJz/view?usp=drive_link','url','https://drive.google.com/file/d/1PghUfBbPIcWkt25pxdnHnRq90klQWsJz/view?usp=drive_link','link',0,'2026-06-06 06:34:06','2026-06-06 06:34:06'),(23,NULL,45,2,'test','http://127.0.0.1:8000/boards/workflow-board-june-DjnY','url','http://127.0.0.1:8000/boards/workflow-board-june-DjnY','link',0,'2026-06-07 08:46:06','2026-06-07 08:46:06'),(24,NULL,52,1,'Google Drive Link','Google Drive Link','url','https://drive.google.com/file/example','text/uri-list',0,'2026-06-07 18:20:58','2026-06-07 18:20:58'),(25,NULL,53,1,'Google Drive Link','Google Drive Link','url','https://drive.google.com/file/example','text/uri-list',0,'2026-06-07 18:20:58','2026-06-07 18:20:58'),(26,NULL,54,1,'Google Drive Link','Google Drive Link','url','https://drive.google.com/file/example','text/uri-list',0,'2026-06-07 18:24:38','2026-06-07 18:24:38'),(27,NULL,55,1,'Google Drive Link','Google Drive Link','url','https://drive.google.com/file/example','text/uri-list',0,'2026-06-07 18:24:38','2026-06-07 18:24:38'),(28,NULL,56,1,'Google Drive Link','Google Drive Link','url','https://drive.google.com/file/example','text/uri-list',0,'2026-06-07 18:29:10','2026-06-07 18:29:10'),(29,NULL,57,1,'Google Drive Link','Google Drive Link','url','https://drive.google.com/file/example','text/uri-list',0,'2026-06-07 18:29:10','2026-06-07 18:29:10'),(30,NULL,58,1,'Google Drive Link','Google Drive Link','url','https://drive.google.com/file/example','text/uri-list',0,'2026-06-07 18:56:35','2026-06-07 18:56:35'),(31,NULL,59,1,'Google Drive Link','Google Drive Link','url','https://drive.google.com/file/example','text/uri-list',0,'2026-06-07 18:56:35','2026-06-07 18:56:35'),(32,NULL,60,1,'Google Drive Link','Google Drive Link','url','https://drive.google.com/file/example','text/uri-list',0,'2026-06-07 19:12:52','2026-06-07 19:12:52'),(33,NULL,61,1,'Google Drive Link','Google Drive Link','url','https://drive.google.com/file/example','text/uri-list',0,'2026-06-07 19:12:52','2026-06-07 19:12:52'),(34,NULL,62,1,'Google Drive Link','Google Drive Link','url','https://drive.google.com/file/example','text/uri-list',0,'2026-06-07 19:12:52','2026-06-07 19:12:52'),(35,NULL,63,1,'Google Drive Link','Google Drive Link','url','https://drive.google.com/file/example','text/uri-list',0,'2026-06-07 19:12:52','2026-06-07 19:12:52'),(36,NULL,64,1,'Google Drive Link','Google Drive Link','url','https://drive.google.com/file/example','text/uri-list',0,'2026-06-07 19:14:26','2026-06-07 19:14:26'),(37,NULL,65,1,'Google Drive Link','Google Drive Link','url','https://drive.google.com/file/example','text/uri-list',0,'2026-06-07 19:14:26','2026-06-07 19:14:26'),(38,NULL,66,1,'Google Drive Link','Google Drive Link','url','https://drive.google.com/file/example','text/uri-list',0,'2026-06-07 19:14:26','2026-06-07 19:14:26'),(39,NULL,67,1,'Google Drive Link','Google Drive Link','url','https://drive.google.com/file/example','text/uri-list',0,'2026-06-07 19:14:26','2026-06-07 19:14:26'),(40,NULL,68,9,'Google Drive Link','Google Drive Link','url','https://drive.google.com/file/example','text/uri-list',0,'2026-06-07 19:45:16','2026-06-07 19:45:16'),(41,NULL,69,9,'Google Drive Link','Google Drive Link','url','https://drive.google.com/file/example','text/uri-list',0,'2026-06-07 19:45:16','2026-06-07 19:45:16'),(42,NULL,70,9,'Google Drive Link','Google Drive Link','url','https://drive.google.com/file/example','text/uri-list',0,'2026-06-07 19:45:16','2026-06-07 19:45:16'),(43,NULL,71,9,'Google Drive Link','Google Drive Link','url','https://drive.google.com/file/example','text/uri-list',0,'2026-06-07 19:45:16','2026-06-07 19:45:16'),(44,'c48c2b45-ddfe-4c1f-bd64-67e9b22a52c6',73,6,'bg-gala.jpg','XtzMBFqfS31RNbcPfqnUI8vmKFx5VZwEpB5U860m.jpg','local','kanban/73/XtzMBFqfS31RNbcPfqnUI8vmKFx5VZwEpB5U860m.jpg','image/jpeg',183164,'2026-06-10 03:08:37','2026-06-10 03:08:37'),(51,NULL,75,1,'Google Drive Link','Google Drive Link','url','https://drive.google.com/file/example','text/uri-list',0,'2026-06-23 00:59:25','2026-06-23 00:59:25'),(52,NULL,76,1,'Google Drive Link','Google Drive Link','url','https://drive.google.com/file/example','text/uri-list',0,'2026-06-23 00:59:25','2026-06-23 00:59:25'),(53,NULL,77,1,'Google Drive Link','Google Drive Link','url','https://drive.google.com/file/example','text/uri-list',0,'2026-06-23 00:59:25','2026-06-23 00:59:25'),(54,NULL,78,1,'Google Drive Link','Google Drive Link','url','https://drive.google.com/file/example','text/uri-list',0,'2026-06-23 00:59:25','2026-06-23 00:59:25'),(55,NULL,81,1,'Google Drive Link','Google Drive Link','url','https://drive.google.com/file/example','text/uri-list',0,'2026-06-23 01:13:01','2026-06-23 01:13:01'),(56,NULL,82,1,'Google Drive Link','Google Drive Link','url','https://drive.google.com/file/example','text/uri-list',0,'2026-06-23 01:13:01','2026-06-23 01:13:01'),(57,NULL,83,1,'Google Drive Link','Google Drive Link','url','https://drive.google.com/file/example','text/uri-list',0,'2026-06-23 01:13:01','2026-06-23 01:13:01'),(58,NULL,84,1,'Google Drive Link','Google Drive Link','url','https://drive.google.com/file/example','text/uri-list',0,'2026-06-23 01:13:01','2026-06-23 01:13:01'),(60,NULL,89,1,'Google Drive Link','Google Drive Link','url','https://drive.google.com/file/example','text/uri-list',0,'2026-06-28 20:48:46','2026-06-28 20:48:46'),(61,NULL,90,1,'Google Drive Link','Google Drive Link','url','https://drive.google.com/file/example','text/uri-list',0,'2026-06-28 20:48:46','2026-06-28 20:48:46'),(62,NULL,91,1,'Google Drive Link','Google Drive Link','url','https://drive.google.com/file/example','text/uri-list',0,'2026-06-28 20:48:46','2026-06-28 20:48:46'),(63,NULL,92,1,'Google Drive Link','Google Drive Link','url','https://drive.google.com/file/example','text/uri-list',0,'2026-06-28 20:48:46','2026-06-28 20:48:46');
/*!40000 ALTER TABLE `card_files` ENABLE KEYS */;
UNLOCK TABLES;

--
-- Table structure for table `card_labels`
--

DROP TABLE IF EXISTS `card_labels`;
/*!40101 SET @saved_cs_client     = @@character_set_client */;
/*!40101 SET character_set_client = utf8 */;
CREATE TABLE `card_labels` (
  `id` bigint(20) unsigned NOT NULL AUTO_INCREMENT,
  `card_id` bigint(20) unsigned NOT NULL,
  `label_id` bigint(20) unsigned NOT NULL,
  `created_at` timestamp NULL DEFAULT NULL,
  `updated_at` timestamp NULL DEFAULT NULL,
  PRIMARY KEY (`id`),
  UNIQUE KEY `card_labels_card_id_label_id_unique` (`card_id`,`label_id`),
  KEY `card_labels_label_id_foreign` (`label_id`),
  CONSTRAINT `card_labels_card_id_foreign` FOREIGN KEY (`card_id`) REFERENCES `cards` (`id`) ON DELETE CASCADE,
  CONSTRAINT `card_labels_label_id_foreign` FOREIGN KEY (`label_id`) REFERENCES `labels` (`id`) ON DELETE CASCADE
) ENGINE=InnoDB AUTO_INCREMENT=60 DEFAULT CHARSET=utf8mb4 COLLATE=utf8mb4_unicode_ci;
/*!40101 SET character_set_client = @saved_cs_client */;

--
-- Dumping data for table `card_labels`
--

LOCK TABLES `card_labels` WRITE;
/*!40000 ALTER TABLE `card_labels` DISABLE KEYS */;
INSERT INTO `card_labels` VALUES (1,42,76,'2026-06-07 08:15:41','2026-06-07 08:15:41'),(2,36,73,'2026-06-07 08:23:56','2026-06-07 08:23:56'),(3,16,73,'2026-06-07 08:24:00','2026-06-07 08:24:00'),(4,5,73,'2026-06-07 08:24:03','2026-06-07 08:24:03'),(5,39,73,'2026-06-07 08:24:05','2026-06-07 08:24:05'),(6,40,73,'2026-06-07 08:24:08','2026-06-07 08:24:08'),(7,6,73,'2026-06-07 08:24:12','2026-06-07 08:24:12'),(9,14,73,'2026-06-07 08:24:29','2026-06-07 08:24:29'),(10,37,73,'2026-06-07 08:24:33','2026-06-07 08:24:33'),(11,38,73,'2026-06-07 08:24:36','2026-06-07 08:24:36'),(12,43,75,'2026-06-07 08:26:21','2026-06-07 08:26:21'),(13,44,77,'2026-06-07 08:29:53','2026-06-07 08:29:53'),(14,45,77,'2026-06-07 08:43:16','2026-06-07 08:43:16'),(27,56,75,'2026-06-07 18:31:45','2026-06-07 18:31:45'),(28,58,75,'2026-06-07 18:56:35','2026-06-07 18:56:35'),(29,59,75,'2026-06-07 18:56:35','2026-06-07 18:56:35'),(30,60,75,'2026-06-07 19:12:52','2026-06-07 19:12:52'),(31,61,75,'2026-06-07 19:12:52','2026-06-07 19:12:52'),(32,62,75,'2026-06-07 19:12:52','2026-06-07 19:12:52'),(33,63,75,'2026-06-07 19:12:52','2026-06-07 19:12:52'),(34,64,75,'2026-06-07 19:14:26','2026-06-07 19:14:26'),(35,65,75,'2026-06-07 19:14:26','2026-06-07 19:14:26'),(36,66,75,'2026-06-07 19:14:26','2026-06-07 19:14:26'),(37,67,75,'2026-06-07 19:14:26','2026-06-07 19:14:26'),(38,68,75,'2026-06-07 19:45:16','2026-06-07 19:45:16'),(39,69,75,'2026-06-07 19:45:16','2026-06-07 19:45:16'),(40,70,75,'2026-06-07 19:45:16','2026-06-07 19:45:16'),(41,71,75,'2026-06-07 19:45:16','2026-06-07 19:45:16'),(42,72,73,'2026-06-10 02:50:56','2026-06-10 02:50:56'),(43,73,73,'2026-06-10 02:54:32','2026-06-10 02:54:32'),(44,74,73,'2026-06-10 03:29:44','2026-06-10 03:29:44'),(45,75,75,'2026-06-23 00:59:25','2026-06-23 00:59:25'),(46,76,75,'2026-06-23 00:59:25','2026-06-23 00:59:25'),(47,77,75,'2026-06-23 00:59:25','2026-06-23 00:59:25'),(48,78,75,'2026-06-23 00:59:25','2026-06-23 00:59:25'),(49,79,73,'2026-06-23 01:03:13','2026-06-23 01:03:13'),(50,80,73,'2026-06-23 01:03:30','2026-06-23 01:03:30'),(51,81,75,'2026-06-23 01:13:01','2026-06-23 01:13:01'),(52,82,75,'2026-06-23 01:13:01','2026-06-23 01:13:01'),(53,83,75,'2026-06-23 01:13:01','2026-06-23 01:13:01'),(54,84,75,'2026-06-23 01:13:01','2026-06-23 01:13:01'),(55,85,73,'2026-06-23 05:00:13','2026-06-23 05:00:13'),(56,89,75,'2026-06-28 20:48:46','2026-06-28 20:48:46'),(57,90,75,'2026-06-28 20:48:46','2026-06-28 20:48:46'),(58,91,75,'2026-06-28 20:48:46','2026-06-28 20:48:46'),(59,92,75,'2026-06-28 20:48:46','2026-06-28 20:48:46');
/*!40000 ALTER TABLE `card_labels` ENABLE KEYS */;
UNLOCK TABLES;

--
-- Table structure for table `card_watchers`
--

DROP TABLE IF EXISTS `card_watchers`;
/*!40101 SET @saved_cs_client     = @@character_set_client */;
/*!40101 SET character_set_client = utf8 */;
CREATE TABLE `card_watchers` (
  `id` bigint(20) unsigned NOT NULL AUTO_INCREMENT,
  `card_id` bigint(20) unsigned NOT NULL,
  `user_id` bigint(20) unsigned NOT NULL,
  `created_at` timestamp NULL DEFAULT NULL,
  `updated_at` timestamp NULL DEFAULT NULL,
  PRIMARY KEY (`id`),
  UNIQUE KEY `card_watchers_card_id_user_id_unique` (`card_id`,`user_id`),
  KEY `card_watchers_user_id_foreign` (`user_id`),
  CONSTRAINT `card_watchers_card_id_foreign` FOREIGN KEY (`card_id`) REFERENCES `cards` (`id`) ON DELETE CASCADE,
  CONSTRAINT `card_watchers_user_id_foreign` FOREIGN KEY (`user_id`) REFERENCES `users` (`id`) ON DELETE CASCADE
) ENGINE=InnoDB DEFAULT CHARSET=utf8mb4 COLLATE=utf8mb4_unicode_ci;
/*!40101 SET character_set_client = @saved_cs_client */;

--
-- Dumping data for table `card_watchers`
--

LOCK TABLES `card_watchers` WRITE;
/*!40000 ALTER TABLE `card_watchers` DISABLE KEYS */;
/*!40000 ALTER TABLE `card_watchers` ENABLE KEYS */;
UNLOCK TABLES;

--
-- Table structure for table `cards`
--

DROP TABLE IF EXISTS `cards`;
/*!40101 SET @saved_cs_client     = @@character_set_client */;
/*!40101 SET character_set_client = utf8 */;
CREATE TABLE `cards` (
  `id` bigint(20) unsigned NOT NULL AUTO_INCREMENT,
  `sync_group_id` varchar(255) DEFAULT NULL,
  `board_id` bigint(20) unsigned DEFAULT NULL,
  `board_list_id` bigint(20) unsigned DEFAULT NULL,
  `title` varchar(255) NOT NULL,
  `description` text DEFAULT NULL,
  `label` varchar(255) NOT NULL,
  `sub_label` varchar(255) DEFAULT NULL,
  `priority` varchar(255) NOT NULL DEFAULT 'medium',
  `status` varchar(255) NOT NULL DEFAULT 'todo',
  `position` int(11) NOT NULL DEFAULT 0,
  `deadline` date DEFAULT NULL,
  `start_date` date DEFAULT NULL,
  `due_time` time DEFAULT NULL,
  `reminder` smallint(5) unsigned DEFAULT NULL,
  `recurring` varchar(20) NOT NULL DEFAULT 'none',
  `created_by` bigint(20) unsigned NOT NULL,
  `approved_by` bigint(20) unsigned DEFAULT NULL,
  `approved_at` timestamp NULL DEFAULT NULL,
  `rejection_reason` text DEFAULT NULL,
  `cover_image` varchar(255) DEFAULT NULL,
  `due_at` timestamp NULL DEFAULT NULL,
  `due_reminder_sent` tinyint(1) NOT NULL DEFAULT 0,
  `is_archived` tinyint(1) NOT NULL DEFAULT 0,
  `watchers_count` int(11) NOT NULL DEFAULT 0,
  `reviewed_by` bigint(20) unsigned DEFAULT NULL,
  `reviewed_at` timestamp NULL DEFAULT NULL,
  `created_at` timestamp NULL DEFAULT NULL,
  `updated_at` timestamp NULL DEFAULT NULL,
  `deleted_at` timestamp NULL DEFAULT NULL,
  PRIMARY KEY (`id`),
  KEY `cards_created_by_foreign` (`created_by`),
  KEY `cards_approved_by_foreign` (`approved_by`),
  KEY `cards_reviewed_by_foreign` (`reviewed_by`),
  KEY `cards_status_index` (`status`),
  KEY `cards_label_index` (`label`),
  KEY `cards_status_position_index` (`status`,`position`),
  KEY `cards_deadline_index` (`deadline`),
  KEY `cards_board_id_index` (`board_id`),
  KEY `cards_board_list_id_index` (`board_list_id`),
  KEY `cards_board_list_id_position_index` (`board_list_id`,`position`),
  KEY `cards_due_at_index` (`due_at`),
  KEY `cards_is_archived_index` (`is_archived`),
  KEY `cards_sync_group_id_index` (`sync_group_id`),
  CONSTRAINT `cards_approved_by_foreign` FOREIGN KEY (`approved_by`) REFERENCES `users` (`id`) ON DELETE SET NULL,
  CONSTRAINT `cards_board_id_foreign` FOREIGN KEY (`board_id`) REFERENCES `boards` (`id`) ON DELETE SET NULL,
  CONSTRAINT `cards_board_list_id_foreign` FOREIGN KEY (`board_list_id`) REFERENCES `board_lists` (`id`) ON DELETE SET NULL,
  CONSTRAINT `cards_created_by_foreign` FOREIGN KEY (`created_by`) REFERENCES `users` (`id`) ON DELETE CASCADE,
  CONSTRAINT `cards_reviewed_by_foreign` FOREIGN KEY (`reviewed_by`) REFERENCES `users` (`id`) ON DELETE SET NULL
) ENGINE=InnoDB AUTO_INCREMENT=93 DEFAULT CHARSET=utf8mb4 COLLATE=utf8mb4_unicode_ci;
/*!40101 SET character_set_client = @saved_cs_client */;

--
-- Dumping data for table `cards`
--

LOCK TABLES `cards` WRITE;
/*!40000 ALTER TABLE `cards` DISABLE KEYS */;
INSERT INTO `cards` VALUES (4,NULL,1,2,'📹 Create product promo video','<h1><u>hi</u></h1>','video',NULL,'high','approved',1,NULL,NULL,NULL,NULL,'none',1,NULL,NULL,NULL,NULL,'2026-06-06 12:48:07',0,0,0,NULL,NULL,'2026-05-25 12:48:07','2026-06-07 06:51:04','2026-06-07 06:51:04'),(5,NULL,1,2,'🎨 Design new website banner',NULL,'video',NULL,'medium','todo',1,NULL,NULL,NULL,NULL,'none',1,NULL,NULL,NULL,NULL,'2026-06-05 12:48:07',0,0,0,NULL,NULL,'2026-05-25 12:48:07','2026-06-28 19:53:25',NULL),(6,NULL,1,4,'📝 Write eBay product descriptions',NULL,'video',NULL,'high','todo',3,NULL,NULL,NULL,NULL,'none',1,NULL,NULL,NULL,NULL,'2026-06-01 12:48:07',0,0,0,NULL,NULL,'2026-05-25 12:48:07','2026-06-07 08:25:34','2026-06-07 08:25:34'),(7,NULL,1,5,'📊 Prepare monthly report','<p>jj<strong>bjbbbbm,bm</strong></p>','video',NULL,'urgent','todo',1,NULL,NULL,NULL,NULL,'none',1,NULL,NULL,NULL,NULL,'2026-06-08 10:00:00',0,0,0,NULL,NULL,'2026-05-25 12:48:07','2026-06-07 06:54:13','2026-06-07 06:54:13'),(8,NULL,1,NULL,'Verify CRM integration','Initial checklist validation','CRM','','medium','todo',1,NULL,NULL,NULL,NULL,'none',1,NULL,NULL,NULL,NULL,NULL,0,0,0,NULL,NULL,'2026-05-25 15:33:57','2026-05-25 16:19:51','2026-05-25 16:19:51'),(9,NULL,1,4,'game',NULL,'CRM','','medium','todo',4,NULL,NULL,NULL,NULL,'none',1,NULL,NULL,NULL,NULL,NULL,0,0,0,NULL,NULL,'2026-05-25 16:17:20','2026-06-07 08:24:23','2026-06-07 08:24:23'),(10,NULL,10,34,'Test Card Name',NULL,'CRM','','medium','todo',0,NULL,NULL,NULL,NULL,'none',1,NULL,NULL,NULL,NULL,NULL,0,0,0,NULL,NULL,'2026-05-25 16:52:57','2026-05-26 01:08:02',NULL),(11,NULL,NULL,NULL,'Test Card 1',NULL,'CRM','','medium','todo',1,NULL,NULL,NULL,NULL,'none',1,NULL,NULL,NULL,NULL,NULL,0,0,0,NULL,NULL,'2026-05-25 18:02:50','2026-05-25 18:02:50',NULL),(12,NULL,11,38,'Test Card Name',NULL,'CRM','','medium','todo',0,NULL,NULL,'09:30:00',NULL,'none',1,NULL,NULL,NULL,NULL,'2026-06-14 10:00:00',0,0,0,NULL,NULL,'2026-05-26 01:08:07','2026-05-26 01:08:07',NULL),(13,NULL,NULL,NULL,'jjkh',NULL,'CRM','','medium','todo',0,NULL,NULL,NULL,NULL,'none',1,NULL,NULL,NULL,NULL,NULL,0,0,0,NULL,NULL,'2026-05-26 01:43:51','2026-05-26 01:43:59',NULL),(14,NULL,1,5,'📊 Prepare monthly report (copy)',NULL,'CRM','','urgent','todo',1,NULL,NULL,NULL,NULL,'none',1,NULL,NULL,NULL,NULL,'2026-06-08 10:00:00',0,0,0,NULL,NULL,'2026-05-27 15:42:27','2026-06-28 19:40:54',NULL),(15,NULL,NULL,NULL,'fdafafafa',NULL,'CRM','','medium','todo',1,NULL,NULL,NULL,NULL,'none',1,NULL,NULL,NULL,NULL,NULL,0,0,0,NULL,NULL,'2026-05-27 15:47:47','2026-05-27 15:47:47',NULL),(16,NULL,1,4,'Short',NULL,'CRM','','medium','todo',2,NULL,NULL,NULL,NULL,'none',1,NULL,NULL,NULL,NULL,NULL,0,0,0,NULL,NULL,'2026-05-27 16:34:44','2026-06-28 19:53:10',NULL),(17,NULL,1,4,'TERROR ONE',NULL,'CRM','','medium','todo',0,NULL,NULL,NULL,NULL,'none',1,NULL,NULL,NULL,NULL,NULL,0,0,0,NULL,NULL,'2026-05-27 16:35:05','2026-06-06 08:42:09','2026-06-06 08:42:09'),(18,NULL,1,NULL,'Lisitng This mini Exca SKU 1701',NULL,'CRM','','medium','todo',1,NULL,NULL,NULL,NULL,'none',1,NULL,NULL,NULL,NULL,NULL,0,0,0,NULL,NULL,'2026-05-27 17:00:49','2026-06-07 06:55:18','2026-06-07 06:55:18'),(19,NULL,1,31,'Write descrition of TYRANT 17 with 12 att',NULL,'CRM','','medium','todo',4,NULL,NULL,NULL,NULL,'none',1,NULL,NULL,NULL,NULL,NULL,0,0,0,NULL,NULL,'2026-05-27 17:56:50','2026-06-07 06:50:46','2026-06-07 06:50:46'),(20,NULL,13,48,'hh',NULL,'CRM','','medium','todo',0,NULL,NULL,NULL,NULL,'none',9,NULL,NULL,NULL,NULL,NULL,0,0,0,NULL,NULL,'2026-05-29 12:00:49','2026-05-29 12:00:53',NULL),(21,NULL,1,5,'make video x','<p><strong>hi</strong></p>','CRM','','medium','todo',3,NULL,NULL,NULL,60,'none',1,NULL,NULL,NULL,NULL,'2026-05-30 10:00:00',0,0,0,NULL,NULL,'2026-05-29 16:44:23','2026-06-07 06:54:19','2026-06-07 06:54:19'),(22,NULL,1,5,'Writing Blog',NULL,'CRM','','medium','todo',2,NULL,'2026-06-03','08:30:00',30,'none',1,NULL,NULL,NULL,NULL,'2026-06-03 10:00:00',0,0,0,NULL,NULL,'2026-06-02 10:29:50','2026-06-07 06:54:16','2026-06-07 06:54:16'),(23,NULL,1,3,'HI',NULL,'CRM','','medium','todo',1,NULL,NULL,NULL,NULL,'none',1,NULL,NULL,NULL,NULL,NULL,0,0,0,NULL,NULL,'2026-06-02 10:38:22','2026-06-02 10:39:02','2026-06-02 10:39:02'),(24,NULL,36,158,'📹 Create product promo video','<h1><u>hi</u></h1>','video',NULL,'high','approved',1,NULL,NULL,NULL,NULL,'none',1,NULL,NULL,NULL,NULL,'2026-06-06 12:48:07',0,0,0,NULL,NULL,'2026-06-05 20:55:14','2026-06-05 20:55:14',NULL),(25,NULL,36,159,'Short',NULL,'CRM','','medium','todo',0,NULL,NULL,NULL,NULL,'none',1,NULL,NULL,NULL,NULL,NULL,0,0,0,NULL,NULL,'2026-06-05 20:55:14','2026-06-05 20:55:14',NULL),(26,NULL,36,160,'TERROR ONE',NULL,'CRM','','medium','todo',0,NULL,NULL,NULL,NULL,'none',1,NULL,NULL,NULL,NULL,NULL,0,0,0,NULL,NULL,'2026-06-05 20:55:14','2026-06-05 20:55:14',NULL),(27,NULL,36,161,'📊 Prepare monthly report','<p>jj<strong>bjbbbbm,bm</strong></p>','video',NULL,'urgent','todo',1,NULL,NULL,NULL,NULL,'none',1,NULL,NULL,NULL,NULL,'2026-06-08 10:00:00',0,0,0,NULL,NULL,'2026-06-05 20:55:14','2026-06-05 20:55:14',NULL),(28,NULL,36,161,'Writing Blog',NULL,'CRM','','medium','todo',2,NULL,'2026-06-03','08:30:00',30,'none',1,NULL,NULL,NULL,NULL,'2026-06-03 10:00:00',0,0,0,NULL,NULL,'2026-06-05 20:55:14','2026-06-05 20:55:14',NULL),(29,NULL,36,161,'make video x','<p><strong>hi</strong></p>','CRM','','medium','todo',3,NULL,NULL,NULL,60,'none',1,NULL,NULL,NULL,NULL,'2026-05-30 10:00:00',0,0,0,NULL,NULL,'2026-06-05 20:55:14','2026-06-05 20:55:14',NULL),(30,NULL,36,162,'game',NULL,'CRM','','medium','todo',0,NULL,NULL,NULL,NULL,'none',1,NULL,NULL,NULL,NULL,NULL,0,0,0,NULL,NULL,'2026-06-05 20:55:14','2026-06-05 20:55:14',NULL),(31,NULL,36,162,'📊 Prepare monthly report (copy)',NULL,'CRM','','urgent','todo',1,NULL,NULL,NULL,NULL,'none',1,NULL,NULL,NULL,NULL,'2026-06-08 10:00:00',0,0,0,NULL,NULL,'2026-06-05 20:55:14','2026-06-05 20:55:14',NULL),(32,NULL,36,162,'🎨 Design new website banner',NULL,'video',NULL,'medium','todo',2,NULL,NULL,NULL,NULL,'none',1,NULL,NULL,NULL,NULL,'2026-06-05 12:48:07',0,0,0,NULL,NULL,'2026-06-05 20:55:14','2026-06-05 20:55:14',NULL),(33,NULL,36,162,'📝 Write eBay product descriptions',NULL,'video',NULL,'high','todo',3,NULL,NULL,NULL,NULL,'none',1,NULL,NULL,NULL,NULL,'2026-06-01 12:48:07',0,0,0,NULL,NULL,'2026-06-05 20:55:14','2026-06-05 20:55:14',NULL),(34,NULL,36,162,'Write descrition of TYRANT 17 with 12 att',NULL,'CRM','','medium','todo',4,NULL,NULL,NULL,NULL,'none',1,NULL,NULL,NULL,NULL,NULL,0,0,0,NULL,NULL,'2026-06-05 20:55:14','2026-06-05 20:55:14',NULL),(35,NULL,36,163,'Lisitng This mini Exca SKU 1701',NULL,'CRM','','medium','todo',1,NULL,NULL,NULL,NULL,'none',1,NULL,NULL,NULL,NULL,NULL,0,0,0,NULL,NULL,'2026-06-05 20:55:14','2026-06-05 20:55:14',NULL),(36,NULL,1,3,'A+ TYRANT 17',NULL,'CRM','','medium','todo',0,NULL,'2026-06-07',NULL,NULL,'none',1,NULL,NULL,NULL,NULL,'2026-06-07 10:00:00',0,0,0,NULL,NULL,'2026-06-07 06:51:26','2026-06-28 20:41:34',NULL),(37,NULL,1,51,'A+ TERROR XIX PRESTIGE 30 images','<p>QC approved</p>','CRM','','medium','todo',0,NULL,'2026-06-05',NULL,NULL,'none',1,NULL,NULL,NULL,NULL,'2026-06-08 10:00:00',0,0,0,NULL,NULL,'2026-06-07 06:52:29','2026-06-28 19:44:27',NULL),(38,NULL,1,31,'TEST 1',NULL,'CRM','','medium','todo',0,NULL,NULL,NULL,NULL,'none',1,NULL,NULL,NULL,NULL,'2026-06-14 10:00:00',0,0,0,NULL,NULL,'2026-06-07 06:54:26','2026-06-23 05:33:23',NULL),(39,NULL,1,4,'TEST 2',NULL,'CRM','','medium','todo',0,NULL,NULL,NULL,NULL,'none',1,NULL,NULL,NULL,NULL,NULL,0,0,0,NULL,NULL,'2026-06-07 06:54:31','2026-06-28 19:53:10',NULL),(40,NULL,1,5,'TEST 3',NULL,'CRM','','medium','todo',0,NULL,NULL,NULL,NULL,'none',1,NULL,NULL,NULL,NULL,NULL,0,0,0,NULL,NULL,'2026-06-07 06:54:36','2026-06-28 19:40:54',NULL),(41,NULL,1,51,'Graphic of STOMP V1000',NULL,'CRM','','medium','todo',1,NULL,'2026-06-23',NULL,NULL,'none',1,NULL,NULL,NULL,NULL,NULL,0,0,0,NULL,NULL,'2026-06-07 06:55:35','2026-06-28 19:44:27',NULL),(42,NULL,14,52,'Built Back Up server template',NULL,'CRM','','medium','todo',1,NULL,NULL,NULL,NULL,'none',2,NULL,NULL,NULL,NULL,NULL,0,0,0,NULL,NULL,'2026-06-07 07:23:38','2026-06-07 07:23:38',NULL),(43,NULL,15,55,'Short of Tyrant X',NULL,'CRM','','medium','todo',1,NULL,NULL,NULL,NULL,'none',2,NULL,NULL,NULL,NULL,NULL,0,0,0,NULL,NULL,'2026-06-07 08:26:00','2026-06-07 08:26:00',NULL),(44,NULL,34,145,'Write 12 blogs of Road Roller',NULL,'CRM','','medium','todo',0,NULL,NULL,NULL,NULL,'none',2,NULL,NULL,NULL,NULL,NULL,0,0,0,NULL,NULL,'2026-06-07 08:29:44','2026-06-21 23:59:45',NULL),(45,NULL,35,151,'Write 12 blogs of Road Roller',NULL,'CRM','','medium','todo',1,NULL,NULL,NULL,NULL,'none',2,NULL,NULL,NULL,NULL,NULL,0,0,0,NULL,NULL,'2026-06-07 08:43:16','2026-06-07 08:43:16',NULL),(52,NULL,34,144,'Create Blog Article','Write 1200-word article about Road Rollers','CRM','','medium','todo',2,NULL,'2026-06-11',NULL,NULL,'none',1,NULL,NULL,NULL,NULL,'2026-06-13 10:00:00',0,0,0,NULL,NULL,'2026-06-07 18:20:58','2026-06-07 18:22:16','2026-06-07 18:22:16'),(53,NULL,34,144,'Design Banner','Homepage promotional banner','CRM','','medium','todo',3,NULL,'2026-06-12',NULL,NULL,'none',1,NULL,NULL,NULL,NULL,'2026-06-17 10:00:00',0,0,0,NULL,NULL,'2026-06-07 18:20:58','2026-06-07 18:22:19','2026-06-07 18:22:19'),(54,NULL,21,92,'Create Blog Article','Make Short about Road Rollers','CRM','','medium','todo',1,NULL,'2026-06-11',NULL,NULL,'none',1,NULL,NULL,NULL,NULL,'2026-06-13 10:00:00',0,0,0,NULL,NULL,'2026-06-07 18:24:38','2026-06-07 18:25:40','2026-06-07 18:25:40'),(55,NULL,21,92,'Design Banner','Video marketing for SkidSteer 501-507','CRM','','medium','todo',2,NULL,'2026-06-12',NULL,NULL,'none',1,NULL,NULL,NULL,NULL,'2026-06-17 10:00:00',0,0,0,NULL,NULL,'2026-06-07 18:24:38','2026-06-07 18:25:42','2026-06-07 18:25:42'),(56,NULL,21,92,'Create Blog Article','Make Short about Road Rollers','CRM','','medium','todo',1,NULL,'2026-06-11',NULL,NULL,'none',1,NULL,NULL,NULL,NULL,'2026-06-13 10:00:00',0,0,0,NULL,NULL,'2026-06-07 18:29:10','2026-06-07 18:56:18','2026-06-07 18:56:18'),(57,NULL,21,92,'Design Banner','Video marketing for SkidSteer 501-507','CRM','','medium','todo',2,NULL,'2026-06-12',NULL,NULL,'none',1,NULL,NULL,NULL,NULL,'2026-06-17 10:00:00',0,0,0,NULL,NULL,'2026-06-07 18:29:10','2026-06-07 18:56:21','2026-06-07 18:56:21'),(58,NULL,21,92,'Create Blog Article','Make Short about Road Rollers','CRM','','medium','todo',1,NULL,'2026-06-11',NULL,NULL,'none',1,NULL,NULL,NULL,NULL,'2026-06-13 10:00:00',0,0,0,NULL,NULL,'2026-06-07 18:56:35','2026-06-07 18:56:35',NULL),(59,NULL,21,92,'Design Banner','Video marketing for SkidSteer 501-507','CRM','','medium','todo',2,NULL,'2026-06-12',NULL,NULL,'none',1,NULL,NULL,NULL,NULL,'2026-06-17 10:00:00',0,0,0,NULL,NULL,'2026-06-07 18:56:35','2026-06-07 19:13:55','2026-06-07 19:13:55'),(60,NULL,21,92,'Short','Make Short about Road Rollers','CRM','','medium','todo',3,NULL,'2026-06-11',NULL,NULL,'none',1,NULL,NULL,NULL,NULL,'2026-06-13 10:00:00',0,0,0,NULL,NULL,'2026-06-07 19:12:52','2026-06-07 19:13:44','2026-06-07 19:13:44'),(61,NULL,21,92,'Short of Tyrant 17','Video marketing for SkidSteer 501-507','CRM','','medium','todo',4,NULL,'2026-06-12',NULL,NULL,'none',1,NULL,NULL,NULL,NULL,'2026-06-17 10:00:00',0,0,0,NULL,NULL,'2026-06-07 19:12:52','2026-06-07 19:13:41','2026-06-07 19:13:41'),(62,NULL,21,92,'Long video Road Roller','Video marketing for SkidSteer 501-508','CRM','','medium','todo',5,NULL,'2026-06-13',NULL,NULL,'none',1,NULL,NULL,NULL,NULL,'2026-06-18 10:00:00',0,0,0,NULL,NULL,'2026-06-07 19:12:52','2026-06-07 19:13:47','2026-06-07 19:13:47'),(63,NULL,21,92,'Long video Scissor Lift','Video marketing for SkidSteer 501-509','CRM','','medium','todo',6,NULL,'2026-06-14',NULL,NULL,'none',1,NULL,NULL,NULL,NULL,'2026-06-19 10:00:00',0,0,0,NULL,NULL,'2026-06-07 19:12:52','2026-06-07 19:13:38','2026-06-07 19:13:38'),(64,NULL,21,92,'Short','Make Short about Road Rollers','CRM','','medium','todo',2,NULL,'2026-06-11',NULL,NULL,'none',1,NULL,NULL,NULL,NULL,'2026-06-13 10:00:00',0,0,0,NULL,NULL,'2026-06-07 19:14:26','2026-06-07 19:14:26',NULL),(65,NULL,21,92,'Short of Tyrant 17','Video marketing for SkidSteer 501-507','CRM','','medium','todo',3,NULL,'2026-06-12',NULL,NULL,'none',1,NULL,NULL,NULL,NULL,'2026-06-17 10:00:00',0,0,0,NULL,NULL,'2026-06-07 19:14:26','2026-06-07 19:14:26',NULL),(66,NULL,21,93,'Long video Road Roller','Video marketing for SkidSteer 501-508','CRM','','medium','todo',1,NULL,'2026-06-13',NULL,NULL,'none',1,NULL,NULL,NULL,NULL,'2026-06-18 10:00:00',0,0,0,NULL,NULL,'2026-06-07 19:14:26','2026-06-07 19:14:26',NULL),(67,NULL,21,93,'Long video Scissor Lift','Video marketing for SkidSteer 501-509','CRM','','medium','todo',2,NULL,'2026-06-14',NULL,NULL,'none',1,NULL,NULL,NULL,NULL,'2026-06-19 10:00:00',0,0,0,NULL,NULL,'2026-06-07 19:14:26','2026-06-07 19:14:26',NULL),(68,NULL,20,85,'Short','Make Short about Road Rollers','CRM','','medium','todo',1,NULL,'2026-06-11',NULL,NULL,'none',9,NULL,NULL,NULL,NULL,'2026-06-13 10:00:00',0,0,0,NULL,NULL,'2026-06-07 19:45:16','2026-06-07 19:45:24','2026-06-07 19:45:24'),(69,NULL,20,85,'Short of Tyrant 17','Video marketing for SkidSteer 501-507','CRM','','medium','todo',2,NULL,'2026-06-12',NULL,NULL,'none',9,NULL,NULL,NULL,NULL,'2026-06-17 10:00:00',0,0,0,NULL,NULL,'2026-06-07 19:45:16','2026-06-07 19:45:26','2026-06-07 19:45:26'),(70,NULL,20,86,'Long video Road Roller','Video marketing for SkidSteer 501-508','CRM','','medium','todo',1,NULL,'2026-06-13',NULL,NULL,'none',9,NULL,NULL,NULL,NULL,'2026-06-18 10:00:00',0,0,0,NULL,NULL,'2026-06-07 19:45:16','2026-06-07 19:45:29','2026-06-07 19:45:29'),(71,NULL,20,86,'Long video Scissor Lift','Video marketing for SkidSteer 501-509','CRM','','medium','todo',2,NULL,'2026-06-14',NULL,NULL,'none',9,NULL,NULL,NULL,NULL,'2026-06-19 10:00:00',0,0,0,NULL,NULL,'2026-06-07 19:45:16','2026-06-07 19:45:40','2026-06-07 19:45:40'),(72,'dca1f679-0eb2-44da-ad03-76a7fde04a9b',16,58,'Test','<p>Do A+ content of Mini Skid Steer Stomp version thanks</p><p><br></p>','CRM','','medium','todo',1,NULL,'2026-06-10',NULL,NULL,'none',1,NULL,NULL,NULL,NULL,'2026-06-10 10:00:00',0,0,0,NULL,NULL,'2026-06-10 02:49:55','2026-06-28 20:48:14','2026-06-28 20:48:14'),(73,'dca1f679-0eb2-44da-ad03-76a7fde04a9b',1,2,'Test','<p>Do A+ content of Mini Skid Steer Stomp version thanks</p><p><br></p>','CRM','','medium','todo',2,NULL,'2026-06-10',NULL,NULL,'none',6,NULL,NULL,NULL,NULL,'2026-06-10 10:00:00',0,0,0,NULL,NULL,'2026-06-10 02:54:32','2026-06-10 03:28:47','2026-06-10 03:28:47'),(74,'dca1f679-0eb2-44da-ad03-76a7fde04a9b',1,4,'Test','<p>Do A+ content of Mini Skid Steer Stomp version thanks</p><p><br></p>','CRM','','medium','todo',1,NULL,'2026-06-10',NULL,NULL,'none',6,NULL,NULL,NULL,NULL,'2026-06-10 10:00:00',0,0,0,NULL,NULL,'2026-06-10 03:29:44','2026-06-28 19:53:10',NULL),(75,NULL,16,58,'Short','Make Short about Road Rollers','CRM','','medium','todo',2,NULL,'2026-06-11',NULL,NULL,'none',1,NULL,NULL,NULL,NULL,'2026-06-13 10:00:00',0,0,0,NULL,NULL,'2026-06-23 00:59:25','2026-06-28 20:48:22','2026-06-28 20:48:22'),(76,NULL,16,58,'Short of Tyrant 17','Video marketing for SkidSteer 501-507','CRM','','medium','todo',3,NULL,'2026-06-12',NULL,NULL,'none',1,NULL,NULL,NULL,NULL,'2026-06-17 10:00:00',0,0,0,NULL,NULL,'2026-06-23 00:59:25','2026-06-28 20:48:25','2026-06-28 20:48:25'),(77,NULL,16,59,'Long video Road Roller','Video marketing for SkidSteer 501-508','CRM','','medium','todo',1,NULL,'2026-06-13',NULL,NULL,'none',1,NULL,NULL,NULL,NULL,'2026-06-18 10:00:00',0,0,0,NULL,NULL,'2026-06-23 00:59:25','2026-06-28 20:48:18','2026-06-28 20:48:18'),(78,NULL,16,59,'Long video Scissor Lift','Video marketing for SkidSteer 501-509','CRM','','medium','todo',2,NULL,'2026-06-14',NULL,NULL,'none',1,NULL,NULL,NULL,NULL,'2026-06-19 10:00:00',0,0,0,NULL,NULL,'2026-06-23 00:59:25','2026-06-28 20:48:20','2026-06-28 20:48:20'),(79,'69dfbbbd-8e72-4243-b92a-ade5ef39e55c',16,58,'test',NULL,'CRM','','medium','todo',4,NULL,'2026-06-22',NULL,NULL,'none',6,NULL,NULL,NULL,NULL,'2026-06-22 10:00:00',0,0,0,NULL,NULL,'2026-06-23 01:03:05','2026-06-28 20:48:29','2026-06-28 20:48:29'),(80,'69dfbbbd-8e72-4243-b92a-ade5ef39e55c',1,3,'test',NULL,'CRM','','medium','todo',1,NULL,'2026-06-22',NULL,NULL,'none',6,NULL,NULL,NULL,NULL,'2026-06-22 10:00:00',0,0,0,NULL,NULL,'2026-06-23 01:03:30','2026-06-28 20:41:34',NULL),(81,NULL,21,92,'Shortaf','Make Short about Road Rollers','CRM','','medium','todo',4,NULL,'2026-06-11',NULL,NULL,'none',1,NULL,NULL,NULL,NULL,'2026-06-13 10:00:00',0,0,0,NULL,NULL,'2026-06-23 01:13:01','2026-06-23 01:13:01',NULL),(82,NULL,21,92,'Short of Tyrant 17dsaf','Video marketing for SkidSteer 501-507','CRM','','medium','todo',5,NULL,'2026-06-12',NULL,NULL,'none',1,NULL,NULL,NULL,NULL,'2026-06-17 10:00:00',0,0,0,NULL,NULL,'2026-06-23 01:13:01','2026-06-23 01:13:01',NULL),(83,NULL,21,93,'Long video Road Roller','Video marketing for SkidSteer 501-508','CRM','','medium','todo',3,NULL,'2026-06-13',NULL,NULL,'none',1,NULL,NULL,NULL,NULL,'2026-06-18 10:00:00',0,0,0,NULL,NULL,'2026-06-23 01:13:01','2026-06-23 01:13:01',NULL),(84,NULL,21,93,'Long video Scissor Liftadfasf','Video marketing for SkidSteer 501-509','CRM','','medium','todo',4,NULL,'2026-06-14',NULL,NULL,'none',1,NULL,NULL,NULL,NULL,'2026-06-19 10:00:00',0,0,0,NULL,NULL,'2026-06-23 01:13:01','2026-06-23 01:13:01',NULL),(85,NULL,1,2,'jkh',NULL,'CRM','','medium','todo',0,NULL,NULL,NULL,NULL,'none',1,NULL,NULL,NULL,NULL,NULL,0,0,0,NULL,NULL,'2026-06-23 04:59:50','2026-06-28 19:53:25',NULL),(86,NULL,1,4,'guihi',NULL,'CRM','','medium','todo',3,NULL,NULL,NULL,NULL,'none',1,NULL,NULL,NULL,NULL,NULL,0,0,0,NULL,NULL,'2026-06-23 04:59:54','2026-06-28 19:53:10',NULL),(87,NULL,1,3,'ihuihihi',NULL,'CRM','','medium','todo',2,NULL,NULL,NULL,NULL,'none',1,NULL,NULL,NULL,NULL,NULL,0,0,0,NULL,NULL,'2026-06-23 04:59:59','2026-06-28 20:41:34',NULL),(88,NULL,1,3,'gkjh',NULL,'CRM','','medium','todo',3,NULL,NULL,NULL,NULL,'none',1,NULL,NULL,NULL,NULL,NULL,0,0,0,NULL,NULL,'2026-06-23 05:00:04','2026-06-28 20:41:34',NULL),(89,NULL,16,58,'Shortaf','Make Short about Road Rollers','CRM','','medium','todo',1,NULL,'2026-06-17',NULL,NULL,'none',1,NULL,NULL,NULL,NULL,'2026-06-13 10:00:00',0,0,0,NULL,NULL,'2026-06-28 20:48:46','2026-06-28 20:48:46',NULL),(90,NULL,16,58,'Short of Tyrant 17dsaf','Video marketing for SkidSteer 501-507','CRM','','medium','todo',2,NULL,'2026-06-17',NULL,NULL,'none',1,NULL,NULL,NULL,NULL,'2026-06-17 10:00:00',0,0,0,NULL,NULL,'2026-06-28 20:48:46','2026-06-28 20:48:46',NULL),(91,NULL,16,59,'Long video Road Roller a','Video marketing for SkidSteer 501-508','CRM','','medium','todo',1,NULL,'2026-06-08',NULL,NULL,'none',1,NULL,NULL,NULL,NULL,'2026-06-02 10:00:00',0,0,0,NULL,NULL,'2026-06-28 20:48:46','2026-06-28 20:48:46',NULL),(92,NULL,16,59,'Long video Scissor Liftadfasf','Video marketing for SkidSteer 501-509','CRM','','medium','todo',2,NULL,'2026-06-03',NULL,NULL,'none',1,NULL,NULL,NULL,NULL,'2026-06-19 10:00:00',0,0,0,NULL,NULL,'2026-06-28 20:48:46','2026-06-28 20:48:46',NULL);
/*!40000 ALTER TABLE `cards` ENABLE KEYS */;
UNLOCK TABLES;

--
-- Table structure for table `customer_interactions`
--

DROP TABLE IF EXISTS `customer_interactions`;
/*!40101 SET @saved_cs_client     = @@character_set_client */;
/*!40101 SET character_set_client = utf8 */;
CREATE TABLE `customer_interactions` (
  `id` bigint(20) unsigned NOT NULL AUTO_INCREMENT,
  `customer_id` bigint(20) unsigned NOT NULL,
  `user_id` bigint(20) unsigned NOT NULL,
  `type` varchar(255) NOT NULL,
  `subject` varchar(255) DEFAULT NULL,
  `content` text NOT NULL,
  `outcome` varchar(255) DEFAULT NULL,
  `interacted_at` timestamp NOT NULL DEFAULT current_timestamp() ON UPDATE current_timestamp(),
  `duration_minutes` int(11) DEFAULT NULL,
  `created_at` timestamp NULL DEFAULT NULL,
  `updated_at` timestamp NULL DEFAULT NULL,
  PRIMARY KEY (`id`),
  KEY `customer_interactions_user_id_foreign` (`user_id`),
  KEY `customer_interactions_customer_id_interacted_at_index` (`customer_id`,`interacted_at`),
  CONSTRAINT `customer_interactions_customer_id_foreign` FOREIGN KEY (`customer_id`) REFERENCES `customers` (`id`) ON DELETE CASCADE,
  CONSTRAINT `customer_interactions_user_id_foreign` FOREIGN KEY (`user_id`) REFERENCES `users` (`id`) ON DELETE CASCADE
) ENGINE=InnoDB AUTO_INCREMENT=6 DEFAULT CHARSET=utf8mb4 COLLATE=utf8mb4_unicode_ci;
/*!40101 SET character_set_client = @saved_cs_client */;

--
-- Dumping data for table `customer_interactions`
--

LOCK TABLES `customer_interactions` WRITE;
/*!40000 ALTER TABLE `customer_interactions` DISABLE KEYS */;
INSERT INTO `customer_interactions` VALUES (1,1,2,'note','Initial contact','First contact established with James Holden. Customer is interested in our services.','positive','2026-06-02 11:02:24',NULL,'2026-06-30 11:02:24','2026-06-30 11:02:24'),(2,2,2,'note','Initial contact','First contact established with Naomi Nagata. Customer is interested in our services.','positive','2026-06-14 11:02:24',NULL,'2026-06-30 11:02:24','2026-06-30 11:02:24'),(3,3,2,'note','Initial contact','First contact established with Amos Burton. Customer is interested in our services.','positive','2026-06-03 11:02:24',NULL,'2026-06-30 11:02:24','2026-06-30 11:02:24'),(4,4,2,'note','Initial contact','First contact established with Alex Kamal. Customer is interested in our services.','positive','2026-06-11 11:02:24',NULL,'2026-06-30 11:02:24','2026-06-30 11:02:24'),(5,5,2,'note','Initial contact','First contact established with Chrisjen Avasarala. Customer is interested in our services.','positive','2026-06-13 11:02:24',NULL,'2026-06-30 11:02:24','2026-06-30 11:02:24');
/*!40000 ALTER TABLE `customer_interactions` ENABLE KEYS */;
UNLOCK TABLES;

--
-- Table structure for table `customers`
--

DROP TABLE IF EXISTS `customers`;
/*!40101 SET @saved_cs_client     = @@character_set_client */;
/*!40101 SET character_set_client = utf8 */;
CREATE TABLE `customers` (
  `id` bigint(20) unsigned NOT NULL AUTO_INCREMENT,
  `name` varchar(255) NOT NULL,
  `email` varchar(255) DEFAULT NULL,
  `phone` varchar(255) DEFAULT NULL,
  `whatsapp` varchar(255) DEFAULT NULL,
  `company` varchar(255) DEFAULT NULL,
  `job_title` varchar(255) DEFAULT NULL,
  `website` varchar(255) DEFAULT NULL,
  `ebay_username` varchar(255) DEFAULT NULL,
  `ebay_buyer_id` varchar(255) DEFAULT NULL,
  `country` varchar(255) DEFAULT 'AU',
  `state` varchar(255) DEFAULT NULL,
  `city` varchar(255) DEFAULT NULL,
  `address` varchar(255) DEFAULT NULL,
  `postcode` varchar(20) DEFAULT NULL,
  `id_number` varchar(255) DEFAULT NULL,
  `status` varchar(255) NOT NULL DEFAULT 'lead',
  `crm_type` varchar(255) NOT NULL DEFAULT 'website',
  `source` varchar(255) DEFAULT NULL,
  `pipeline_stage` varchar(255) NOT NULL DEFAULT 'new_lead',
  `product_interests` longtext CHARACTER SET utf8mb4 COLLATE utf8mb4_bin DEFAULT NULL CHECK (json_valid(`product_interests`)),
  `lifetime_value` decimal(12,2) NOT NULL DEFAULT 0.00,
  `currency` varchar(3) NOT NULL DEFAULT 'AUD',
  `has_purchased` tinyint(1) NOT NULL DEFAULT 0,
  `first_purchase_date` date DEFAULT NULL,
  `last_purchase_date` date DEFAULT NULL,
  `total_orders` int(10) unsigned NOT NULL DEFAULT 0,
  `assigned_to` bigint(20) unsigned DEFAULT NULL,
  `created_by` bigint(20) unsigned NOT NULL,
  `tags` longtext CHARACTER SET utf8mb4 COLLATE utf8mb4_bin DEFAULT NULL CHECK (json_valid(`tags`)),
  `notes` text DEFAULT NULL,
  `avatar` varchar(255) DEFAULT NULL,
  `created_at` timestamp NULL DEFAULT NULL,
  `updated_at` timestamp NULL DEFAULT NULL,
  `deleted_at` timestamp NULL DEFAULT NULL,
  PRIMARY KEY (`id`),
  UNIQUE KEY `customers_email_unique` (`email`),
  KEY `customers_created_by_foreign` (`created_by`),
  KEY `customers_status_index` (`status`),
  KEY `customers_pipeline_stage_index` (`pipeline_stage`),
  KEY `customers_source_index` (`source`),
  KEY `customers_assigned_to_index` (`assigned_to`),
  KEY `customers_has_purchased_status_index` (`has_purchased`,`status`),
  CONSTRAINT `customers_assigned_to_foreign` FOREIGN KEY (`assigned_to`) REFERENCES `users` (`id`) ON DELETE SET NULL,
  CONSTRAINT `customers_created_by_foreign` FOREIGN KEY (`created_by`) REFERENCES `users` (`id`) ON DELETE CASCADE
) ENGINE=InnoDB AUTO_INCREMENT=6 DEFAULT CHARSET=utf8mb4 COLLATE=utf8mb4_unicode_ci;
/*!40101 SET character_set_client = @saved_cs_client */;

--
-- Dumping data for table `customers`
--

LOCK TABLES `customers` WRITE;
/*!40000 ALTER TABLE `customers` DISABLE KEYS */;
INSERT INTO `customers` VALUES (1,'James Holden','j.holden@rocinante.au','+61 412 000 001',NULL,'Rocinante Pty Ltd','CEO',NULL,NULL,NULL,'AU',NULL,'Sydney',NULL,NULL,NULL,'active','website','referral','won','[\"Website Creation\",\"SEO\",\"Social Media\"]',8500.00,'AUD',1,'2025-09-01','2026-02-15',3,2,2,'[\"vip\",\"repeat-customer\"]',NULL,NULL,'2026-06-30 11:02:24','2026-06-30 11:02:24',NULL),(2,'Naomi Nagata','naomi@beratnas.com','+61 412 000 002',NULL,'Beratnas Gas','Operations Manager',NULL,NULL,NULL,'AU',NULL,'Melbourne',NULL,NULL,NULL,'prospect','website','ebay','proposal_sent','[\"eBay Listing\",\"Product Photography\"]',0.00,'AUD',0,NULL,NULL,0,2,2,'[\"follow-up\"]',NULL,NULL,'2026-06-30 11:02:24','2026-06-30 11:02:24',NULL),(3,'Amos Burton','amos@burton.net','+61 412 000 003',NULL,NULL,'Freelancer',NULL,NULL,NULL,'AU',NULL,'Brisbane',NULL,NULL,NULL,'lead','website','social_media','contacted','[\"Graphic Design\",\"Video Production\"]',0.00,'AUD',0,NULL,NULL,0,2,2,'[\"new-lead\"]',NULL,NULL,'2026-06-30 11:02:24','2026-06-30 11:02:24',NULL),(4,'Alex Kamal','alex.k@martian.com.au','+61 412 000 004',NULL,'Martian Congressional Republic','Marketing Director',NULL,NULL,NULL,'AU',NULL,'Perth',NULL,NULL,NULL,'active','website','cold_call','negotiating','[\"Marketing\",\"Social Media\",\"Video Production\"]',3200.00,'AUD',1,'2026-01-10','2026-01-10',1,2,2,'[\"enterprise\"]',NULL,NULL,'2026-06-30 11:02:24','2026-06-30 11:02:24',NULL),(5,'Chrisjen Avasarala','c.avasarala@un.gov','+61 412 000 005',NULL,'United Nations','Secretary-General',NULL,NULL,NULL,'AU',NULL,'Canberra',NULL,NULL,NULL,'active','website','website','won','[\"Website Creation\",\"SEO\",\"Graphic Design\",\"Video Production\"]',22000.00,'AUD',1,'2025-03-01','2026-04-01',7,2,2,'[\"vip\",\"enterprise\",\"priority\"]',NULL,NULL,'2026-06-30 11:02:24','2026-06-30 11:02:24',NULL);
/*!40000 ALTER TABLE `customers` ENABLE KEYS */;
UNLOCK TABLES;

--
-- Table structure for table `deals`
--

DROP TABLE IF EXISTS `deals`;
/*!40101 SET @saved_cs_client     = @@character_set_client */;
/*!40101 SET character_set_client = utf8 */;
CREATE TABLE `deals` (
  `id` bigint(20) unsigned NOT NULL AUTO_INCREMENT,
  `customer_id` bigint(20) unsigned NOT NULL,
  `assigned_to` bigint(20) unsigned DEFAULT NULL,
  `created_by` bigint(20) unsigned NOT NULL,
  `title` varchar(255) NOT NULL,
  `description` text DEFAULT NULL,
  `stage` varchar(255) NOT NULL DEFAULT 'new_lead',
  `value` decimal(12,2) NOT NULL DEFAULT 0.00,
  `currency` varchar(3) NOT NULL DEFAULT 'AUD',
  `probability` int(11) NOT NULL DEFAULT 10,
  `expected_close_date` date DEFAULT NULL,
  `closed_at` date DEFAULT NULL,
  `lost_reason` varchar(255) DEFAULT NULL,
  `product_interests` longtext CHARACTER SET utf8mb4 COLLATE utf8mb4_bin DEFAULT NULL CHECK (json_valid(`product_interests`)),
  `position` int(11) NOT NULL DEFAULT 0,
  `created_at` timestamp NULL DEFAULT NULL,
  `updated_at` timestamp NULL DEFAULT NULL,
  `deleted_at` timestamp NULL DEFAULT NULL,
  PRIMARY KEY (`id`),
  KEY `deals_assigned_to_foreign` (`assigned_to`),
  KEY `deals_created_by_foreign` (`created_by`),
  KEY `deals_stage_index` (`stage`),
  KEY `deals_customer_id_index` (`customer_id`),
  CONSTRAINT `deals_assigned_to_foreign` FOREIGN KEY (`assigned_to`) REFERENCES `users` (`id`) ON DELETE SET NULL,
  CONSTRAINT `deals_created_by_foreign` FOREIGN KEY (`created_by`) REFERENCES `users` (`id`) ON DELETE CASCADE,
  CONSTRAINT `deals_customer_id_foreign` FOREIGN KEY (`customer_id`) REFERENCES `customers` (`id`) ON DELETE CASCADE
) ENGINE=InnoDB AUTO_INCREMENT=4 DEFAULT CHARSET=utf8mb4 COLLATE=utf8mb4_unicode_ci;
/*!40101 SET character_set_client = @saved_cs_client */;

--
-- Dumping data for table `deals`
--

LOCK TABLES `deals` WRITE;
/*!40000 ALTER TABLE `deals` DISABLE KEYS */;
INSERT INTO `deals` VALUES (1,2,2,2,'Package Deal — Naomi Nagata',NULL,'proposal_sent',2579.00,'AUD',50,'2026-08-27',NULL,NULL,'[\"eBay Listing\",\"Product Photography\"]',0,'2026-06-30 11:02:24','2026-06-30 11:02:24',NULL),(2,3,2,2,'Package Deal — Amos Burton',NULL,'contacted',4842.00,'AUD',15,'2026-08-15',NULL,NULL,'[\"Graphic Design\",\"Video Production\"]',0,'2026-06-30 11:02:24','2026-06-30 11:02:24',NULL),(3,4,2,2,'Package Deal — Alex Kamal',NULL,'negotiating',1127.00,'AUD',75,'2026-08-12',NULL,NULL,'[\"Marketing\",\"Social Media\",\"Video Production\"]',0,'2026-06-30 11:02:24','2026-06-30 11:02:24',NULL);
/*!40000 ALTER TABLE `deals` ENABLE KEYS */;
UNLOCK TABLES;

--
-- Table structure for table `device_logs`
--

DROP TABLE IF EXISTS `device_logs`;
/*!40101 SET @saved_cs_client     = @@character_set_client */;
/*!40101 SET character_set_client = utf8 */;
CREATE TABLE `device_logs` (
  `id` bigint(20) unsigned NOT NULL AUTO_INCREMENT,
  `user_id` bigint(20) unsigned NOT NULL,
  `ip_address` varchar(45) NOT NULL,
  `user_agent` text DEFAULT NULL,
  `device_fingerprint` varchar(64) DEFAULT NULL,
  `device_type` varchar(20) DEFAULT NULL,
  `browser` varchar(50) DEFAULT NULL,
  `os` varchar(50) DEFAULT NULL,
  `country` varchar(2) DEFAULT NULL,
  `first_seen_at` timestamp NOT NULL DEFAULT current_timestamp(),
  `last_seen_at` timestamp NOT NULL DEFAULT current_timestamp(),
  PRIMARY KEY (`id`),
  KEY `device_logs_user_id_last_seen_at_index` (`user_id`,`last_seen_at`),
  KEY `device_logs_device_fingerprint_index` (`device_fingerprint`),
  CONSTRAINT `device_logs_user_id_foreign` FOREIGN KEY (`user_id`) REFERENCES `users` (`id`) ON DELETE CASCADE
) ENGINE=InnoDB AUTO_INCREMENT=2 DEFAULT CHARSET=utf8mb4 COLLATE=utf8mb4_unicode_ci;
/*!40101 SET character_set_client = @saved_cs_client */;

--
-- Dumping data for table `device_logs`
--

LOCK TABLES `device_logs` WRITE;
/*!40000 ALTER TABLE `device_logs` DISABLE KEYS */;
INSERT INTO `device_logs` VALUES (1,1,'127.0.0.1','Mozilla/5.0 (Macintosh; Intel Mac OS X 10_15_7) AppleWebKit/537.36 (KHTML, like Gecko) Chrome/149.0.0.0 Safari/537.36','1bb7f688e22ff5e8730248a3434b4f1b027c190160b1d6d9ecace09ecee74c85',NULL,NULL,NULL,NULL,'2026-06-30 12:18:14','2026-06-30 12:18:14');
/*!40000 ALTER TABLE `device_logs` ENABLE KEYS */;
UNLOCK TABLES;

--
-- Table structure for table `ebay_offers`
--

DROP TABLE IF EXISTS `ebay_offers`;
/*!40101 SET @saved_cs_client     = @@character_set_client */;
/*!40101 SET character_set_client = utf8 */;
CREATE TABLE `ebay_offers` (
  `id` bigint(20) unsigned NOT NULL AUTO_INCREMENT,
  `customer_id` bigint(20) unsigned DEFAULT NULL,
  `store_id` bigint(20) unsigned DEFAULT NULL,
  `handled_by` bigint(20) unsigned NOT NULL,
  `product_id` bigint(20) unsigned DEFAULT NULL,
  `ebay_username` varchar(255) DEFAULT NULL,
  `ebay_message_id` varchar(255) DEFAULT NULL,
  `ebay_item_id` varchar(255) DEFAULT NULL,
  `client_name` varchar(255) DEFAULT NULL,
  `client_email` varchar(255) DEFAULT NULL,
  `inquiry_notes` text DEFAULT NULL,
  `offer_details` text DEFAULT NULL,
  `offer_amount` decimal(12,2) DEFAULT NULL,
  `final_amount` decimal(12,2) DEFAULT NULL,
  `currency` varchar(3) NOT NULL DEFAULT 'AUD',
  `payment_status` varchar(255) NOT NULL DEFAULT 'unpaid',
  `status` varchar(255) NOT NULL DEFAULT 'inquiry',
  `authorization_status` varchar(255) NOT NULL DEFAULT 'pending',
  `authorized_by` bigint(20) unsigned DEFAULT NULL,
  `authorized_at` timestamp NULL DEFAULT NULL,
  `authorization_notes` text DEFAULT NULL,
  `received_at` timestamp NULL DEFAULT current_timestamp(),
  `created_at` timestamp NULL DEFAULT NULL,
  `updated_at` timestamp NULL DEFAULT NULL,
  `deleted_at` timestamp NULL DEFAULT NULL,
  PRIMARY KEY (`id`),
  KEY `ebay_offers_customer_id_foreign` (`customer_id`),
  KEY `ebay_offers_handled_by_foreign` (`handled_by`),
  KEY `ebay_offers_product_id_foreign` (`product_id`),
  KEY `ebay_offers_authorized_by_foreign` (`authorized_by`),
  KEY `ebay_offers_status_index` (`status`),
  KEY `ebay_offers_authorization_status_index` (`authorization_status`),
  KEY `ebay_offers_ebay_username_index` (`ebay_username`),
  KEY `ebay_offers_store_id_foreign` (`store_id`),
  CONSTRAINT `ebay_offers_authorized_by_foreign` FOREIGN KEY (`authorized_by`) REFERENCES `users` (`id`) ON DELETE SET NULL,
  CONSTRAINT `ebay_offers_customer_id_foreign` FOREIGN KEY (`customer_id`) REFERENCES `customers` (`id`) ON DELETE SET NULL,
  CONSTRAINT `ebay_offers_handled_by_foreign` FOREIGN KEY (`handled_by`) REFERENCES `users` (`id`) ON DELETE CASCADE,
  CONSTRAINT `ebay_offers_product_id_foreign` FOREIGN KEY (`product_id`) REFERENCES `products` (`id`) ON DELETE SET NULL,
  CONSTRAINT `ebay_offers_store_id_foreign` FOREIGN KEY (`store_id`) REFERENCES `ebay_stores` (`id`) ON DELETE SET NULL
) ENGINE=InnoDB DEFAULT CHARSET=utf8mb4 COLLATE=utf8mb4_unicode_ci;
/*!40101 SET character_set_client = @saved_cs_client */;

--
-- Dumping data for table `ebay_offers`
--

LOCK TABLES `ebay_offers` WRITE;
/*!40000 ALTER TABLE `ebay_offers` DISABLE KEYS */;
/*!40000 ALTER TABLE `ebay_offers` ENABLE KEYS */;
UNLOCK TABLES;

--
-- Table structure for table `ebay_orders`
--

DROP TABLE IF EXISTS `ebay_orders`;
/*!40101 SET @saved_cs_client     = @@character_set_client */;
/*!40101 SET character_set_client = utf8 */;
CREATE TABLE `ebay_orders` (
  `id` bigint(20) unsigned NOT NULL AUTO_INCREMENT,
  `ebay_offer_id` bigint(20) unsigned NOT NULL,
  `customer_id` bigint(20) unsigned DEFAULT NULL,
  `product_id` bigint(20) unsigned DEFAULT NULL,
  `created_by` bigint(20) unsigned NOT NULL,
  `ebay_order_id` varchar(255) DEFAULT NULL,
  `ebay_username` varchar(255) DEFAULT NULL,
  `sale_amount` decimal(12,2) NOT NULL,
  `currency` varchar(3) NOT NULL DEFAULT 'AUD',
  `payment_status` varchar(255) NOT NULL DEFAULT 'unpaid',
  `payment_date` date DEFAULT NULL,
  `status` varchar(255) NOT NULL DEFAULT 'order_confirmed',
  `notes` text DEFAULT NULL,
  `created_at` timestamp NULL DEFAULT NULL,
  `updated_at` timestamp NULL DEFAULT NULL,
  `deleted_at` timestamp NULL DEFAULT NULL,
  PRIMARY KEY (`id`),
  UNIQUE KEY `ebay_orders_ebay_order_id_unique` (`ebay_order_id`),
  KEY `ebay_orders_ebay_offer_id_foreign` (`ebay_offer_id`),
  KEY `ebay_orders_customer_id_foreign` (`customer_id`),
  KEY `ebay_orders_product_id_foreign` (`product_id`),
  KEY `ebay_orders_created_by_foreign` (`created_by`),
  KEY `ebay_orders_ebay_order_id_index` (`ebay_order_id`),
  KEY `ebay_orders_status_index` (`status`),
  CONSTRAINT `ebay_orders_created_by_foreign` FOREIGN KEY (`created_by`) REFERENCES `users` (`id`) ON DELETE CASCADE,
  CONSTRAINT `ebay_orders_customer_id_foreign` FOREIGN KEY (`customer_id`) REFERENCES `customers` (`id`) ON DELETE SET NULL,
  CONSTRAINT `ebay_orders_ebay_offer_id_foreign` FOREIGN KEY (`ebay_offer_id`) REFERENCES `ebay_offers` (`id`) ON DELETE CASCADE,
  CONSTRAINT `ebay_orders_product_id_foreign` FOREIGN KEY (`product_id`) REFERENCES `products` (`id`) ON DELETE SET NULL
) ENGINE=InnoDB DEFAULT CHARSET=utf8mb4 COLLATE=utf8mb4_unicode_ci;
/*!40101 SET character_set_client = @saved_cs_client */;

--
-- Dumping data for table `ebay_orders`
--

LOCK TABLES `ebay_orders` WRITE;
/*!40000 ALTER TABLE `ebay_orders` DISABLE KEYS */;
/*!40000 ALTER TABLE `ebay_orders` ENABLE KEYS */;
UNLOCK TABLES;

--
-- Table structure for table `ebay_stores`
--

DROP TABLE IF EXISTS `ebay_stores`;
/*!40101 SET @saved_cs_client     = @@character_set_client */;
/*!40101 SET character_set_client = utf8 */;
CREATE TABLE `ebay_stores` (
  `id` bigint(20) unsigned NOT NULL AUTO_INCREMENT,
  `store_name` varchar(255) NOT NULL,
  `store_url` varchar(255) DEFAULT NULL,
  `ebay_username` varchar(255) DEFAULT NULL,
  `handled_by` bigint(20) unsigned DEFAULT NULL,
  `notes` text DEFAULT NULL,
  `is_active` tinyint(1) NOT NULL DEFAULT 1,
  `created_at` timestamp NULL DEFAULT NULL,
  `updated_at` timestamp NULL DEFAULT NULL,
  `deleted_at` timestamp NULL DEFAULT NULL,
  PRIMARY KEY (`id`),
  KEY `ebay_stores_handled_by_foreign` (`handled_by`),
  CONSTRAINT `ebay_stores_handled_by_foreign` FOREIGN KEY (`handled_by`) REFERENCES `users` (`id`) ON DELETE SET NULL
) ENGINE=InnoDB AUTO_INCREMENT=3 DEFAULT CHARSET=utf8mb4 COLLATE=utf8mb4_unicode_ci;
/*!40101 SET character_set_client = @saved_cs_client */;

--
-- Dumping data for table `ebay_stores`
--

LOCK TABLES `ebay_stores` WRITE;
/*!40000 ALTER TABLE `ebay_stores` DISABLE KEYS */;
INSERT INTO `ebay_stores` VALUES (1,'TechGadgetsStore','https://ebay.com/usr/techgadgets',NULL,NULL,'Top Rated Seller',1,'2026-06-30 11:02:24','2026-06-30 11:02:24',NULL),(2,'VintageCollectibles','https://ebay.com/usr/vintageco',NULL,NULL,'Collectibles and antiques',1,'2026-06-30 11:02:24','2026-06-30 11:02:24',NULL);
/*!40000 ALTER TABLE `ebay_stores` ENABLE KEYS */;
UNLOCK TABLES;

--
-- Table structure for table `email_accounts`
--

DROP TABLE IF EXISTS `email_accounts`;
/*!40101 SET @saved_cs_client     = @@character_set_client */;
/*!40101 SET character_set_client = utf8 */;
CREATE TABLE `email_accounts` (
  `id` bigint(20) unsigned NOT NULL AUTO_INCREMENT,
  `name` varchar(255) NOT NULL,
  `email_address` varchar(255) NOT NULL,
  `provider` varchar(255) NOT NULL DEFAULT 'imap',
  `imap_host` varchar(255) DEFAULT NULL,
  `imap_port` smallint(5) unsigned NOT NULL DEFAULT 993,
  `imap_encryption` varchar(255) NOT NULL DEFAULT 'ssl',
  `smtp_host` varchar(255) DEFAULT NULL,
  `smtp_port` smallint(5) unsigned NOT NULL DEFAULT 465,
  `smtp_encryption` varchar(255) NOT NULL DEFAULT 'ssl',
  `username` text DEFAULT NULL,
  `password` text DEFAULT NULL,
  `oauth_token` text DEFAULT NULL,
  `oauth_refresh_token` text DEFAULT NULL,
  `is_active` tinyint(1) NOT NULL DEFAULT 1,
  `last_synced_at` timestamp NULL DEFAULT NULL,
  `created_by` bigint(20) unsigned DEFAULT NULL,
  `created_at` timestamp NULL DEFAULT NULL,
  `updated_at` timestamp NULL DEFAULT NULL,
  PRIMARY KEY (`id`),
  KEY `email_accounts_created_by_foreign` (`created_by`),
  KEY `email_accounts_is_active_index` (`is_active`),
  CONSTRAINT `email_accounts_created_by_foreign` FOREIGN KEY (`created_by`) REFERENCES `users` (`id`) ON DELETE SET NULL
) ENGINE=InnoDB DEFAULT CHARSET=utf8mb4 COLLATE=utf8mb4_unicode_ci;
/*!40101 SET character_set_client = @saved_cs_client */;

--
-- Dumping data for table `email_accounts`
--

LOCK TABLES `email_accounts` WRITE;
/*!40000 ALTER TABLE `email_accounts` DISABLE KEYS */;
/*!40000 ALTER TABLE `email_accounts` ENABLE KEYS */;
UNLOCK TABLES;

--
-- Table structure for table `email_messages`
--

DROP TABLE IF EXISTS `email_messages`;
/*!40101 SET @saved_cs_client     = @@character_set_client */;
/*!40101 SET character_set_client = utf8 */;
CREATE TABLE `email_messages` (
  `id` bigint(20) unsigned NOT NULL AUTO_INCREMENT,
  `email_account_id` bigint(20) unsigned NOT NULL,
  `message_uid` varchar(255) DEFAULT NULL,
  `message_id` varchar(255) DEFAULT NULL,
  `from_name` varchar(255) DEFAULT NULL,
  `from_email` varchar(255) NOT NULL,
  `to_emails` text NOT NULL,
  `cc_emails` text DEFAULT NULL,
  `subject` varchar(255) NOT NULL,
  `body_html` longtext DEFAULT NULL,
  `body_text` longtext DEFAULT NULL,
  `folder` varchar(255) NOT NULL DEFAULT 'INBOX',
  `is_read` tinyint(1) NOT NULL DEFAULT 0,
  `is_starred` tinyint(1) NOT NULL DEFAULT 0,
  `has_attachments` tinyint(1) NOT NULL DEFAULT 0,
  `received_at` timestamp NULL DEFAULT NULL,
  `created_at` timestamp NULL DEFAULT NULL,
  `updated_at` timestamp NULL DEFAULT NULL,
  PRIMARY KEY (`id`),
  UNIQUE KEY `email_messages_email_account_id_message_uid_unique` (`email_account_id`,`message_uid`),
  KEY `email_messages_email_account_id_folder_index` (`email_account_id`,`folder`),
  KEY `email_messages_email_account_id_is_read_index` (`email_account_id`,`is_read`),
  KEY `email_messages_received_at_index` (`received_at`),
  CONSTRAINT `email_messages_email_account_id_foreign` FOREIGN KEY (`email_account_id`) REFERENCES `email_accounts` (`id`) ON DELETE CASCADE
) ENGINE=InnoDB DEFAULT CHARSET=utf8mb4 COLLATE=utf8mb4_unicode_ci;
/*!40101 SET character_set_client = @saved_cs_client */;

--
-- Dumping data for table `email_messages`
--

LOCK TABLES `email_messages` WRITE;
/*!40000 ALTER TABLE `email_messages` DISABLE KEYS */;
/*!40000 ALTER TABLE `email_messages` ENABLE KEYS */;
UNLOCK TABLES;

--
-- Table structure for table `failed_jobs`
--

DROP TABLE IF EXISTS `failed_jobs`;
/*!40101 SET @saved_cs_client     = @@character_set_client */;
/*!40101 SET character_set_client = utf8 */;
CREATE TABLE `failed_jobs` (
  `id` bigint(20) unsigned NOT NULL AUTO_INCREMENT,
  `uuid` varchar(255) NOT NULL,
  `connection` varchar(255) NOT NULL,
  `queue` varchar(255) NOT NULL,
  `payload` longtext NOT NULL,
  `exception` longtext NOT NULL,
  `failed_at` timestamp NOT NULL DEFAULT current_timestamp(),
  PRIMARY KEY (`id`),
  UNIQUE KEY `failed_jobs_uuid_unique` (`uuid`),
  KEY `failed_jobs_connection_queue_failed_at_index` (`connection`,`queue`,`failed_at`)
) ENGINE=InnoDB DEFAULT CHARSET=utf8mb4 COLLATE=utf8mb4_unicode_ci;
/*!40101 SET character_set_client = @saved_cs_client */;

--
-- Dumping data for table `failed_jobs`
--

LOCK TABLES `failed_jobs` WRITE;
/*!40000 ALTER TABLE `failed_jobs` DISABLE KEYS */;
/*!40000 ALTER TABLE `failed_jobs` ENABLE KEYS */;
UNLOCK TABLES;

--
-- Table structure for table `ip_bans`
--

DROP TABLE IF EXISTS `ip_bans`;
/*!40101 SET @saved_cs_client     = @@character_set_client */;
/*!40101 SET character_set_client = utf8 */;
CREATE TABLE `ip_bans` (
  `id` bigint(20) unsigned NOT NULL AUTO_INCREMENT,
  `ip_address` varchar(45) NOT NULL,
  `device_token` varchar(255) DEFAULT NULL,
  `reason` varchar(255) DEFAULT NULL,
  `banned_by` bigint(20) unsigned DEFAULT NULL,
  `is_active` tinyint(1) NOT NULL DEFAULT 1,
  `banned_at` timestamp NOT NULL DEFAULT current_timestamp(),
  `expires_at` timestamp NULL DEFAULT NULL,
  `created_at` timestamp NULL DEFAULT NULL,
  `updated_at` timestamp NULL DEFAULT NULL,
  PRIMARY KEY (`id`),
  UNIQUE KEY `ip_bans_ip_address_unique` (`ip_address`),
  KEY `ip_bans_banned_by_foreign` (`banned_by`),
  KEY `ip_bans_ip_address_is_active_index` (`ip_address`,`is_active`),
  CONSTRAINT `ip_bans_banned_by_foreign` FOREIGN KEY (`banned_by`) REFERENCES `users` (`id`) ON DELETE SET NULL
) ENGINE=InnoDB DEFAULT CHARSET=utf8mb4 COLLATE=utf8mb4_unicode_ci;
/*!40101 SET character_set_client = @saved_cs_client */;

--
-- Dumping data for table `ip_bans`
--

LOCK TABLES `ip_bans` WRITE;
/*!40000 ALTER TABLE `ip_bans` DISABLE KEYS */;
/*!40000 ALTER TABLE `ip_bans` ENABLE KEYS */;
UNLOCK TABLES;

--
-- Table structure for table `job_batches`
--

DROP TABLE IF EXISTS `job_batches`;
/*!40101 SET @saved_cs_client     = @@character_set_client */;
/*!40101 SET character_set_client = utf8 */;
CREATE TABLE `job_batches` (
  `id` varchar(255) NOT NULL,
  `name` varchar(255) NOT NULL,
  `total_jobs` int(11) NOT NULL,
  `pending_jobs` int(11) NOT NULL,
  `failed_jobs` int(11) NOT NULL,
  `failed_job_ids` longtext NOT NULL,
  `options` mediumtext DEFAULT NULL,
  `cancelled_at` int(11) DEFAULT NULL,
  `created_at` int(11) NOT NULL,
  `finished_at` int(11) DEFAULT NULL,
  PRIMARY KEY (`id`)
) ENGINE=InnoDB DEFAULT CHARSET=utf8mb4 COLLATE=utf8mb4_unicode_ci;
/*!40101 SET character_set_client = @saved_cs_client */;

--
-- Dumping data for table `job_batches`
--

LOCK TABLES `job_batches` WRITE;
/*!40000 ALTER TABLE `job_batches` DISABLE KEYS */;
/*!40000 ALTER TABLE `job_batches` ENABLE KEYS */;
UNLOCK TABLES;

--
-- Table structure for table `jobs`
--

DROP TABLE IF EXISTS `jobs`;
/*!40101 SET @saved_cs_client     = @@character_set_client */;
/*!40101 SET character_set_client = utf8 */;
CREATE TABLE `jobs` (
  `id` bigint(20) unsigned NOT NULL AUTO_INCREMENT,
  `queue` varchar(255) NOT NULL,
  `payload` longtext NOT NULL,
  `attempts` smallint(5) unsigned NOT NULL,
  `reserved_at` int(10) unsigned DEFAULT NULL,
  `available_at` int(10) unsigned NOT NULL,
  `created_at` int(10) unsigned NOT NULL,
  PRIMARY KEY (`id`),
  KEY `jobs_queue_index` (`queue`)
) ENGINE=InnoDB DEFAULT CHARSET=utf8mb4 COLLATE=utf8mb4_unicode_ci;
/*!40101 SET character_set_client = @saved_cs_client */;

--
-- Dumping data for table `jobs`
--

LOCK TABLES `jobs` WRITE;
/*!40000 ALTER TABLE `jobs` DISABLE KEYS */;
/*!40000 ALTER TABLE `jobs` ENABLE KEYS */;
UNLOCK TABLES;

--
-- Table structure for table `labels`
--

DROP TABLE IF EXISTS `labels`;
/*!40101 SET @saved_cs_client     = @@character_set_client */;
/*!40101 SET character_set_client = utf8 */;
CREATE TABLE `labels` (
  `id` bigint(20) unsigned NOT NULL AUTO_INCREMENT,
  `workspace_id` bigint(20) unsigned DEFAULT NULL,
  `board_id` bigint(20) unsigned DEFAULT NULL,
  `name` varchar(255) DEFAULT NULL,
  `color` varchar(7) NOT NULL DEFAULT '#ef4444',
  `created_at` timestamp NULL DEFAULT NULL,
  `updated_at` timestamp NULL DEFAULT NULL,
  PRIMARY KEY (`id`),
  KEY `labels_board_id_index` (`board_id`),
  KEY `labels_workspace_id_foreign` (`workspace_id`),
  CONSTRAINT `labels_board_id_foreign` FOREIGN KEY (`board_id`) REFERENCES `boards` (`id`) ON DELETE CASCADE,
  CONSTRAINT `labels_workspace_id_foreign` FOREIGN KEY (`workspace_id`) REFERENCES `workspaces` (`id`) ON DELETE SET NULL
) ENGINE=InnoDB AUTO_INCREMENT=78 DEFAULT CHARSET=utf8mb4 COLLATE=utf8mb4_unicode_ci;
/*!40101 SET character_set_client = @saved_cs_client */;

--
-- Dumping data for table `labels`
--

LOCK TABLES `labels` WRITE;
/*!40000 ALTER TABLE `labels` DISABLE KEYS */;
INSERT INTO `labels` VALUES (73,NULL,NULL,'Graphic Team','#ec4899','2026-06-07 08:10:07','2026-06-07 08:10:07'),(74,NULL,NULL,'Listing Team','#f59e0b','2026-06-07 08:10:07','2026-06-07 08:10:07'),(75,NULL,NULL,'Video Team','#ef4444','2026-06-07 08:10:07','2026-06-07 08:10:07'),(76,NULL,NULL,'QC Team','#8b5cf6','2026-06-07 08:10:07','2026-06-07 08:10:07'),(77,NULL,NULL,'Content Writing Team','#0ea5e9','2026-06-07 08:10:07','2026-06-07 08:10:07');
/*!40000 ALTER TABLE `labels` ENABLE KEYS */;
UNLOCK TABLES;

--
-- Table structure for table `lead_follow_ups`
--

DROP TABLE IF EXISTS `lead_follow_ups`;
/*!40101 SET @saved_cs_client     = @@character_set_client */;
/*!40101 SET character_set_client = utf8 */;
CREATE TABLE `lead_follow_ups` (
  `id` bigint(20) unsigned NOT NULL AUTO_INCREMENT,
  `lead_id` bigint(20) unsigned NOT NULL,
  `user_id` bigint(20) unsigned NOT NULL,
  `notes` text NOT NULL,
  `next_action` varchar(255) DEFAULT NULL,
  `follow_up_date` date DEFAULT NULL,
  `temperature` varchar(255) DEFAULT NULL,
  `status_changed_to` varchar(255) DEFAULT NULL,
  `contacted_at` timestamp NULL DEFAULT current_timestamp(),
  `created_at` timestamp NULL DEFAULT NULL,
  `updated_at` timestamp NULL DEFAULT NULL,
  PRIMARY KEY (`id`),
  KEY `lead_follow_ups_user_id_foreign` (`user_id`),
  KEY `lead_follow_ups_lead_id_contacted_at_index` (`lead_id`,`contacted_at`),
  CONSTRAINT `lead_follow_ups_lead_id_foreign` FOREIGN KEY (`lead_id`) REFERENCES `leads` (`id`) ON DELETE CASCADE,
  CONSTRAINT `lead_follow_ups_user_id_foreign` FOREIGN KEY (`user_id`) REFERENCES `users` (`id`) ON DELETE CASCADE
) ENGINE=InnoDB AUTO_INCREMENT=2 DEFAULT CHARSET=utf8mb4 COLLATE=utf8mb4_unicode_ci;
/*!40101 SET character_set_client = @saved_cs_client */;

--
-- Dumping data for table `lead_follow_ups`
--

LOCK TABLES `lead_follow_ups` WRITE;
/*!40000 ALTER TABLE `lead_follow_ups` DISABLE KEYS */;
INSERT INTO `lead_follow_ups` VALUES (1,1,1,'saafsa',NULL,NULL,NULL,'new_lead','2026-06-30 15:51:49','2026-06-30 15:51:49','2026-06-30 15:51:49');
/*!40000 ALTER TABLE `lead_follow_ups` ENABLE KEYS */;
UNLOCK TABLES;

--
-- Table structure for table `leads`
--

DROP TABLE IF EXISTS `leads`;
/*!40101 SET @saved_cs_client     = @@character_set_client */;
/*!40101 SET character_set_client = utf8 */;
CREATE TABLE `leads` (
  `id` bigint(20) unsigned NOT NULL AUTO_INCREMENT,
  `customer_id` bigint(20) unsigned DEFAULT NULL,
  `handled_by` bigint(20) unsigned NOT NULL,
  `assigned_to` bigint(20) unsigned DEFAULT NULL,
  `client_name` varchar(255) NOT NULL,
  `client_phone` varchar(255) DEFAULT NULL,
  `client_email` varchar(255) DEFAULT NULL,
  `client_whatsapp` varchar(255) DEFAULT NULL,
  `source` varchar(255) NOT NULL,
  `product_interested` varchar(255) DEFAULT NULL,
  `product_id` bigint(20) unsigned DEFAULT NULL,
  `inquiry_details` text DEFAULT NULL,
  `received_at` timestamp NULL DEFAULT current_timestamp(),
  `status` varchar(255) NOT NULL DEFAULT 'new_lead',
  `temperature` varchar(255) NOT NULL DEFAULT 'cold',
  `follow_up_notes` text DEFAULT NULL,
  `follow_up_date` date DEFAULT NULL,
  `next_action` varchar(255) DEFAULT NULL,
  `converted` tinyint(1) NOT NULL DEFAULT 0,
  `converted_at` timestamp NULL DEFAULT NULL,
  `lost_reason` text DEFAULT NULL,
  `created_at` timestamp NULL DEFAULT NULL,
  `updated_at` timestamp NULL DEFAULT NULL,
  `deleted_at` timestamp NULL DEFAULT NULL,
  PRIMARY KEY (`id`),
  KEY `leads_customer_id_foreign` (`customer_id`),
  KEY `leads_assigned_to_foreign` (`assigned_to`),
  KEY `leads_product_id_foreign` (`product_id`),
  KEY `leads_status_index` (`status`),
  KEY `leads_temperature_index` (`temperature`),
  KEY `leads_source_index` (`source`),
  KEY `leads_follow_up_date_index` (`follow_up_date`),
  KEY `leads_handled_by_index` (`handled_by`),
  CONSTRAINT `leads_assigned_to_foreign` FOREIGN KEY (`assigned_to`) REFERENCES `users` (`id`) ON DELETE SET NULL,
  CONSTRAINT `leads_customer_id_foreign` FOREIGN KEY (`customer_id`) REFERENCES `customers` (`id`) ON DELETE SET NULL,
  CONSTRAINT `leads_handled_by_foreign` FOREIGN KEY (`handled_by`) REFERENCES `users` (`id`) ON DELETE CASCADE,
  CONSTRAINT `leads_product_id_foreign` FOREIGN KEY (`product_id`) REFERENCES `products` (`id`) ON DELETE SET NULL
) ENGINE=InnoDB AUTO_INCREMENT=2 DEFAULT CHARSET=utf8mb4 COLLATE=utf8mb4_unicode_ci;
/*!40101 SET character_set_client = @saved_cs_client */;

--
-- Dumping data for table `leads`
--

LOCK TABLES `leads` WRITE;
/*!40000 ALTER TABLE `leads` DISABLE KEYS */;
INSERT INTO `leads` VALUES (1,NULL,1,NULL,'test','+61 412 111 001','soporadara@kiuq.com',NULL,'facebook',NULL,NULL,NULL,'2026-06-30 15:46:00','new_lead','hot','saafsa',NULL,NULL,0,NULL,NULL,'2026-06-30 15:50:40','2026-06-30 15:51:49',NULL);
/*!40000 ALTER TABLE `leads` ENABLE KEYS */;
UNLOCK TABLES;

--
-- Table structure for table `login_attempts`
--

DROP TABLE IF EXISTS `login_attempts`;
/*!40101 SET @saved_cs_client     = @@character_set_client */;
/*!40101 SET character_set_client = utf8 */;
CREATE TABLE `login_attempts` (
  `id` bigint(20) unsigned NOT NULL AUTO_INCREMENT,
  `email` varchar(255) NOT NULL,
  `ip_address` varchar(45) NOT NULL,
  `user_agent` text DEFAULT NULL,
  `was_successful` tinyint(1) NOT NULL DEFAULT 0,
  `attempted_at` timestamp NOT NULL DEFAULT current_timestamp(),
  PRIMARY KEY (`id`),
  KEY `login_attempts_email_index` (`email`),
  KEY `login_attempts_ip_address_index` (`ip_address`),
  KEY `login_attempts_attempted_at_index` (`attempted_at`)
) ENGINE=InnoDB AUTO_INCREMENT=6 DEFAULT CHARSET=utf8mb4 COLLATE=utf8mb4_unicode_ci;
/*!40101 SET character_set_client = @saved_cs_client */;

--
-- Dumping data for table `login_attempts`
--

LOCK TABLES `login_attempts` WRITE;
/*!40000 ALTER TABLE `login_attempts` DISABLE KEYS */;
INSERT INTO `login_attempts` VALUES (1,'superadmin@dgt.local','127.0.0.1','Mozilla/5.0 (Macintosh; Intel Mac OS X 10_15_7) AppleWebKit/537.36 (KHTML, like Gecko) Chrome/149.0.0.0 Safari/537.36',0,'2026-06-30 11:24:31'),(2,'superadmin@dgt.local','127.0.0.1','Mozilla/5.0 (Macintosh; Intel Mac OS X 10_15_7) AppleWebKit/537.36 (KHTML, like Gecko) Chrome/149.0.0.0 Safari/537.36',0,'2026-06-30 11:24:51'),(3,'superadmin@dgt.local','127.0.0.1','Mozilla/5.0 (Macintosh; Intel Mac OS X 10_15_7) AppleWebKit/537.36 (KHTML, like Gecko) Chrome/149.0.0.0 Safari/537.36',0,'2026-06-30 12:00:52'),(4,'superadmin@dgt.local','127.0.0.1','Mozilla/5.0 (Macintosh; Intel Mac OS X 10_15_7) AppleWebKit/537.36 (KHTML, like Gecko) Chrome/149.0.0.0 Safari/537.36',0,'2026-06-30 12:00:56'),(5,'superadmin@dgt.local','127.0.0.1','Mozilla/5.0 (Macintosh; Intel Mac OS X 10_15_7) AppleWebKit/537.36 (KHTML, like Gecko) Chrome/149.0.0.0 Safari/537.36',1,'2026-06-30 12:18:14');
/*!40000 ALTER TABLE `login_attempts` ENABLE KEYS */;
UNLOCK TABLES;

--
-- Table structure for table `logistic_updates`
--

DROP TABLE IF EXISTS `logistic_updates`;
/*!40101 SET @saved_cs_client     = @@character_set_client */;
/*!40101 SET character_set_client = utf8 */;
CREATE TABLE `logistic_updates` (
  `id` bigint(20) unsigned NOT NULL AUTO_INCREMENT,
  `logistic_id` bigint(20) unsigned NOT NULL,
  `user_id` bigint(20) unsigned NOT NULL,
  `status` varchar(255) NOT NULL,
  `notes` text DEFAULT NULL,
  `attachment` varchar(255) DEFAULT NULL,
  `occurred_at` timestamp NULL DEFAULT current_timestamp(),
  `created_at` timestamp NULL DEFAULT NULL,
  `updated_at` timestamp NULL DEFAULT NULL,
  PRIMARY KEY (`id`),
  KEY `logistic_updates_user_id_foreign` (`user_id`),
  KEY `logistic_updates_logistic_id_occurred_at_index` (`logistic_id`,`occurred_at`),
  CONSTRAINT `logistic_updates_logistic_id_foreign` FOREIGN KEY (`logistic_id`) REFERENCES `logistics` (`id`) ON DELETE CASCADE,
  CONSTRAINT `logistic_updates_user_id_foreign` FOREIGN KEY (`user_id`) REFERENCES `users` (`id`) ON DELETE CASCADE
) ENGINE=InnoDB DEFAULT CHARSET=utf8mb4 COLLATE=utf8mb4_unicode_ci;
/*!40101 SET character_set_client = @saved_cs_client */;

--
-- Dumping data for table `logistic_updates`
--

LOCK TABLES `logistic_updates` WRITE;
/*!40000 ALTER TABLE `logistic_updates` DISABLE KEYS */;
/*!40000 ALTER TABLE `logistic_updates` ENABLE KEYS */;
UNLOCK TABLES;

--
-- Table structure for table `logistics`
--

DROP TABLE IF EXISTS `logistics`;
/*!40101 SET @saved_cs_client     = @@character_set_client */;
/*!40101 SET character_set_client = utf8 */;
CREATE TABLE `logistics` (
  `id` bigint(20) unsigned NOT NULL AUTO_INCREMENT,
  `customer_id` bigint(20) unsigned NOT NULL,
  `product_id` bigint(20) unsigned DEFAULT NULL,
  `ebay_order_id` bigint(20) unsigned DEFAULT NULL,
  `lead_id` bigint(20) unsigned DEFAULT NULL,
  `created_by` bigint(20) unsigned NOT NULL,
  `assigned_to` bigint(20) unsigned DEFAULT NULL,
  `trucking_company_id` bigint(20) unsigned DEFAULT NULL,
  `order_id` varchar(255) DEFAULT NULL,
  `product_description` text DEFAULT NULL,
  `shipping_address` text NOT NULL,
  `recipient_name` varchar(255) NOT NULL,
  `recipient_phone` varchar(255) NOT NULL,
  `truck_company` varchar(255) DEFAULT NULL,
  `driver_name` varchar(255) DEFAULT NULL,
  `driver_phone` varchar(255) DEFAULT NULL,
  `shipping_budget` decimal(10,2) DEFAULT NULL,
  `final_shipping_cost` decimal(10,2) DEFAULT NULL,
  `currency` varchar(3) NOT NULL DEFAULT 'AUD',
  `pickup_datetime` timestamp NULL DEFAULT NULL,
  `estimated_arrival` date DEFAULT NULL,
  `actual_arrival` date DEFAULT NULL,
  `tracking_number` varchar(255) DEFAULT NULL,
  `status` varchar(255) NOT NULL DEFAULT 'order_confirmed',
  `delivery_proof` varchar(255) DEFAULT NULL,
  `notes` text DEFAULT NULL,
  `created_at` timestamp NULL DEFAULT NULL,
  `updated_at` timestamp NULL DEFAULT NULL,
  `deleted_at` timestamp NULL DEFAULT NULL,
  PRIMARY KEY (`id`),
  KEY `logistics_customer_id_foreign` (`customer_id`),
  KEY `logistics_product_id_foreign` (`product_id`),
  KEY `logistics_ebay_order_id_foreign` (`ebay_order_id`),
  KEY `logistics_lead_id_foreign` (`lead_id`),
  KEY `logistics_created_by_foreign` (`created_by`),
  KEY `logistics_status_index` (`status`),
  KEY `logistics_tracking_number_index` (`tracking_number`),
  KEY `logistics_order_id_index` (`order_id`),
  KEY `logistics_assigned_to_index` (`assigned_to`),
  KEY `logistics_trucking_company_id_foreign` (`trucking_company_id`),
  CONSTRAINT `logistics_assigned_to_foreign` FOREIGN KEY (`assigned_to`) REFERENCES `users` (`id`) ON DELETE SET NULL,
  CONSTRAINT `logistics_created_by_foreign` FOREIGN KEY (`created_by`) REFERENCES `users` (`id`) ON DELETE CASCADE,
  CONSTRAINT `logistics_customer_id_foreign` FOREIGN KEY (`customer_id`) REFERENCES `customers` (`id`) ON DELETE CASCADE,
  CONSTRAINT `logistics_ebay_order_id_foreign` FOREIGN KEY (`ebay_order_id`) REFERENCES `ebay_orders` (`id`) ON DELETE SET NULL,
  CONSTRAINT `logistics_lead_id_foreign` FOREIGN KEY (`lead_id`) REFERENCES `leads` (`id`) ON DELETE SET NULL,
  CONSTRAINT `logistics_product_id_foreign` FOREIGN KEY (`product_id`) REFERENCES `products` (`id`) ON DELETE SET NULL,
  CONSTRAINT `logistics_trucking_company_id_foreign` FOREIGN KEY (`trucking_company_id`) REFERENCES `trucking_companies` (`id`) ON DELETE SET NULL
) ENGINE=InnoDB DEFAULT CHARSET=utf8mb4 COLLATE=utf8mb4_unicode_ci;
/*!40101 SET character_set_client = @saved_cs_client */;

--
-- Dumping data for table `logistics`
--

LOCK TABLES `logistics` WRITE;
/*!40000 ALTER TABLE `logistics` DISABLE KEYS */;
/*!40000 ALTER TABLE `logistics` ENABLE KEYS */;
UNLOCK TABLES;

--
-- Table structure for table `members`
--

DROP TABLE IF EXISTS `members`;
/*!40101 SET @saved_cs_client     = @@character_set_client */;
/*!40101 SET character_set_client = utf8 */;
CREATE TABLE `members` (
  `id` bigint(20) unsigned NOT NULL AUTO_INCREMENT,
  `full_name` varchar(255) NOT NULL,
  `job_title` varchar(255) NOT NULL,
  `department` varchar(255) NOT NULL,
  `email` varchar(255) DEFAULT NULL,
  `phone` varchar(255) DEFAULT NULL,
  `whatsapp` varchar(255) DEFAULT NULL,
  `bio` text DEFAULT NULL,
  `profile_photo` varchar(255) DEFAULT NULL,
  `join_date` date DEFAULT NULL,
  `display_order` smallint(5) unsigned NOT NULL DEFAULT 0,
  `status` enum('active','inactive') NOT NULL DEFAULT 'active',
  `created_at` timestamp NULL DEFAULT NULL,
  `updated_at` timestamp NULL DEFAULT NULL,
  PRIMARY KEY (`id`)
) ENGINE=InnoDB DEFAULT CHARSET=utf8mb4 COLLATE=utf8mb4_unicode_ci;
/*!40101 SET character_set_client = @saved_cs_client */;

--
-- Dumping data for table `members`
--

LOCK TABLES `members` WRITE;
/*!40000 ALTER TABLE `members` DISABLE KEYS */;
/*!40000 ALTER TABLE `members` ENABLE KEYS */;
UNLOCK TABLES;

--
-- Table structure for table `migrations`
--

DROP TABLE IF EXISTS `migrations`;
/*!40101 SET @saved_cs_client     = @@character_set_client */;
/*!40101 SET character_set_client = utf8 */;
CREATE TABLE `migrations` (
  `id` int(10) unsigned NOT NULL AUTO_INCREMENT,
  `migration` varchar(255) NOT NULL,
  `batch` int(11) NOT NULL,
  PRIMARY KEY (`id`)
) ENGINE=InnoDB AUTO_INCREMENT=85 DEFAULT CHARSET=utf8mb4 COLLATE=utf8mb4_unicode_ci;
/*!40101 SET character_set_client = @saved_cs_client */;

--
-- Dumping data for table `migrations`
--

LOCK TABLES `migrations` WRITE;
/*!40000 ALTER TABLE `migrations` DISABLE KEYS */;
INSERT INTO `migrations` VALUES (1,'0001_01_01_000001_create_cache_table',1),(2,'0001_01_01_000002_create_jobs_table',1),(3,'2026_05_22_000001_create_users_table',1),(4,'2026_05_22_000002_create_login_attempts_table',1),(5,'2026_05_22_000003_create_activity_logs_table',1),(6,'2026_05_22_000004_create_ip_bans_table',1),(7,'2026_05_22_000005_create_device_logs_table',1),(8,'2026_05_22_030548_create_permission_tables',1),(9,'2026_05_22_034109_create_notifications_table',1),(10,'2026_05_22_100001_create_cards_table',1),(11,'2026_05_22_100002_create_card_assignees_table',1),(12,'2026_05_22_100003_create_card_comments_table',1),(13,'2026_05_22_100004_create_card_checklists_table',1),(14,'2026_05_22_100005_create_card_files_table',1),(15,'2026_05_22_200001_create_customers_table',1),(16,'2026_05_22_200002_create_crm_interactions_and_deals_table',1),(17,'2026_05_23_100001_alter_customers_add_crm_fields',1),(18,'2026_05_23_100002_create_products_table',1),(19,'2026_05_23_100003_create_leads_and_followups_table',1),(20,'2026_05_23_100004_create_ebay_offers_and_orders_table',1),(21,'2026_05_23_100005_create_logistics_table',1),(22,'2026_05_23_100006_create_attachments_table',1),(23,'2026_05_24_102550_create_sessions_table',1),(24,'2026_05_24_200001_create_email_tables',1),(25,'2026_05_26_075542_add_date_fields_to_cards_table',1),(26,'2026_05_26_300001_create_workspaces_table',1),(27,'2026_05_26_300002_create_boards_table',1),(28,'2026_05_26_300003_create_board_lists_table',1),(29,'2026_05_26_300004_upgrade_cards_for_boards',1),(30,'2026_05_26_300005_add_settings_to_boards_table',1),(31,'2026_05_27_003418_add_workspace_id_to_labels_table',1),(32,'2026_05_28_000001_add_dashboard_appearance_to_users_table',1),(33,'2026_05_28_080540_create_settings_table',1),(34,'2026_05_28_152252_create_notes_tables',1),(35,'2026_05_29_052134_change_content_to_longtext_in_card_comments_table',1),(36,'2026_05_29_075331_create_websites_table',1),(37,'2026_05_29_080925_add_category_to_websites_table',1),(38,'2026_05_29_151816_add_can_edit_profile_to_users_table',1),(39,'2026_05_31_035401_add_device_token_to_ip_bans_table',1),(40,'2026_06_04_000001_upgrade_websites_table',1),(41,'2026_06_04_000002_create_website_progress_logs_table',1),(42,'2026_06_04_000003_create_website_qc_checks_table',1),(43,'2026_06_04_000004_create_website_maintenance_logs_table',1),(44,'2026_06_05_063648_add_attach_edit_activity_to_boards',1),(45,'2026_06_05_142904_add_icon_text_to_workspaces_table',1),(46,'2026_06_05_145739_add_is_hidden_to_boards_table',1),(47,'2026_06_05_152238_create_board_automations_table',1),(48,'2026_06_05_153231_add_trigger_fields_to_board_automations_table',1),(49,'2026_06_05_155412_add_trigger_board_to_board_automations_table',1),(50,'2026_06_05_183631_add_target_assignee_to_board_automations_table',1),(51,'2026_06_05_220536_add_team_role_to_users_table',1),(52,'2026_06_05_220543_add_target_assignee_role_to_board_automations_table',1),(53,'2026_06_06_000005_create_members_table',1),(54,'2026_06_06_190142_add_whatsapp_to_users_table',1),(55,'2026_06_06_192426_change_avatar_column_type_in_users_table',1),(56,'2026_06_07_000000_add_sync_and_automation_fields',1),(57,'2026_06_08_074612_add_username_to_users_table',1),(58,'2026_06_17_000001_create_social_media_classes_table',1),(59,'2026_06_17_000002_create_social_media_items_table',1),(60,'2026_06_17_000003_create_social_media_tasks_table',1),(61,'2026_06_17_100001_update_social_media_tables_v2',1),(62,'2026_06_17_100002_create_social_media_class_user_table',1),(63,'2026_06_17_100003_create_social_media_posts_table',1),(64,'2026_06_19_092824_add_icon_to_social_media_items_table',1),(65,'2026_06_19_102556_add_optional_text_to_social_media_posts_table',1),(66,'2026_06_19_102745_add_icon_to_social_media_classes_table',1),(67,'2026_06_19_155658_alter_icon_columns_in_social_media_tables',1),(68,'2026_06_22_000001_create_social_media_analytics_table',1),(69,'2026_06_22_000002_allow_multiple_classes_per_social_media_analytic',1),(70,'2026_06_24_140616_add_position_to_workspaces_table',1),(71,'2026_06_24_142941_add_cover_fields_to_boards_table',1),(72,'2026_06_26_000001_add_new_fields_to_websites_table',1),(73,'2026_06_26_000002_add_type_to_website_progress_logs_table',1),(74,'2026_06_26_000003_create_website_follow_ups_table',1),(75,'2026_06_26_152555_create_website_members_table',1),(76,'2026_06_28_000001_add_error_fields_to_websites_table',1),(77,'2026_06_29_091304_add_notification_sound_to_users_table',1),(78,'2026_06_30_000001_create_ebay_stores_table',1),(79,'2026_06_30_000002_alter_ebay_offers_add_store_id',1),(80,'2026_06_30_000003_create_trucking_companies_table',1),(81,'2026_06_30_000004_alter_logistics_add_trucking_company_id',1),(82,'2026_06_30_000005_create_shipments_table',1),(83,'2026_06_30_000006_create_shipment_customers_table',1),(84,'2026_06_30_000007_add_crm_role_to_users_table',1);
/*!40000 ALTER TABLE `migrations` ENABLE KEYS */;
UNLOCK TABLES;

--
-- Table structure for table `model_has_permissions`
--

DROP TABLE IF EXISTS `model_has_permissions`;
/*!40101 SET @saved_cs_client     = @@character_set_client */;
/*!40101 SET character_set_client = utf8 */;
CREATE TABLE `model_has_permissions` (
  `permission_id` bigint(20) unsigned NOT NULL,
  `model_type` varchar(255) NOT NULL,
  `model_id` bigint(20) unsigned NOT NULL,
  PRIMARY KEY (`permission_id`,`model_id`,`model_type`),
  KEY `model_has_permissions_model_id_model_type_index` (`model_id`,`model_type`),
  CONSTRAINT `model_has_permissions_permission_id_foreign` FOREIGN KEY (`permission_id`) REFERENCES `permissions` (`id`) ON DELETE CASCADE
) ENGINE=InnoDB DEFAULT CHARSET=utf8mb4 COLLATE=utf8mb4_unicode_ci;
/*!40101 SET character_set_client = @saved_cs_client */;

--
-- Dumping data for table `model_has_permissions`
--

LOCK TABLES `model_has_permissions` WRITE;
/*!40000 ALTER TABLE `model_has_permissions` DISABLE KEYS */;
/*!40000 ALTER TABLE `model_has_permissions` ENABLE KEYS */;
UNLOCK TABLES;

--
-- Table structure for table `model_has_roles`
--

DROP TABLE IF EXISTS `model_has_roles`;
/*!40101 SET @saved_cs_client     = @@character_set_client */;
/*!40101 SET character_set_client = utf8 */;
CREATE TABLE `model_has_roles` (
  `role_id` bigint(20) unsigned NOT NULL,
  `model_type` varchar(255) NOT NULL,
  `model_id` bigint(20) unsigned NOT NULL,
  PRIMARY KEY (`role_id`,`model_id`,`model_type`),
  KEY `model_has_roles_model_id_model_type_index` (`model_id`,`model_type`),
  CONSTRAINT `model_has_roles_role_id_foreign` FOREIGN KEY (`role_id`) REFERENCES `roles` (`id`) ON DELETE CASCADE
) ENGINE=InnoDB DEFAULT CHARSET=utf8mb4 COLLATE=utf8mb4_unicode_ci;
/*!40101 SET character_set_client = @saved_cs_client */;

--
-- Dumping data for table `model_has_roles`
--

LOCK TABLES `model_has_roles` WRITE;
/*!40000 ALTER TABLE `model_has_roles` DISABLE KEYS */;
INSERT INTO `model_has_roles` VALUES (1,'App\\Models\\User',1),(2,'App\\Models\\User',2),(3,'App\\Models\\User',4),(3,'App\\Models\\User',11),(4,'App\\Models\\User',7),(5,'App\\Models\\User',6),(5,'App\\Models\\User',9),(5,'App\\Models\\User',10),(5,'App\\Models\\User',12),(5,'App\\Models\\User',13),(5,'App\\Models\\User',14),(5,'App\\Models\\User',15),(5,'App\\Models\\User',16),(5,'App\\Models\\User',17),(5,'App\\Models\\User',18),(5,'App\\Models\\User',19),(5,'App\\Models\\User',20),(5,'App\\Models\\User',21),(5,'App\\Models\\User',22),(5,'App\\Models\\User',23),(6,'App\\Models\\User',5),(7,'App\\Models\\User',6),(7,'App\\Models\\User',10),(7,'App\\Models\\User',15),(7,'App\\Models\\User',17),(7,'App\\Models\\User',20),(8,'App\\Models\\User',12),(8,'App\\Models\\User',13);
/*!40000 ALTER TABLE `model_has_roles` ENABLE KEYS */;
UNLOCK TABLES;

--
-- Table structure for table `note_activities`
--

DROP TABLE IF EXISTS `note_activities`;
/*!40101 SET @saved_cs_client     = @@character_set_client */;
/*!40101 SET character_set_client = utf8 */;
CREATE TABLE `note_activities` (
  `id` bigint(20) unsigned NOT NULL AUTO_INCREMENT,
  `note_id` bigint(20) unsigned NOT NULL,
  `user_id` bigint(20) unsigned NOT NULL,
  `action` varchar(255) NOT NULL,
  `description` text DEFAULT NULL,
  `created_at` timestamp NULL DEFAULT NULL,
  `updated_at` timestamp NULL DEFAULT NULL,
  PRIMARY KEY (`id`),
  KEY `note_activities_note_id_foreign` (`note_id`),
  KEY `note_activities_user_id_foreign` (`user_id`),
  CONSTRAINT `note_activities_note_id_foreign` FOREIGN KEY (`note_id`) REFERENCES `notes` (`id`) ON DELETE CASCADE,
  CONSTRAINT `note_activities_user_id_foreign` FOREIGN KEY (`user_id`) REFERENCES `users` (`id`) ON DELETE CASCADE
) ENGINE=InnoDB DEFAULT CHARSET=utf8mb4 COLLATE=utf8mb4_unicode_ci;
/*!40101 SET character_set_client = @saved_cs_client */;

--
-- Dumping data for table `note_activities`
--

LOCK TABLES `note_activities` WRITE;
/*!40000 ALTER TABLE `note_activities` DISABLE KEYS */;
/*!40000 ALTER TABLE `note_activities` ENABLE KEYS */;
UNLOCK TABLES;

--
-- Table structure for table `note_attachments`
--

DROP TABLE IF EXISTS `note_attachments`;
/*!40101 SET @saved_cs_client     = @@character_set_client */;
/*!40101 SET character_set_client = utf8 */;
CREATE TABLE `note_attachments` (
  `id` bigint(20) unsigned NOT NULL AUTO_INCREMENT,
  `note_id` bigint(20) unsigned NOT NULL,
  `user_id` bigint(20) unsigned NOT NULL,
  `type` varchar(255) NOT NULL DEFAULT 'file',
  `title` varchar(255) NOT NULL,
  `url` varchar(255) DEFAULT NULL,
  `path` varchar(255) DEFAULT NULL,
  `mime_type` varchar(255) DEFAULT NULL,
  `size` bigint(20) unsigned DEFAULT NULL,
  `created_at` timestamp NULL DEFAULT NULL,
  `updated_at` timestamp NULL DEFAULT NULL,
  PRIMARY KEY (`id`),
  KEY `note_attachments_note_id_foreign` (`note_id`),
  KEY `note_attachments_user_id_foreign` (`user_id`),
  CONSTRAINT `note_attachments_note_id_foreign` FOREIGN KEY (`note_id`) REFERENCES `notes` (`id`) ON DELETE CASCADE,
  CONSTRAINT `note_attachments_user_id_foreign` FOREIGN KEY (`user_id`) REFERENCES `users` (`id`) ON DELETE CASCADE
) ENGINE=InnoDB DEFAULT CHARSET=utf8mb4 COLLATE=utf8mb4_unicode_ci;
/*!40101 SET character_set_client = @saved_cs_client */;

--
-- Dumping data for table `note_attachments`
--

LOCK TABLES `note_attachments` WRITE;
/*!40000 ALTER TABLE `note_attachments` DISABLE KEYS */;
/*!40000 ALTER TABLE `note_attachments` ENABLE KEYS */;
UNLOCK TABLES;

--
-- Table structure for table `note_checklist_items`
--

DROP TABLE IF EXISTS `note_checklist_items`;
/*!40101 SET @saved_cs_client     = @@character_set_client */;
/*!40101 SET character_set_client = utf8 */;
CREATE TABLE `note_checklist_items` (
  `id` bigint(20) unsigned NOT NULL AUTO_INCREMENT,
  `checklist_id` bigint(20) unsigned NOT NULL,
  `content` varchar(255) NOT NULL,
  `is_completed` tinyint(1) NOT NULL DEFAULT 0,
  `position` int(11) NOT NULL DEFAULT 0,
  `created_at` timestamp NULL DEFAULT NULL,
  `updated_at` timestamp NULL DEFAULT NULL,
  PRIMARY KEY (`id`),
  KEY `note_checklist_items_checklist_id_foreign` (`checklist_id`),
  CONSTRAINT `note_checklist_items_checklist_id_foreign` FOREIGN KEY (`checklist_id`) REFERENCES `note_checklists` (`id`) ON DELETE CASCADE
) ENGINE=InnoDB DEFAULT CHARSET=utf8mb4 COLLATE=utf8mb4_unicode_ci;
/*!40101 SET character_set_client = @saved_cs_client */;

--
-- Dumping data for table `note_checklist_items`
--

LOCK TABLES `note_checklist_items` WRITE;
/*!40000 ALTER TABLE `note_checklist_items` DISABLE KEYS */;
/*!40000 ALTER TABLE `note_checklist_items` ENABLE KEYS */;
UNLOCK TABLES;

--
-- Table structure for table `note_checklists`
--

DROP TABLE IF EXISTS `note_checklists`;
/*!40101 SET @saved_cs_client     = @@character_set_client */;
/*!40101 SET character_set_client = utf8 */;
CREATE TABLE `note_checklists` (
  `id` bigint(20) unsigned NOT NULL AUTO_INCREMENT,
  `note_id` bigint(20) unsigned NOT NULL,
  `title` varchar(255) DEFAULT NULL,
  `created_at` timestamp NULL DEFAULT NULL,
  `updated_at` timestamp NULL DEFAULT NULL,
  PRIMARY KEY (`id`),
  KEY `note_checklists_note_id_foreign` (`note_id`),
  CONSTRAINT `note_checklists_note_id_foreign` FOREIGN KEY (`note_id`) REFERENCES `notes` (`id`) ON DELETE CASCADE
) ENGINE=InnoDB DEFAULT CHARSET=utf8mb4 COLLATE=utf8mb4_unicode_ci;
/*!40101 SET character_set_client = @saved_cs_client */;

--
-- Dumping data for table `note_checklists`
--

LOCK TABLES `note_checklists` WRITE;
/*!40000 ALTER TABLE `note_checklists` DISABLE KEYS */;
/*!40000 ALTER TABLE `note_checklists` ENABLE KEYS */;
UNLOCK TABLES;

--
-- Table structure for table `note_folders`
--

DROP TABLE IF EXISTS `note_folders`;
/*!40101 SET @saved_cs_client     = @@character_set_client */;
/*!40101 SET character_set_client = utf8 */;
CREATE TABLE `note_folders` (
  `id` bigint(20) unsigned NOT NULL AUTO_INCREMENT,
  `user_id` bigint(20) unsigned DEFAULT NULL,
  `team` varchar(255) DEFAULT NULL,
  `type` enum('private','team') NOT NULL DEFAULT 'private',
  `name` varchar(255) NOT NULL,
  `color` varchar(255) DEFAULT NULL,
  `icon` varchar(255) DEFAULT NULL,
  `position` int(11) NOT NULL DEFAULT 0,
  `created_at` timestamp NULL DEFAULT NULL,
  `updated_at` timestamp NULL DEFAULT NULL,
  PRIMARY KEY (`id`),
  KEY `note_folders_user_id_foreign` (`user_id`),
  KEY `note_folders_team_index` (`team`),
  KEY `note_folders_type_index` (`type`),
  CONSTRAINT `note_folders_user_id_foreign` FOREIGN KEY (`user_id`) REFERENCES `users` (`id`) ON DELETE CASCADE
) ENGINE=InnoDB DEFAULT CHARSET=utf8mb4 COLLATE=utf8mb4_unicode_ci;
/*!40101 SET character_set_client = @saved_cs_client */;

--
-- Dumping data for table `note_folders`
--

LOCK TABLES `note_folders` WRITE;
/*!40000 ALTER TABLE `note_folders` DISABLE KEYS */;
/*!40000 ALTER TABLE `note_folders` ENABLE KEYS */;
UNLOCK TABLES;

--
-- Table structure for table `notes`
--

DROP TABLE IF EXISTS `notes`;
/*!40101 SET @saved_cs_client     = @@character_set_client */;
/*!40101 SET character_set_client = utf8 */;
CREATE TABLE `notes` (
  `id` bigint(20) unsigned NOT NULL AUTO_INCREMENT,
  `user_id` bigint(20) unsigned NOT NULL,
  `folder_id` bigint(20) unsigned DEFAULT NULL,
  `type` enum('private','team') NOT NULL DEFAULT 'private',
  `team` varchar(255) DEFAULT NULL,
  `title` varchar(255) NOT NULL,
  `content` longtext DEFAULT NULL,
  `plain_text` longtext DEFAULT NULL,
  `is_pinned` tinyint(1) NOT NULL DEFAULT 0,
  `is_favorite` tinyint(1) NOT NULL DEFAULT 0,
  `is_archived` tinyint(1) NOT NULL DEFAULT 0,
  `last_edited_by` bigint(20) unsigned DEFAULT NULL,
  `position` int(11) NOT NULL DEFAULT 0,
  `deleted_at` timestamp NULL DEFAULT NULL,
  `created_at` timestamp NULL DEFAULT NULL,
  `updated_at` timestamp NULL DEFAULT NULL,
  PRIMARY KEY (`id`),
  KEY `notes_user_id_foreign` (`user_id`),
  KEY `notes_folder_id_foreign` (`folder_id`),
  KEY `notes_last_edited_by_foreign` (`last_edited_by`),
  KEY `notes_type_index` (`type`),
  KEY `notes_team_index` (`team`),
  CONSTRAINT `notes_folder_id_foreign` FOREIGN KEY (`folder_id`) REFERENCES `note_folders` (`id`) ON DELETE SET NULL,
  CONSTRAINT `notes_last_edited_by_foreign` FOREIGN KEY (`last_edited_by`) REFERENCES `users` (`id`) ON DELETE SET NULL,
  CONSTRAINT `notes_user_id_foreign` FOREIGN KEY (`user_id`) REFERENCES `users` (`id`) ON DELETE CASCADE
) ENGINE=InnoDB DEFAULT CHARSET=utf8mb4 COLLATE=utf8mb4_unicode_ci;
/*!40101 SET character_set_client = @saved_cs_client */;

--
-- Dumping data for table `notes`
--

LOCK TABLES `notes` WRITE;
/*!40000 ALTER TABLE `notes` DISABLE KEYS */;
/*!40000 ALTER TABLE `notes` ENABLE KEYS */;
UNLOCK TABLES;

--
-- Table structure for table `notifications`
--

DROP TABLE IF EXISTS `notifications`;
/*!40101 SET @saved_cs_client     = @@character_set_client */;
/*!40101 SET character_set_client = utf8 */;
CREATE TABLE `notifications` (
  `id` char(36) NOT NULL,
  `type` varchar(255) NOT NULL,
  `notifiable_type` varchar(255) NOT NULL,
  `notifiable_id` bigint(20) unsigned NOT NULL,
  `data` text NOT NULL,
  `read_at` timestamp NULL DEFAULT NULL,
  `created_at` timestamp NULL DEFAULT NULL,
  `updated_at` timestamp NULL DEFAULT NULL,
  PRIMARY KEY (`id`),
  KEY `notifications_notifiable_type_notifiable_id_index` (`notifiable_type`,`notifiable_id`)
) ENGINE=InnoDB DEFAULT CHARSET=utf8mb4 COLLATE=utf8mb4_unicode_ci;
/*!40101 SET character_set_client = @saved_cs_client */;

--
-- Dumping data for table `notifications`
--

LOCK TABLES `notifications` WRITE;
/*!40000 ALTER TABLE `notifications` DISABLE KEYS */;
/*!40000 ALTER TABLE `notifications` ENABLE KEYS */;
UNLOCK TABLES;

--
-- Table structure for table `password_reset_tokens`
--

DROP TABLE IF EXISTS `password_reset_tokens`;
/*!40101 SET @saved_cs_client     = @@character_set_client */;
/*!40101 SET character_set_client = utf8 */;
CREATE TABLE `password_reset_tokens` (
  `email` varchar(255) NOT NULL,
  `token` varchar(255) NOT NULL,
  `created_at` timestamp NULL DEFAULT NULL,
  PRIMARY KEY (`email`)
) ENGINE=InnoDB DEFAULT CHARSET=utf8mb4 COLLATE=utf8mb4_unicode_ci;
/*!40101 SET character_set_client = @saved_cs_client */;

--
-- Dumping data for table `password_reset_tokens`
--

LOCK TABLES `password_reset_tokens` WRITE;
/*!40000 ALTER TABLE `password_reset_tokens` DISABLE KEYS */;
/*!40000 ALTER TABLE `password_reset_tokens` ENABLE KEYS */;
UNLOCK TABLES;

--
-- Table structure for table `permissions`
--

DROP TABLE IF EXISTS `permissions`;
/*!40101 SET @saved_cs_client     = @@character_set_client */;
/*!40101 SET character_set_client = utf8 */;
CREATE TABLE `permissions` (
  `id` bigint(20) unsigned NOT NULL AUTO_INCREMENT,
  `name` varchar(255) NOT NULL,
  `guard_name` varchar(255) NOT NULL,
  `created_at` timestamp NULL DEFAULT NULL,
  `updated_at` timestamp NULL DEFAULT NULL,
  PRIMARY KEY (`id`),
  UNIQUE KEY `permissions_name_guard_name_unique` (`name`,`guard_name`)
) ENGINE=InnoDB AUTO_INCREMENT=37 DEFAULT CHARSET=utf8mb4 COLLATE=utf8mb4_unicode_ci;
/*!40101 SET character_set_client = @saved_cs_client */;

--
-- Dumping data for table `permissions`
--

LOCK TABLES `permissions` WRITE;
/*!40000 ALTER TABLE `permissions` DISABLE KEYS */;
INSERT INTO `permissions` VALUES (1,'dashboard.view','web','2026-06-30 11:02:23','2026-06-30 11:02:23'),(2,'users.view','web','2026-06-30 11:02:23','2026-06-30 11:02:23'),(3,'users.create','web','2026-06-30 11:02:24','2026-06-30 11:02:24'),(4,'users.edit','web','2026-06-30 11:02:24','2026-06-30 11:02:24'),(5,'users.delete','web','2026-06-30 11:02:24','2026-06-30 11:02:24'),(6,'roles.view','web','2026-06-30 11:02:24','2026-06-30 11:02:24'),(7,'roles.manage','web','2026-06-30 11:02:24','2026-06-30 11:02:24'),(8,'kanban.view','web','2026-06-30 11:02:24','2026-06-30 11:02:24'),(9,'kanban.create','web','2026-06-30 11:02:24','2026-06-30 11:02:24'),(10,'kanban.edit','web','2026-06-30 11:02:24','2026-06-30 11:02:24'),(11,'kanban.delete','web','2026-06-30 11:02:24','2026-06-30 11:02:24'),(12,'kanban.assign','web','2026-06-30 11:02:24','2026-06-30 11:02:24'),(13,'kanban.approve','web','2026-06-30 11:02:24','2026-06-30 11:02:24'),(14,'kanban.reject','web','2026-06-30 11:02:24','2026-06-30 11:02:24'),(15,'crm.view','web','2026-06-30 11:02:24','2026-06-30 11:02:24'),(16,'crm.create','web','2026-06-30 11:02:24','2026-06-30 11:02:24'),(17,'crm.edit','web','2026-06-30 11:02:24','2026-06-30 11:02:24'),(18,'crm.delete','web','2026-06-30 11:02:24','2026-06-30 11:02:24'),(19,'crm.export','web','2026-06-30 11:02:24','2026-06-30 11:02:24'),(20,'authorize-ebay-offers','web','2026-06-30 11:02:24','2026-06-30 11:02:24'),(21,'logistic.manage','web','2026-06-30 11:02:24','2026-06-30 11:02:24'),(22,'sales.view','web','2026-06-30 11:02:24','2026-06-30 11:02:24'),(23,'sales.manage','web','2026-06-30 11:02:24','2026-06-30 11:02:24'),(24,'reports.view','web','2026-06-30 11:02:24','2026-06-30 11:02:24'),(25,'reports.export','web','2026-06-30 11:02:24','2026-06-30 11:02:24'),(26,'settings.view','web','2026-06-30 11:02:24','2026-06-30 11:02:24'),(27,'settings.manage','web','2026-06-30 11:02:24','2026-06-30 11:02:24'),(28,'security.view','web','2026-06-30 11:02:24','2026-06-30 11:02:24'),(29,'security.manage','web','2026-06-30 11:02:24','2026-06-30 11:02:24'),(30,'backup.run','web','2026-06-30 11:02:24','2026-06-30 11:02:24'),(31,'backup.view','web','2026-06-30 11:02:24','2026-06-30 11:02:24'),(32,'social-media.view','web','2026-06-30 11:02:24','2026-06-30 11:02:24'),(33,'social-media.submit','web','2026-06-30 11:02:24','2026-06-30 11:02:24'),(34,'social-media.qc','web','2026-06-30 11:02:24','2026-06-30 11:02:24'),(35,'social-media.manage','web','2026-06-30 11:02:24','2026-06-30 11:02:24'),(36,'social-media.export','web','2026-06-30 11:02:24','2026-06-30 11:02:24');
/*!40000 ALTER TABLE `permissions` ENABLE KEYS */;
UNLOCK TABLES;

--
-- Table structure for table `products`
--

DROP TABLE IF EXISTS `products`;
/*!40101 SET @saved_cs_client     = @@character_set_client */;
/*!40101 SET character_set_client = utf8 */;
CREATE TABLE `products` (
  `id` bigint(20) unsigned NOT NULL AUTO_INCREMENT,
  `name` varchar(255) NOT NULL,
  `sku` varchar(255) DEFAULT NULL,
  `category` varchar(255) NOT NULL,
  `description` text DEFAULT NULL,
  `brand` varchar(255) DEFAULT NULL,
  `model` varchar(255) DEFAULT NULL,
  `year` varchar(255) DEFAULT NULL,
  `condition` varchar(255) NOT NULL DEFAULT 'used',
  `price` decimal(12,2) DEFAULT NULL,
  `currency` varchar(3) NOT NULL DEFAULT 'AUD',
  `is_active` tinyint(1) NOT NULL DEFAULT 1,
  `image` varchar(255) DEFAULT NULL,
  `created_by` bigint(20) unsigned NOT NULL,
  `created_at` timestamp NULL DEFAULT NULL,
  `updated_at` timestamp NULL DEFAULT NULL,
  `deleted_at` timestamp NULL DEFAULT NULL,
  PRIMARY KEY (`id`),
  UNIQUE KEY `products_sku_unique` (`sku`),
  KEY `products_created_by_foreign` (`created_by`),
  KEY `products_category_index` (`category`),
  KEY `products_is_active_index` (`is_active`),
  CONSTRAINT `products_created_by_foreign` FOREIGN KEY (`created_by`) REFERENCES `users` (`id`) ON DELETE CASCADE
) ENGINE=InnoDB DEFAULT CHARSET=utf8mb4 COLLATE=utf8mb4_unicode_ci;
/*!40101 SET character_set_client = @saved_cs_client */;

--
-- Dumping data for table `products`
--

LOCK TABLES `products` WRITE;
/*!40000 ALTER TABLE `products` DISABLE KEYS */;
/*!40000 ALTER TABLE `products` ENABLE KEYS */;
UNLOCK TABLES;

--
-- Table structure for table `role_has_permissions`
--

DROP TABLE IF EXISTS `role_has_permissions`;
/*!40101 SET @saved_cs_client     = @@character_set_client */;
/*!40101 SET character_set_client = utf8 */;
CREATE TABLE `role_has_permissions` (
  `permission_id` bigint(20) unsigned NOT NULL,
  `role_id` bigint(20) unsigned NOT NULL,
  PRIMARY KEY (`permission_id`,`role_id`),
  KEY `role_has_permissions_role_id_foreign` (`role_id`),
  CONSTRAINT `role_has_permissions_permission_id_foreign` FOREIGN KEY (`permission_id`) REFERENCES `permissions` (`id`) ON DELETE CASCADE,
  CONSTRAINT `role_has_permissions_role_id_foreign` FOREIGN KEY (`role_id`) REFERENCES `roles` (`id`) ON DELETE CASCADE
) ENGINE=InnoDB DEFAULT CHARSET=utf8mb4 COLLATE=utf8mb4_unicode_ci;
/*!40101 SET character_set_client = @saved_cs_client */;

--
-- Dumping data for table `role_has_permissions`
--

LOCK TABLES `role_has_permissions` WRITE;
/*!40000 ALTER TABLE `role_has_permissions` DISABLE KEYS */;
INSERT INTO `role_has_permissions` VALUES (1,1),(1,2),(1,4),(1,5),(1,6),(1,7),(1,8),(2,1),(2,2),(2,3),(3,1),(3,2),(3,3),(4,1),(4,2),(4,3),(5,1),(5,3),(6,1),(6,2),(6,3),(7,1),(7,3),(8,1),(8,2),(8,5),(8,6),(9,1),(9,2),(9,5),(10,1),(10,2),(10,5),(11,1),(11,2),(12,1),(12,2),(13,1),(13,2),(13,6),(14,1),(14,2),(15,1),(15,3),(15,4),(15,6),(16,1),(16,3),(16,4),(17,1),(17,3),(17,4),(18,1),(18,3),(18,4),(19,1),(19,3),(20,1),(20,3),(20,6),(21,1),(21,3),(22,1),(22,3),(22,4),(22,6),(23,1),(23,3),(23,4),(24,1),(24,2),(24,3),(24,4),(24,6),(25,1),(25,2),(25,3),(26,1),(26,2),(27,1),(28,1),(28,2),(28,3),(29,1),(29,3),(30,1),(30,3),(31,1),(31,3),(32,1),(32,2),(32,5),(32,6),(32,7),(32,8),(33,1),(33,2),(33,5),(33,7),(34,1),(34,2),(34,7),(34,8),(35,1),(35,2),(35,8),(36,1),(36,2),(36,6),(36,7),(36,8);
/*!40000 ALTER TABLE `role_has_permissions` ENABLE KEYS */;
UNLOCK TABLES;

--
-- Table structure for table `roles`
--

DROP TABLE IF EXISTS `roles`;
/*!40101 SET @saved_cs_client     = @@character_set_client */;
/*!40101 SET character_set_client = utf8 */;
CREATE TABLE `roles` (
  `id` bigint(20) unsigned NOT NULL AUTO_INCREMENT,
  `name` varchar(255) NOT NULL,
  `guard_name` varchar(255) NOT NULL,
  `created_at` timestamp NULL DEFAULT NULL,
  `updated_at` timestamp NULL DEFAULT NULL,
  PRIMARY KEY (`id`),
  UNIQUE KEY `roles_name_guard_name_unique` (`name`,`guard_name`)
) ENGINE=InnoDB AUTO_INCREMENT=10 DEFAULT CHARSET=utf8mb4 COLLATE=utf8mb4_unicode_ci;
/*!40101 SET character_set_client = @saved_cs_client */;

--
-- Dumping data for table `roles`
--

LOCK TABLES `roles` WRITE;
/*!40000 ALTER TABLE `roles` DISABLE KEYS */;
INSERT INTO `roles` VALUES (1,'super-admin','web','2026-06-30 11:02:24','2026-06-30 11:02:24'),(2,'admin-digital','web','2026-06-30 11:02:24','2026-06-30 11:02:24'),(3,'admin-crm','web','2026-06-30 11:02:24','2026-06-30 11:02:24'),(4,'sales-crm','web','2026-06-30 11:02:24','2026-06-30 11:02:24'),(5,'digital-team','web','2026-06-30 11:02:24','2026-06-30 11:02:24'),(6,'boss','web','2026-06-30 11:02:24','2026-06-30 11:02:24'),(7,'social_admin','web','2026-06-30 11:02:24','2026-06-30 11:02:24'),(8,'social_qc','web','2026-06-30 11:02:24','2026-06-30 11:02:24'),(9,'admin','web','2026-06-30 11:02:24','2026-06-30 11:02:24');
/*!40000 ALTER TABLE `roles` ENABLE KEYS */;
UNLOCK TABLES;

--
-- Table structure for table `sessions`
--

DROP TABLE IF EXISTS `sessions`;
/*!40101 SET @saved_cs_client     = @@character_set_client */;
/*!40101 SET character_set_client = utf8 */;
CREATE TABLE `sessions` (
  `id` varchar(255) NOT NULL,
  `user_id` bigint(20) unsigned DEFAULT NULL,
  `ip_address` varchar(45) DEFAULT NULL,
  `user_agent` text DEFAULT NULL,
  `payload` longtext NOT NULL,
  `last_activity` int(11) NOT NULL,
  PRIMARY KEY (`id`),
  KEY `sessions_user_id_index` (`user_id`),
  KEY `sessions_last_activity_index` (`last_activity`)
) ENGINE=InnoDB DEFAULT CHARSET=utf8mb4 COLLATE=utf8mb4_unicode_ci;
/*!40101 SET character_set_client = @saved_cs_client */;

--
-- Dumping data for table `sessions`
--

LOCK TABLES `sessions` WRITE;
/*!40000 ALTER TABLE `sessions` DISABLE KEYS */;
INSERT INTO `sessions` VALUES ('bWMuIkSfJU7FvJG3YHi4Z4iOcYIcfKEF4R7d3kXY',1,'127.0.0.1','Mozilla/5.0 (Macintosh; Intel Mac OS X 10_15_7) AppleWebKit/537.36 (KHTML, like Gecko) Chrome/149.0.0.0 Safari/537.36','eyJfdG9rZW4iOiJYNHZXNUFxalBrRlcxc3R4WjdyRU1lTjFaSHgxNnFhYk9KMDlOejVvIiwiX3ByZXZpb3VzIjp7InVybCI6Imh0dHA6XC9cLzEyNy4wLjAuMTo4MDAwXC9ub3RpZmljYXRpb25zIiwicm91dGUiOiJub3RpZmljYXRpb25zLmluZGV4In0sIl9mbGFzaCI6eyJvbGQiOltdLCJuZXciOltdfSwibG9naW5fd2ViXzU5YmEzNmFkZGMyYjJmOTQwMTU4MGYwMTRjN2Y1OGVhNGUzMDk4OWQiOjEsInVzZXJzX2luZGV4X3VybCI6Imh0dHA6XC9cLzEyNy4wLjAuMTo4MDAwXC9hZG1pblwvdXNlcnMifQ==',1782837166);
/*!40000 ALTER TABLE `sessions` ENABLE KEYS */;
UNLOCK TABLES;

--
-- Table structure for table `settings`
--

DROP TABLE IF EXISTS `settings`;
/*!40101 SET @saved_cs_client     = @@character_set_client */;
/*!40101 SET character_set_client = utf8 */;
CREATE TABLE `settings` (
  `id` bigint(20) unsigned NOT NULL AUTO_INCREMENT,
  `key` varchar(255) NOT NULL,
  `value` text DEFAULT NULL,
  `created_at` timestamp NULL DEFAULT NULL,
  `updated_at` timestamp NULL DEFAULT NULL,
  PRIMARY KEY (`id`),
  UNIQUE KEY `settings_key_unique` (`key`)
) ENGINE=InnoDB AUTO_INCREMENT=90 DEFAULT CHARSET=utf8mb4 COLLATE=utf8mb4_unicode_ci;
/*!40101 SET character_set_client = @saved_cs_client */;

--
-- Dumping data for table `settings`
--

LOCK TABLES `settings` WRITE;
/*!40000 ALTER TABLE `settings` DISABLE KEYS */;
INSERT INTO `settings` VALUES (1,'hosting_image_url','https://img.miniexcavator.org/url-panel-belongtokiuq-kh','2026-05-27 19:11:39','2026-05-27 19:11:39'),(2,'backup_server_url','https://img.miniexcavator.org/backup/login','2026-05-27 19:11:39','2026-05-27 19:14:45'),(3,'ebay_template_generator_url','https://template.miniexcavator.org/','2026-05-27 19:11:39','2026-05-27 19:14:45'),(4,'poster_prompt_url','https://exotic-emerald-jwxwvhzjut.edgeone.app','2026-05-27 19:11:39','2026-05-27 19:14:45'),(5,'selling_point_url','https://nuclear-black-zyyqkexmaz.edgeone.app','2026-05-27 19:11:39','2026-05-27 19:14:45'),(6,'youtube_thumbnail_url','https://deliberate-harlequin-dlrwx9oo7j.edgeone.app','2026-05-27 19:11:39','2026-05-27 19:14:45'),(7,'spec_converter_url','https://kiuq-construction-unit-converter.yzz.me','2026-05-27 19:11:39','2026-05-27 19:14:45'),(8,'google_drive_url','https://drive.google.com/a/typhonmachinery.com','2026-05-28 11:48:10','2026-05-28 11:55:17'),(9,'google_docs_url','https://docs.google.com/a/kiuq.com','2026-05-28 11:48:10','2026-05-28 11:56:12'),(10,'google_sheets_url','https://docs.google.com/spreadsheets/u/0/','2026-05-28 11:48:10','2026-05-28 11:48:10'),(11,'google_translate_url','https://translate.google.com/?sl=en&tl=km&op=translate','2026-05-28 11:48:10','2026-05-28 11:48:10'),(12,'hosting_image_url_icon','https://img.miniexcavator.org/ebay/Dashboard-Icon/KiuQ.webp','2026-05-28 12:20:03','2026-05-28 12:23:48'),(13,'backup_server_url_icon','https://png.pngtree.com/png-clipart/20250106/original/pngtree-data-backup-icon-clipart-with-database-for-reliable-storage-solutions-ensuring-png-image_18814844.png','2026-05-28 12:20:03','2026-06-22 04:48:29'),(14,'ebay_template_generator_url_icon','https://img.miniexcavator.org/ebay/Dashboard-Icon/Ebaytemplategen.webp','2026-05-28 12:20:03','2026-05-28 12:25:05'),(15,'poster_prompt_url_icon','https://img.miniexcavator.org/ebay/Dashboard-Icon/posterprompt.webp','2026-05-28 12:20:03','2026-05-28 12:41:19'),(16,'selling_point_url_icon','https://img.miniexcavator.org/ebay/Dashboard-Icon/spellingpoint.webp','2026-05-28 12:20:03','2026-05-28 12:41:19'),(17,'youtube_thumbnail_url_icon','https://img.miniexcavator.org/ebay/Dashboard-Icon/youtube-thumbnail.webp','2026-05-28 12:20:03','2026-05-28 12:41:19'),(18,'spec_converter_url_icon','https://img.miniexcavator.org/ebay/Dashboard-Icon/spec-icon.webp','2026-05-28 12:20:03','2026-06-22 19:26:20'),(19,'google_drive_url_icon','https://static.vecteezy.com/system/resources/previews/012/871/368/non_2x/google-drive-icon-google-product-illustration-free-png.png','2026-05-28 12:20:03','2026-05-28 12:20:48'),(20,'google_docs_url_icon','https://cdn-icons-png.flaticon.com/512/5968/5968517.png','2026-05-28 12:20:03','2026-05-28 12:21:23'),(21,'google_sheets_url_icon','https://cdn-icons-png.flaticon.com/512/5968/5968557.png','2026-05-28 12:20:03','2026-05-28 12:21:43'),(22,'google_translate_url_icon','https://static.vecteezy.com/system/resources/previews/017/396/808/non_2x/google-translate-icons-free-png.png','2026-05-28 12:20:03','2026-05-28 12:22:00'),(23,'weekly_report_url','https://forms.gle/3yQJqXRHPdM1n5EW6','2026-05-28 18:51:32','2026-05-28 18:51:32'),(24,'weekly_report_url_icon','https://cdn-icons-png.flaticon.com/512/8276/8276278.png','2026-05-28 18:51:32','2026-05-28 22:07:24'),(25,'website_classes_order','[\"Official Website\",\"1st Class\",\"2nd Class\",\"3rd Class\",\"4th Class\"]','2026-05-28 23:58:13','2026-06-26 19:26:48'),(26,'maintenance_modules','[]','2026-05-29 01:30:15','2026-06-25 01:44:01'),(27,'maintenance_template_style','custom','2026-05-29 02:47:32','2026-05-29 02:48:46'),(28,'maintenance_site_name','MyWebsite','2026-05-29 02:47:32','2026-05-29 02:47:32'),(29,'maintenance_message','We\'re currently performing scheduled maintenance.','2026-05-29 02:47:32','2026-05-29 02:47:32'),(30,'maintenance_time','We\'ll be back shortly!','2026-05-29 02:47:32','2026-05-29 02:47:32'),(31,'maintenance_email','digital@typhonmachinery.com','2026-05-29 02:47:32','2026-05-29 12:23:48'),(32,'security_max_login_attempts','10','2026-05-30 13:57:12','2026-05-30 13:57:12'),(33,'security_ban_duration_minutes','0','2026-05-30 13:57:12','2026-05-30 13:57:12'),(34,'whatsapp_url','https://web.whatsapp.com/','2026-06-07 19:21:40','2026-06-07 19:30:38'),(35,'whatsapp_url_icon','https://cdn-icons-png.flaticon.com/512/15713/15713434.png','2026-06-07 19:26:55','2026-06-07 19:30:21'),(36,'ai_tool_1','https://chatgpt.com/','2026-06-07 21:47:46','2026-06-07 21:47:46'),(37,'ai_tool_1_icon','https://encrypted-tbn0.gstatic.com/images?q=tbn:ANd9GcRJI7dKa8PhJeeneF2OQwehzLo9fGQHBJ0LxA&s','2026-06-07 21:47:46','2026-06-07 21:47:46'),(38,'ai_tool_1_label','Chat GPT','2026-06-07 21:47:46','2026-06-07 21:48:05'),(39,'ai_tool_2','https://gemini.google.com/','2026-06-07 21:47:46','2026-06-07 21:49:13'),(40,'ai_tool_2_icon','https://encrypted-tbn0.gstatic.com/images?q=tbn:ANd9GcQTC5PcU8bb2EZTEOWADqsul_GIhebja29IUw&s','2026-06-07 21:47:46','2026-06-07 21:49:35'),(41,'ai_tool_2_label','Gemini','2026-06-07 21:47:46','2026-06-07 21:49:13'),(42,'ai_tool_3','https://app.jasper.ai/','2026-06-07 21:47:46','2026-06-07 21:50:37'),(43,'ai_tool_3_icon','https://encrypted-tbn0.gstatic.com/images?q=tbn:ANd9GcSrbt-wkvGHDS26Rwx4cdAbgEDFCGJuWMJczg&s','2026-06-07 21:47:46','2026-06-07 21:52:06'),(44,'ai_tool_3_label','Jasper','2026-06-07 21:47:46','2026-06-07 21:50:37'),(45,'ai_tool_4','https://claude.ai/new','2026-06-07 21:47:46','2026-06-07 21:53:55'),(46,'ai_tool_4_icon','https://upload.wikimedia.org/wikipedia/commons/thumb/5/58/Claude-ai-icon.svg/960px-Claude-ai-icon.svg.png?_=20250728014952','2026-06-07 21:47:46','2026-06-07 21:53:55'),(47,'ai_tool_4_label','Claude AI','2026-06-07 21:47:46','2026-06-07 21:53:55'),(48,'ai_tool_5','https://grok.com/','2026-06-07 21:47:46','2026-06-07 21:53:55'),(49,'ai_tool_5_icon','https://play-lh.googleusercontent.com/dQRKhi30KpzG3gww3TdVLzyIAVuOAWylnAcgnEUxqfpm2A8dEt2sgApVvtKAy-DO8aI=w240-h480-rw','2026-06-07 21:47:46','2026-06-07 21:53:55'),(50,'ai_tool_5_label','Grok','2026-06-07 21:47:46','2026-06-07 21:53:55'),(51,'custom_ai_tools','[{\"custom_id\":\"custom_TBIK1FYCm\",\"label\":\"Suno\",\"url\":\"https:\\/\\/suno.com\\/\",\"icon_url\":\"https:\\/\\/cdn-o.suno.com\\/favicon-512x512.png\"},{\"custom_id\":\"custom_bM0QU3RT2\",\"label\":\"Flow\",\"url\":\"https:\\/\\/labs.google\\/fx\\/tools\\/flow\",\"icon_url\":\"https:\\/\\/encrypted-tbn0.gstatic.com\\/images?q=tbn:ANd9GcQtcZ_vZ9V4V8iQo89CE_6LKCnGA3dDyye3zA&s\"},{\"custom_id\":\"custom_DmaFPiiyF\",\"label\":\"Manus AI\",\"url\":\"https:\\/\\/manus.im\\/\",\"icon_url\":\"https:\\/\\/play-lh.googleusercontent.com\\/7RIeDBEnjVVn3d1yr441p7u0BK9eT8E6P9i__XYTcJAzOe7sqVgJp7pmlypqY9NBqjI\"},{\"custom_id\":\"custom_LBOMuuT1E\",\"label\":\"Stitch AI\",\"url\":\"https:\\/\\/stitch.withgoogle.com\\/\",\"icon_url\":\"https:\\/\\/encrypted-tbn0.gstatic.com\\/images?q=tbn:ANd9GcSbq6rWL_ZFxQT5IpNC-e5A4Dd6VvzrlmnpSg&s\"},{\"custom_id\":\"custom_I2vd466tQ\",\"label\":\"Quillbot\",\"url\":\"https:\\/\\/quillbot.com\\/ai-chat\",\"icon_url\":\"https:\\/\\/miro.medium.com\\/1*0lNfvAj5nh7KBTpvD2zY0w.png\"},{\"custom_id\":\"custom_q8ta9nP0T\",\"label\":\"Copilot\",\"url\":\"https:\\/\\/copilot.microsoft.com\\/\",\"icon_url\":\"https:\\/\\/cdn.jsdelivr.net\\/gh\\/homarr-labs\\/dashboard-icons\\/webp\\/microsoft-copilot.webp\"},{\"custom_id\":\"custom_0JnWm7xIE\",\"label\":\"Lovable\",\"url\":\"https:\\/\\/lovable.dev\\/\",\"icon_url\":\"https:\\/\\/uxwing.com\\/wp-content\\/themes\\/uxwing\\/download\\/brands-and-social-media\\/lovable-ai-icon.png\"},{\"custom_id\":\"custom_zRUFPr9eQ\",\"label\":\"Perplexity\",\"url\":\"https:\\/\\/www.perplexity.ai\\/\",\"icon_url\":\"https:\\/\\/images.ctfassets.net\\/rgr37ng6fdup\\/4dppPal5w8ZRvauew5DKLj\\/0152726d2d2b5fd85232cff7cdbd8199\\/perplexity-logo.png\"},{\"custom_id\":\"custom_rczyzBXCF\",\"label\":\"Deepseek\",\"url\":\"https:\\/\\/chat.deepseek.com\\/\",\"icon_url\":\"https:\\/\\/img.icons8.com\\/color\\/512\\/deepseek.png\"},{\"custom_id\":\"custom_f8nR9mpYC\",\"label\":\"v0 AI by Vercel\",\"url\":\"https:\\/\\/v0.app\\/\",\"icon_url\":\"https:\\/\\/assets.findstack.com\\/abfhjtx1s5b2l1fwnd20irdby4ss\"},{\"custom_id\":\"custom_WconTtdRy\",\"label\":\"Replit\",\"url\":\"https:\\/\\/replit.com\",\"icon_url\":\"https:\\/\\/raw.githubusercontent.com\\/lobehub\\/lobe-icons\\/refs\\/heads\\/master\\/packages\\/static-png\\/dark\\/replit-color.png\"}]','2026-06-07 21:59:07','2026-06-22 19:34:44'),(52,'hosting_image_url_label','Hosting Image','2026-06-22 03:56:16','2026-06-22 03:56:16'),(53,'backup_server_url_label','Backup Server (Img host)','2026-06-22 03:56:16','2026-06-22 03:56:16'),(54,'ebay_template_generator_url_label','eBay Template Generator','2026-06-22 03:56:16','2026-06-22 03:56:16'),(55,'poster_prompt_url_label','Poster Prompt','2026-06-22 03:56:16','2026-06-22 03:56:16'),(56,'selling_point_url_label','Selling Point','2026-06-22 03:56:16','2026-06-22 03:56:16'),(57,'youtube_thumbnail_url_label','YouTube Thumbnail','2026-06-22 03:56:16','2026-06-22 03:56:16'),(58,'spec_converter_url_label','Spec Converter','2026-06-22 03:56:16','2026-06-22 03:56:16'),(59,'google_drive_url_label','Google Drive','2026-06-22 03:56:16','2026-06-22 03:56:16'),(60,'google_docs_url_label','Google Docs','2026-06-22 03:56:16','2026-06-22 03:56:16'),(61,'google_sheets_url_label','Google Sheets','2026-06-22 03:56:16','2026-06-22 03:56:16'),(62,'google_translate_url_label','Google Translate','2026-06-22 03:56:16','2026-06-22 03:56:16'),(63,'weekly_report_url_label','Weekly Report','2026-06-22 03:56:16','2026-06-22 03:56:16'),(64,'whatsapp_url_label','WhatsApp Web','2026-06-22 03:56:16','2026-06-22 03:56:16'),(65,'board_tools_order','[\"hosting_image_url\",\"backup_server_url\",\"ebay_template_generator_url\",\"weekly_report_url\"]','2026-06-22 03:56:16','2026-06-22 04:18:28'),(66,'generator_tools_order','[\"poster_prompt_url\",\"selling_point_url\",\"youtube_thumbnail_url\",\"spec_converter_url\"]','2026-06-22 03:56:16','2026-06-22 03:56:16'),(67,'workspace_tools_order','[\"whatsapp_url\",\"google_drive_url\",\"google_docs_url\",\"google_sheets_url\",\"google_translate_url\",\"custom_2hpsblvov\"]','2026-06-22 03:56:16','2026-06-22 19:34:44'),(68,'ai_tools_order','[\"ai_tool_3\",\"ai_tool_1\",\"ai_tool_2\",\"custom_TBIK1FYCm\",\"custom_bM0QU3RT2\",\"ai_tool_4\",\"ai_tool_5\",\"custom_DmaFPiiyF\",\"custom_LBOMuuT1E\",\"custom_I2vd466tQ\",\"custom_q8ta9nP0T\",\"custom_0JnWm7xIE\",\"custom_zRUFPr9eQ\",\"custom_rczyzBXCF\",\"custom_f8nR9mpYC\",\"custom_WconTtdRy\"]','2026-06-22 03:56:16','2026-06-22 19:34:44'),(69,'custom_board_tools','[]','2026-06-22 03:56:16','2026-06-22 04:18:28'),(70,'custom_generator_tools','[]','2026-06-22 03:56:16','2026-06-22 03:56:16'),(71,'custom_workspace_tools','[{\"custom_id\":\"custom_2hpsblvov\",\"label\":\"Khmer Calendar\",\"url\":\"https:\\/\\/khmer-lunar-calendar.com\\/\",\"icon_url\":\"https:\\/\\/cdn3d.iconscout.com\\/3d\\/premium\\/thumb\\/calendar-3d-icon-png-download-5410079.png\"}]','2026-06-22 03:56:16','2026-06-22 19:34:44'),(72,'hosting_image_url_menu_order',NULL,'2026-06-22 19:21:46','2026-06-22 19:21:46'),(73,'backup_server_url_menu_order',NULL,'2026-06-22 19:21:46','2026-06-22 19:21:46'),(74,'ebay_template_generator_url_menu_order',NULL,'2026-06-22 19:21:46','2026-06-22 19:21:46'),(75,'poster_prompt_url_menu_order',NULL,'2026-06-22 19:21:46','2026-06-22 19:21:46'),(76,'selling_point_url_menu_order',NULL,'2026-06-22 19:21:46','2026-06-22 19:21:46'),(77,'youtube_thumbnail_url_menu_order',NULL,'2026-06-22 19:21:46','2026-06-22 19:21:46'),(78,'spec_converter_url_menu_order',NULL,'2026-06-22 19:21:46','2026-06-22 19:21:46'),(79,'google_drive_url_menu_order',NULL,'2026-06-22 19:21:46','2026-06-22 19:21:46'),(80,'google_docs_url_menu_order',NULL,'2026-06-22 19:21:46','2026-06-22 19:21:46'),(81,'google_sheets_url_menu_order',NULL,'2026-06-22 19:21:46','2026-06-22 19:21:46'),(82,'google_translate_url_menu_order',NULL,'2026-06-22 19:21:46','2026-06-22 19:21:46'),(83,'weekly_report_url_menu_order',NULL,'2026-06-22 19:21:46','2026-06-22 19:21:46'),(84,'whatsapp_url_menu_order',NULL,'2026-06-22 19:21:46','2026-06-22 19:21:46'),(85,'ai_tool_1_menu_order',NULL,'2026-06-22 19:21:46','2026-06-22 19:21:46'),(86,'ai_tool_2_menu_order',NULL,'2026-06-22 19:21:46','2026-06-22 19:21:46'),(87,'ai_tool_3_menu_order',NULL,'2026-06-22 19:21:46','2026-06-22 19:21:46'),(88,'ai_tool_4_menu_order',NULL,'2026-06-22 19:21:46','2026-06-22 19:21:46'),(89,'ai_tool_5_menu_order',NULL,'2026-06-22 19:21:46','2026-06-22 19:21:46');
/*!40000 ALTER TABLE `settings` ENABLE KEYS */;
UNLOCK TABLES;

--
-- Table structure for table `shipment_customers`
--

DROP TABLE IF EXISTS `shipment_customers`;
/*!40101 SET @saved_cs_client     = @@character_set_client */;
/*!40101 SET character_set_client = utf8 */;
CREATE TABLE `shipment_customers` (
  `id` bigint(20) unsigned NOT NULL AUTO_INCREMENT,
  `shipment_id` bigint(20) unsigned NOT NULL,
  `customer_id` bigint(20) unsigned DEFAULT NULL,
  `recipient_name` varchar(255) NOT NULL,
  `recipient_phone` varchar(255) DEFAULT NULL,
  `shipping_address` text NOT NULL,
  `status` varchar(255) NOT NULL DEFAULT 'pending',
  `handled_by` bigint(20) unsigned DEFAULT NULL,
  `notes` text DEFAULT NULL,
  `product_description` varchar(255) DEFAULT NULL,
  `created_at` timestamp NULL DEFAULT NULL,
  `updated_at` timestamp NULL DEFAULT NULL,
  PRIMARY KEY (`id`),
  KEY `shipment_customers_shipment_id_foreign` (`shipment_id`),
  KEY `shipment_customers_customer_id_foreign` (`customer_id`),
  KEY `shipment_customers_handled_by_foreign` (`handled_by`),
  CONSTRAINT `shipment_customers_customer_id_foreign` FOREIGN KEY (`customer_id`) REFERENCES `customers` (`id`) ON DELETE SET NULL,
  CONSTRAINT `shipment_customers_handled_by_foreign` FOREIGN KEY (`handled_by`) REFERENCES `users` (`id`) ON DELETE SET NULL,
  CONSTRAINT `shipment_customers_shipment_id_foreign` FOREIGN KEY (`shipment_id`) REFERENCES `shipments` (`id`) ON DELETE CASCADE
) ENGINE=InnoDB AUTO_INCREMENT=3 DEFAULT CHARSET=utf8mb4 COLLATE=utf8mb4_unicode_ci;
/*!40101 SET character_set_client = @saved_cs_client */;

--
-- Dumping data for table `shipment_customers`
--

LOCK TABLES `shipment_customers` WRITE;
/*!40000 ALTER TABLE `shipment_customers` DISABLE KEYS */;
INSERT INTO `shipment_customers` VALUES (1,1,1,'James Holden','+61 412 000 001','123 Main St, Sydney','pending',NULL,NULL,NULL,'2026-06-30 11:07:23','2026-06-30 11:07:23'),(2,1,2,'Naomi Nagata','+61 412 000 002','456 Market St, Melbourne','pending',NULL,NULL,NULL,'2026-06-30 11:07:23','2026-06-30 11:07:23');
/*!40000 ALTER TABLE `shipment_customers` ENABLE KEYS */;
UNLOCK TABLES;

--
-- Table structure for table `shipments`
--

DROP TABLE IF EXISTS `shipments`;
/*!40101 SET @saved_cs_client     = @@character_set_client */;
/*!40101 SET character_set_client = utf8 */;
CREATE TABLE `shipments` (
  `id` bigint(20) unsigned NOT NULL AUTO_INCREMENT,
  `shipment_code` varchar(255) DEFAULT NULL,
  `status` varchar(255) NOT NULL DEFAULT 'pending',
  `trucking_company_id` bigint(20) unsigned DEFAULT NULL,
  `created_by` bigint(20) unsigned DEFAULT NULL,
  `assigned_to` bigint(20) unsigned DEFAULT NULL,
  `estimated_arrival` date DEFAULT NULL,
  `actual_arrival` date DEFAULT NULL,
  `notes` text DEFAULT NULL,
  `created_at` timestamp NULL DEFAULT NULL,
  `updated_at` timestamp NULL DEFAULT NULL,
  `deleted_at` timestamp NULL DEFAULT NULL,
  PRIMARY KEY (`id`),
  UNIQUE KEY `shipments_shipment_code_unique` (`shipment_code`),
  KEY `shipments_trucking_company_id_foreign` (`trucking_company_id`),
  KEY `shipments_created_by_foreign` (`created_by`),
  KEY `shipments_assigned_to_foreign` (`assigned_to`),
  CONSTRAINT `shipments_assigned_to_foreign` FOREIGN KEY (`assigned_to`) REFERENCES `users` (`id`) ON DELETE SET NULL,
  CONSTRAINT `shipments_created_by_foreign` FOREIGN KEY (`created_by`) REFERENCES `users` (`id`) ON DELETE SET NULL,
  CONSTRAINT `shipments_trucking_company_id_foreign` FOREIGN KEY (`trucking_company_id`) REFERENCES `trucking_companies` (`id`) ON DELETE SET NULL
) ENGINE=InnoDB AUTO_INCREMENT=2 DEFAULT CHARSET=utf8mb4 COLLATE=utf8mb4_unicode_ci;
/*!40101 SET character_set_client = @saved_cs_client */;

--
-- Dumping data for table `shipments`
--

LOCK TABLES `shipments` WRITE;
/*!40000 ALTER TABLE `shipments` DISABLE KEYS */;
INSERT INTO `shipments` VALUES (1,'SHP-10001','pending',1,2,2,'2026-07-03',NULL,'Sample shipment','2026-06-30 11:02:24','2026-06-30 11:02:24',NULL);
/*!40000 ALTER TABLE `shipments` ENABLE KEYS */;
UNLOCK TABLES;

--
-- Table structure for table `social_media_analytic_class`
--

DROP TABLE IF EXISTS `social_media_analytic_class`;
/*!40101 SET @saved_cs_client     = @@character_set_client */;
/*!40101 SET character_set_client = utf8 */;
CREATE TABLE `social_media_analytic_class` (
  `id` bigint(20) unsigned NOT NULL AUTO_INCREMENT,
  `social_media_analytic_id` bigint(20) unsigned NOT NULL,
  `social_media_class_id` bigint(20) unsigned NOT NULL,
  `created_at` timestamp NULL DEFAULT NULL,
  `updated_at` timestamp NULL DEFAULT NULL,
  PRIMARY KEY (`id`),
  UNIQUE KEY `sma_analytic_class_unique` (`social_media_analytic_id`,`social_media_class_id`),
  KEY `social_media_analytic_class_social_media_class_id_foreign` (`social_media_class_id`),
  CONSTRAINT `social_media_analytic_class_social_media_analytic_id_foreign` FOREIGN KEY (`social_media_analytic_id`) REFERENCES `social_media_analytics` (`id`) ON DELETE CASCADE,
  CONSTRAINT `social_media_analytic_class_social_media_class_id_foreign` FOREIGN KEY (`social_media_class_id`) REFERENCES `social_media_classes` (`id`) ON DELETE CASCADE
) ENGINE=InnoDB AUTO_INCREMENT=8 DEFAULT CHARSET=utf8mb4 COLLATE=utf8mb4_unicode_ci;
/*!40101 SET character_set_client = @saved_cs_client */;

--
-- Dumping data for table `social_media_analytic_class`
--

LOCK TABLES `social_media_analytic_class` WRITE;
/*!40000 ALTER TABLE `social_media_analytic_class` DISABLE KEYS */;
INSERT INTO `social_media_analytic_class` VALUES (1,1,7,'2026-06-22 00:38:02','2026-06-22 00:38:02'),(2,1,1,'2026-06-22 00:38:02','2026-06-22 00:38:02'),(3,1,10,'2026-06-22 00:38:02','2026-06-22 00:38:02'),(4,1,8,'2026-06-22 00:38:02','2026-06-22 00:38:02'),(5,1,9,'2026-06-22 00:38:02','2026-06-22 00:38:02'),(6,1,6,'2026-06-22 00:38:02','2026-06-22 00:38:02'),(7,1,5,'2026-06-22 00:38:02','2026-06-22 00:38:02');
/*!40000 ALTER TABLE `social_media_analytic_class` ENABLE KEYS */;
UNLOCK TABLES;

--
-- Table structure for table `social_media_analytics`
--

DROP TABLE IF EXISTS `social_media_analytics`;
/*!40101 SET @saved_cs_client     = @@character_set_client */;
/*!40101 SET character_set_client = utf8 */;
CREATE TABLE `social_media_analytics` (
  `id` bigint(20) unsigned NOT NULL AUTO_INCREMENT,
  `date_from` date NOT NULL,
  `date_to` date NOT NULL,
  `file_path` varchar(255) NOT NULL,
  `original_name` varchar(255) NOT NULL,
  `uploaded_by` bigint(20) unsigned DEFAULT NULL,
  `created_at` timestamp NULL DEFAULT NULL,
  `updated_at` timestamp NULL DEFAULT NULL,
  PRIMARY KEY (`id`),
  KEY `social_media_analytics_uploaded_by_foreign` (`uploaded_by`),
  CONSTRAINT `social_media_analytics_uploaded_by_foreign` FOREIGN KEY (`uploaded_by`) REFERENCES `users` (`id`) ON DELETE SET NULL
) ENGINE=InnoDB AUTO_INCREMENT=2 DEFAULT CHARSET=utf8mb4 COLLATE=utf8mb4_unicode_ci;
/*!40101 SET character_set_client = @saved_cs_client */;

--
-- Dumping data for table `social_media_analytics`
--

LOCK TABLES `social_media_analytics` WRITE;
/*!40000 ALTER TABLE `social_media_analytics` DISABLE KEYS */;
INSERT INTO `social_media_analytics` VALUES (1,'2026-06-22','2026-06-28','social-analytics/shared/analytics-2026-06-22-to-2026-06-28-4c266b96-55f1-4294-8812-93ccd128c4c1.pdf','1test.pdf',12,'2026-06-22 00:38:02','2026-06-22 00:38:02');
/*!40000 ALTER TABLE `social_media_analytics` ENABLE KEYS */;
UNLOCK TABLES;

--
-- Table structure for table `social_media_class_user`
--

DROP TABLE IF EXISTS `social_media_class_user`;
/*!40101 SET @saved_cs_client     = @@character_set_client */;
/*!40101 SET character_set_client = utf8 */;
CREATE TABLE `social_media_class_user` (
  `id` bigint(20) unsigned NOT NULL AUTO_INCREMENT,
  `social_media_class_id` bigint(20) unsigned NOT NULL,
  `user_id` bigint(20) unsigned NOT NULL,
  `assigned_by` bigint(20) unsigned NOT NULL,
  `created_at` timestamp NULL DEFAULT NULL,
  `updated_at` timestamp NULL DEFAULT NULL,
  PRIMARY KEY (`id`),
  UNIQUE KEY `unique_class_user` (`social_media_class_id`,`user_id`),
  KEY `social_media_class_user_user_id_foreign` (`user_id`),
  KEY `social_media_class_user_assigned_by_foreign` (`assigned_by`),
  CONSTRAINT `social_media_class_user_assigned_by_foreign` FOREIGN KEY (`assigned_by`) REFERENCES `users` (`id`) ON DELETE CASCADE,
  CONSTRAINT `social_media_class_user_social_media_class_id_foreign` FOREIGN KEY (`social_media_class_id`) REFERENCES `social_media_classes` (`id`) ON DELETE CASCADE,
  CONSTRAINT `social_media_class_user_user_id_foreign` FOREIGN KEY (`user_id`) REFERENCES `users` (`id`) ON DELETE CASCADE
) ENGINE=InnoDB AUTO_INCREMENT=20 DEFAULT CHARSET=utf8mb4 COLLATE=utf8mb4_unicode_ci;
/*!40101 SET character_set_client = @saved_cs_client */;

--
-- Dumping data for table `social_media_class_user`
--

LOCK TABLES `social_media_class_user` WRITE;
/*!40000 ALTER TABLE `social_media_class_user` DISABLE KEYS */;
INSERT INTO `social_media_class_user` VALUES (1,1,6,1,'2026-06-17 01:46:51','2026-06-17 01:46:51'),(2,5,13,1,'2026-06-18 20:16:39','2026-06-18 20:16:39'),(3,6,15,1,'2026-06-18 20:17:05','2026-06-18 20:17:05'),(4,7,17,1,'2026-06-18 20:17:27','2026-06-18 20:17:27'),(5,8,20,1,'2026-06-18 20:17:47','2026-06-18 20:17:47'),(6,9,10,1,'2026-06-18 20:18:00','2026-06-18 20:18:00'),(7,10,13,1,'2026-06-18 20:18:29','2026-06-18 20:18:29'),(8,1,12,1,'2026-06-19 16:36:33','2026-06-19 16:36:33'),(9,7,12,1,'2026-06-19 17:46:53','2026-06-19 17:46:53'),(10,7,13,1,'2026-06-19 17:47:09','2026-06-19 17:47:09'),(11,1,13,1,'2026-06-19 17:47:17','2026-06-19 17:47:17'),(12,10,12,1,'2026-06-19 17:47:32','2026-06-19 17:47:32'),(13,5,12,1,'2026-06-19 17:47:43','2026-06-19 17:47:43'),(14,6,12,1,'2026-06-19 17:47:55','2026-06-19 17:47:55'),(15,6,13,1,'2026-06-19 17:48:02','2026-06-19 17:48:02'),(16,8,12,1,'2026-06-19 17:48:15','2026-06-19 17:48:15'),(17,9,12,1,'2026-06-19 17:48:25','2026-06-19 17:48:25'),(18,9,13,1,'2026-06-19 17:48:32','2026-06-19 17:48:32'),(19,8,13,1,'2026-06-19 17:48:43','2026-06-19 17:48:43');
/*!40000 ALTER TABLE `social_media_class_user` ENABLE KEYS */;
UNLOCK TABLES;

--
-- Table structure for table `social_media_classes`
--

DROP TABLE IF EXISTS `social_media_classes`;
/*!40101 SET @saved_cs_client     = @@character_set_client */;
/*!40101 SET character_set_client = utf8 */;
CREATE TABLE `social_media_classes` (
  `id` bigint(20) unsigned NOT NULL AUTO_INCREMENT,
  `name` varchar(255) NOT NULL,
  `description` text DEFAULT NULL,
  `icon` text DEFAULT NULL,
  `status` enum('active','inactive') NOT NULL DEFAULT 'active',
  `created_by` bigint(20) unsigned NOT NULL,
  `created_at` timestamp NULL DEFAULT NULL,
  `updated_at` timestamp NULL DEFAULT NULL,
  PRIMARY KEY (`id`),
  KEY `social_media_classes_created_by_foreign` (`created_by`),
  CONSTRAINT `social_media_classes_created_by_foreign` FOREIGN KEY (`created_by`) REFERENCES `users` (`id`) ON DELETE CASCADE
) ENGINE=InnoDB AUTO_INCREMENT=11 DEFAULT CHARSET=utf8mb4 COLLATE=utf8mb4_unicode_ci;
/*!40101 SET character_set_client = @saved_cs_client */;

--
-- Dumping data for table `social_media_classes`
--

LOCK TABLES `social_media_classes` WRITE;
/*!40000 ALTER TABLE `social_media_classes` DISABLE KEYS */;
INSERT INTO `social_media_classes` VALUES (1,'Machinery.Bargains',NULL,'https://i.ebayimg.com/images/g/6xAAAeSwtK1p8Y6O/s-l300.png','active',1,'2026-06-17 00:52:56','2026-06-19 05:05:10'),(5,'SkidSteer',NULL,'https://scontent-lhr8-1.xx.fbcdn.net/v/t39.30808-1/617061050_122098937583227443_7694459658697045486_n.jpg?stp=dst-jpg_tt6&cstp=mx1024x1024&ctp=s480x480&_nc_cat=107&ccb=1-7&_nc_sid=2d3e12&_nc_eui2=AeHtRuOHFE1LJTu6JwXt1G5QhPPKgNWVurWE88qA1ZW6tb3zL_4lNMy--Q2NjLSp1jDPEe5UsGRotx1JTg2WQe12&_nc_ohc=EXfUvkAmAkgQ7kNvwEIoATm&_nc_oc=AdqwfBjcyzrQy_wA_WXlJt1pcLobRMVChQqUoqzaDES_B9K_J9kdbonm0iEZbX4D7ss&_nc_zt=24&_nc_ht=scontent-lhr8-1.xx&_nc_gid=cZ-y7HdT_SojTWkocAkYrg&_nc_ss=7b2a8&oh=00_Af8CTfusI2X__6lF0tR9-hYcx9l0RxhoEvVvZQ_fTTdJ3g&oe=6A3BB8A1','active',1,'2026-06-18 20:16:39','2026-06-19 17:40:54'),(6,'MiniExca',NULL,'https://scontent-lhr8-2.xx.fbcdn.net/v/t39.30808-6/658978427_122098625264879899_8086232799818068245_n.jpg?stp=dst-jpg_tt6&cstp=mx1280x1280&ctp=s1280x1280&_nc_cat=101&ccb=1-7&_nc_sid=6ee11a&_nc_eui2=AeGRf9OT59DX7hBAmZ9MjdjoA-yAhy2hINUD7ICHLaEg1X4FHo8HmF6O2IKOpJwCxyBwcKCEY1MEi7s9bBbBx1-O&_nc_ohc=_6XwqoPT_f4Q7kNvwEye_ET&_nc_oc=Adr0m0e4tEe9OxJecE9uodJ7WpqGzFRGCcB_Bmsf3YRV0yO1fah_kedf9IQAl5W8UeM&_nc_zt=23&_nc_ht=scontent-lhr8-2.xx&_nc_gid=5UOH7F3PRoVeoFQmj8-DWw&_nc_ss=7b2a8&oh=00_Af8k8dcZeqLIKiVlZYyGEjC-SKHkdvXjqoYDUJLsLc4uwg&oe=6A3BB5A5','active',1,'2026-06-18 20:17:05','2026-06-19 17:44:39'),(7,'Impossible Machinery','https://scontent.fpnh24-1.fna.fbcdn.net/v/t39.30808-6/661458381_122097729002849644_1367953421307170467_n.jpg?stp=dst-jpg_tt6&cstp=mx1280x1280&ctp=s1280x1280&_nc_cat=111&ccb=1-7&_nc_sid=6ee11a&_nc_ohc=u1tmpDcfIwcQ7kNvwEG8dgh&_nc_oc=AdrmxVRURaXZjMEupq7FFYUNKIkPWvz8_Su3eWn-Q5MJhBw0tG5Oo1JivHBrYZCqfz0&_nc_zt=23&_nc_ht=scontent.fpnh24-1.fna&_nc_gid=sNvOH51CZaK4vtYPcor2IQ&_nc_ss=7b2a8&oh=00_Af9pSu_ilzcdymHzcjaKPOJxgjUZAgq1wDSLrxjVXTmenQ&oe=6A3ADC61','https://scontent.fpnh24-1.fna.fbcdn.net/v/t39.30808-6/661458381_122097729002849644_1367953421307170467_n.jpg?stp=dst-jpg_tt6&cstp=mx1280x1280&ctp=s1280x1280&_nc_cat=111&ccb=1-7&_nc_sid=6ee11a&_nc_ohc=u1tmpDcfIwcQ7kNvwEG8dgh&_nc_oc=AdrmxVRURaXZjMEupq7FFYUNKIkPWvz8_Su3eWn-Q5MJhBw0tG5Oo1JivHBrYZCqfz0&_nc_zt=23&_nc_ht=scontent.fpnh24-1.fna&_nc_gid=sNvOH51CZaK4vtYPcor2IQ&_nc_ss=7b2a8&oh=00_Af9pSu_ilzcdymHzcjaKPOJxgjUZAgq1wDSLrxjVXTmenQ&oe=6A3ADC61','active',1,'2026-06-18 20:17:27','2026-06-19 01:58:02'),(8,'MachineryAsiaOnline',NULL,'https://scontent-lhr8-1.xx.fbcdn.net/v/t39.30808-1/660128267_122099534348881310_243351124885166292_n.jpg?stp=c108.44.1071.1071a_dst-jpg_tt6&cstp=mx1071x1071&ctp=s320x320&_nc_cat=107&ccb=1-7&_nc_sid=2d3e12&_nc_eui2=AeHQYtRlbMweE0PCgO1d1T6vyu-N2RzZV9XK743ZHNlX1Qay8n1xAs33yYUaqBZPoX9O2vxHdyytO13-d9Lh5-rR&_nc_ohc=uMrmNNybPgoQ7kNvwGO326D&_nc_oc=Adrl8vWz7-vuFWXpAMM3OlN_FGfR9w-PcEl_-gdmrbc9JXjjYi6gwKDBfbfV6Q4_kOk&_nc_zt=24&_nc_ht=scontent-lhr8-1.xx&_nc_gid=UkeWXcI6jeeW_cqfGPbPiA&_nc_ss=7b2a8&oh=00_Af_Qyxct2PYCAWyNhWsK8ZvfultGQnb5OWQiXkwRY_eRzw&oe=6A3B9F4F','active',1,'2026-06-18 20:17:47','2026-06-19 17:41:42'),(9,'MachineryOrg',NULL,'https://scontent-lhr8-1.xx.fbcdn.net/v/t39.30808-6/655937121_122102020478949578_7362622832031408868_n.jpg?stp=dst-jpg_tt6&cstp=mx1200x1200&ctp=s1200x1200&_nc_cat=110&ccb=1-7&_nc_sid=6ee11a&_nc_eui2=AeFT-xzOBuib3t2BGCx4kEu4M9Vv3XpAJnEz1W_dekAmceKAOmJZ6zUEPRC0VVE8USCQXXck_Am6IMCAcAzcCYnV&_nc_ohc=SehlkJA4G2YQ7kNvwHyOmP6&_nc_oc=AdpAghnU3QNo-fR6d13U3Gb3ToriWD-9Cmy2WOBjEa0MKJJX8L_IhrtmCj39_PVSOBY&_nc_zt=23&_nc_ht=scontent-lhr8-1.xx&_nc_gid=GUwLeGVU6kn4T2CTbrEm7A&_nc_ss=7b2a8&oh=00_Af9BoOC-MjIS2wgaaEowKeQnN2qB2HRR6okf2xobmP-LzQ&oe=6A3BA3A2','active',1,'2026-06-18 20:18:00','2026-06-19 17:40:28'),(10,'MachineryAsia',NULL,'https://scontent-lhr6-2.xx.fbcdn.net/v/t39.30808-6/527856127_1057928963173145_8360450503566763942_n.jpg?stp=dst-jpg_tt6&cstp=mx1067x1018&ctp=s1067x1018&_nc_cat=104&ccb=1-7&_nc_sid=6ee11a&_nc_eui2=AeHE54oWRJYDj5VUjTixXQ-3E_YGgUU9aMkT9gaBRT1oySe481pFhcL7iNY4Hlf86mIH_Mbnu7hme_v-_zY_3H03&_nc_ohc=-1p25SAqSroQ7kNvwFOnymV&_nc_oc=AdrWInLbFkKGRfTJ33JFR9jegwXDQTw_mJDXSBD-4aLogWSeX82ALG9aF8hB_j0byvw&_nc_zt=23&_nc_ht=scontent-lhr6-2.xx&_nc_gid=YPKzov6qG6YS2bgEMDoIrQ&_nc_ss=7b2a8&oh=00_Af_uSCDoPiHsdXrZK-S4kwQOJu3a5f-6esYKtNLZ33db1A&oe=6A3BA463','active',1,'2026-06-18 20:18:29','2026-06-19 17:43:53');
/*!40000 ALTER TABLE `social_media_classes` ENABLE KEYS */;
UNLOCK TABLES;

--
-- Table structure for table `social_media_items`
--

DROP TABLE IF EXISTS `social_media_items`;
/*!40101 SET @saved_cs_client     = @@character_set_client */;
/*!40101 SET character_set_client = utf8 */;
CREATE TABLE `social_media_items` (
  `id` bigint(20) unsigned NOT NULL AUTO_INCREMENT,
  `social_media_class_id` bigint(20) unsigned NOT NULL,
  `name` varchar(255) NOT NULL,
  `icon` text DEFAULT NULL,
  `status` enum('active','inactive') NOT NULL DEFAULT 'active',
  `sort_order` smallint(5) unsigned DEFAULT NULL,
  `created_by` bigint(20) unsigned NOT NULL,
  `created_at` timestamp NULL DEFAULT NULL,
  `updated_at` timestamp NULL DEFAULT NULL,
  PRIMARY KEY (`id`),
  KEY `social_media_items_social_media_class_id_foreign` (`social_media_class_id`),
  KEY `social_media_items_created_by_foreign` (`created_by`),
  CONSTRAINT `social_media_items_created_by_foreign` FOREIGN KEY (`created_by`) REFERENCES `users` (`id`) ON DELETE CASCADE,
  CONSTRAINT `social_media_items_social_media_class_id_foreign` FOREIGN KEY (`social_media_class_id`) REFERENCES `social_media_classes` (`id`) ON DELETE CASCADE
) ENGINE=InnoDB AUTO_INCREMENT=43 DEFAULT CHARSET=utf8mb4 COLLATE=utf8mb4_unicode_ci;
/*!40101 SET character_set_client = @saved_cs_client */;

--
-- Dumping data for table `social_media_items`
--

LOCK TABLES `social_media_items` WRITE;
/*!40000 ALTER TABLE `social_media_items` DISABLE KEYS */;
INSERT INTO `social_media_items` VALUES (1,1,'Facebook','/images/social/facebook.svg','active',NULL,1,'2026-06-17 00:53:24','2026-06-24 19:04:51'),(2,1,'Instagram','/images/social/instagram.svg','active',10,1,'2026-06-18 18:52:20','2026-06-24 19:04:52'),(3,1,'X(Twitter)','https://upload.wikimedia.org/wikipedia/commons/0/09/X_%28formerly_Twitter%29_logo_late_2025.svg','active',20,1,'2026-06-18 18:52:28','2026-06-18 19:53:00'),(4,1,'Pinterest','/images/social/pinterest.png','active',30,1,'2026-06-18 18:52:34','2026-06-24 19:04:52'),(5,1,'YouTube','https://cdn-icons-png.flaticon.com/512/1384/1384060.png','active',40,1,'2026-06-18 19:53:23','2026-06-18 19:53:23'),(6,1,'TikTok','/images/social/tiktok.png','active',50,1,'2026-06-18 19:55:00','2026-06-24 19:04:52'),(7,5,'Facebook','/images/social/facebook.svg','active',10,1,'2026-06-18 20:16:39','2026-06-24 19:04:51'),(8,5,'Instagram','/images/social/instagram.svg','active',20,1,'2026-06-18 20:16:39','2026-06-24 19:04:52'),(9,5,'X(Twitter)','/images/social/x.svg','active',30,1,'2026-06-18 20:16:39','2026-06-24 19:04:52'),(10,5,'Pinterest','/images/social/pinterest.png','active',40,1,'2026-06-18 20:16:39','2026-06-24 19:04:52'),(11,5,'YouTube','/images/social/youtube.svg','active',50,1,'2026-06-18 20:16:39','2026-06-24 19:04:52'),(12,5,'TikTok','/images/social/tiktok.png','active',60,1,'2026-06-18 20:16:39','2026-06-24 19:04:52'),(13,6,'Facebook','/images/social/facebook.svg','active',10,1,'2026-06-18 20:17:05','2026-06-24 19:04:51'),(14,6,'Instagram','/images/social/instagram.svg','active',20,1,'2026-06-18 20:17:05','2026-06-24 19:04:52'),(15,6,'X(Twitter)','/images/social/x.svg','active',30,1,'2026-06-18 20:17:05','2026-06-24 19:04:52'),(16,6,'Pinterest','/images/social/pinterest.png','active',40,1,'2026-06-18 20:17:05','2026-06-24 19:04:52'),(17,6,'YouTube','/images/social/youtube.svg','active',50,1,'2026-06-18 20:17:05','2026-06-24 19:04:52'),(18,6,'TikTok','/images/social/tiktok.png','active',60,1,'2026-06-18 20:17:05','2026-06-24 19:04:52'),(19,7,'Facebook','/images/social/facebook.svg','active',10,1,'2026-06-18 20:17:27','2026-06-24 19:04:51'),(20,7,'Instagram','/images/social/instagram.svg','active',20,1,'2026-06-18 20:17:27','2026-06-24 19:04:52'),(21,7,'X(Twitter)','/images/social/x.svg','active',30,1,'2026-06-18 20:17:27','2026-06-24 19:04:52'),(22,7,'Pinterest','/images/social/pinterest.png','active',40,1,'2026-06-18 20:17:27','2026-06-24 19:04:52'),(23,7,'YouTube','/images/social/youtube.svg','active',50,1,'2026-06-18 20:17:27','2026-06-24 19:04:52'),(24,7,'TikTok','/images/social/tiktok.png','active',60,1,'2026-06-18 20:17:27','2026-06-24 19:04:52'),(25,8,'Facebook','/images/social/facebook.svg','active',10,1,'2026-06-18 20:17:47','2026-06-24 19:04:51'),(26,8,'Instagram','/images/social/instagram.svg','active',20,1,'2026-06-18 20:17:47','2026-06-24 19:04:52'),(27,8,'X(Twitter)','/images/social/x.svg','active',30,1,'2026-06-18 20:17:47','2026-06-24 19:04:52'),(28,8,'Pinterest','/images/social/pinterest.png','active',40,1,'2026-06-18 20:17:47','2026-06-24 19:04:52'),(29,8,'YouTube','/images/social/youtube.svg','active',50,1,'2026-06-18 20:17:47','2026-06-24 19:04:52'),(30,8,'TikTok','/images/social/tiktok.png','active',60,1,'2026-06-18 20:17:47','2026-06-24 19:04:52'),(31,9,'Facebook','/images/social/facebook.svg','active',10,1,'2026-06-18 20:18:00','2026-06-24 19:04:51'),(32,9,'Instagram','/images/social/instagram.svg','active',20,1,'2026-06-18 20:18:00','2026-06-24 19:04:52'),(33,9,'X(Twitter)','/images/social/x.svg','active',30,1,'2026-06-18 20:18:00','2026-06-24 19:04:52'),(34,9,'Pinterest','/images/social/pinterest.png','active',40,1,'2026-06-18 20:18:00','2026-06-24 19:04:52'),(35,9,'YouTube','/images/social/youtube.svg','active',50,1,'2026-06-18 20:18:00','2026-06-24 19:04:52'),(36,9,'TikTok','/images/social/tiktok.png','active',60,1,'2026-06-18 20:18:00','2026-06-24 19:04:52'),(37,10,'Facebook','/images/social/facebook.svg','active',10,1,'2026-06-18 20:18:29','2026-06-24 19:04:51'),(38,10,'Instagram','/images/social/instagram.svg','active',20,1,'2026-06-18 20:18:29','2026-06-24 19:04:52'),(39,10,'X(Twitter)','/images/social/x.svg','active',30,1,'2026-06-18 20:18:29','2026-06-24 19:04:52'),(40,10,'Pinterest','/images/social/pinterest.png','active',40,1,'2026-06-18 20:18:29','2026-06-24 19:04:52'),(41,10,'YouTube','/images/social/youtube.svg','active',50,1,'2026-06-18 20:18:29','2026-06-24 19:04:52'),(42,10,'TikTok','/images/social/tiktok.png','active',60,1,'2026-06-18 20:18:29','2026-06-24 19:04:52');
/*!40000 ALTER TABLE `social_media_items` ENABLE KEYS */;
UNLOCK TABLES;

--
-- Table structure for table `social_media_posts`
--

DROP TABLE IF EXISTS `social_media_posts`;
/*!40101 SET @saved_cs_client     = @@character_set_client */;
/*!40101 SET character_set_client = utf8 */;
CREATE TABLE `social_media_posts` (
  `id` bigint(20) unsigned NOT NULL AUTO_INCREMENT,
  `social_media_class_id` bigint(20) unsigned NOT NULL,
  `social_media_item_id` bigint(20) unsigned NOT NULL,
  `user_id` bigint(20) unsigned NOT NULL,
  `post_date` date NOT NULL,
  `post_url` text DEFAULT NULL,
  `optional_text` varchar(255) DEFAULT NULL,
  `is_completed` tinyint(1) NOT NULL DEFAULT 0,
  `completed_at` timestamp NULL DEFAULT NULL,
  `is_checked` tinyint(1) NOT NULL DEFAULT 0,
  `checked_by` bigint(20) unsigned DEFAULT NULL,
  `checked_at` timestamp NULL DEFAULT NULL,
  `created_at` timestamp NULL DEFAULT NULL,
  `updated_at` timestamp NULL DEFAULT NULL,
  PRIMARY KEY (`id`),
  UNIQUE KEY `unique_social_post` (`social_media_class_id`,`social_media_item_id`,`user_id`,`post_date`),
  KEY `social_media_posts_social_media_item_id_foreign` (`social_media_item_id`),
  KEY `social_media_posts_user_id_foreign` (`user_id`),
  KEY `social_media_posts_checked_by_foreign` (`checked_by`),
  CONSTRAINT `social_media_posts_checked_by_foreign` FOREIGN KEY (`checked_by`) REFERENCES `users` (`id`) ON DELETE SET NULL,
  CONSTRAINT `social_media_posts_social_media_class_id_foreign` FOREIGN KEY (`social_media_class_id`) REFERENCES `social_media_classes` (`id`) ON DELETE CASCADE,
  CONSTRAINT `social_media_posts_social_media_item_id_foreign` FOREIGN KEY (`social_media_item_id`) REFERENCES `social_media_items` (`id`) ON DELETE CASCADE,
  CONSTRAINT `social_media_posts_user_id_foreign` FOREIGN KEY (`user_id`) REFERENCES `users` (`id`) ON DELETE CASCADE
) ENGINE=InnoDB AUTO_INCREMENT=4 DEFAULT CHARSET=utf8mb4 COLLATE=utf8mb4_unicode_ci;
/*!40101 SET character_set_client = @saved_cs_client */;

--
-- Dumping data for table `social_media_posts`
--

LOCK TABLES `social_media_posts` WRITE;
/*!40000 ALTER TABLE `social_media_posts` DISABLE KEYS */;
INSERT INTO `social_media_posts` VALUES (1,1,1,6,'2026-06-19','http://127.0.0.1:8000/social-media/class/1?date=2026-06-19',NULL,1,'2026-06-18 18:48:02',1,12,'2026-06-19 17:23:02','2026-06-18 18:48:02','2026-06-19 17:23:02'),(2,1,2,6,'2026-06-19','https://www.google.com/search?tbnid=ECoPEZRzZ_ntsM&tbnh=0&tbnw=0&',NULL,1,'2026-06-18 20:20:51',0,NULL,NULL,'2026-06-18 20:20:49','2026-06-21 17:46:37'),(3,1,1,6,'2026-06-18','http://127.0.0.1/Report-system/tasks','Grape',1,'2026-06-19 01:39:28',0,NULL,NULL,'2026-06-19 01:39:22','2026-06-19 01:39:48');
/*!40000 ALTER TABLE `social_media_posts` ENABLE KEYS */;
UNLOCK TABLES;

--
-- Table structure for table `trucking_companies`
--

DROP TABLE IF EXISTS `trucking_companies`;
/*!40101 SET @saved_cs_client     = @@character_set_client */;
/*!40101 SET character_set_client = utf8 */;
CREATE TABLE `trucking_companies` (
  `id` bigint(20) unsigned NOT NULL AUTO_INCREMENT,
  `company_name` varchar(255) NOT NULL,
  `pic_name` varchar(255) DEFAULT NULL,
  `phone` varchar(255) DEFAULT NULL,
  `email` varchar(255) DEFAULT NULL,
  `address` text DEFAULT NULL,
  `notes` text DEFAULT NULL,
  `handled_by` bigint(20) unsigned DEFAULT NULL,
  `is_active` tinyint(1) NOT NULL DEFAULT 1,
  `created_at` timestamp NULL DEFAULT NULL,
  `updated_at` timestamp NULL DEFAULT NULL,
  `deleted_at` timestamp NULL DEFAULT NULL,
  PRIMARY KEY (`id`),
  KEY `trucking_companies_handled_by_foreign` (`handled_by`),
  CONSTRAINT `trucking_companies_handled_by_foreign` FOREIGN KEY (`handled_by`) REFERENCES `users` (`id`) ON DELETE SET NULL
) ENGINE=InnoDB AUTO_INCREMENT=3 DEFAULT CHARSET=utf8mb4 COLLATE=utf8mb4_unicode_ci;
/*!40101 SET character_set_client = @saved_cs_client */;

--
-- Dumping data for table `trucking_companies`
--

LOCK TABLES `trucking_companies` WRITE;
/*!40000 ALTER TABLE `trucking_companies` DISABLE KEYS */;
INSERT INTO `trucking_companies` VALUES (1,'FastFreight Logistics','John Doe','123-456-7890','dispatch@fastfreight.com',NULL,NULL,NULL,1,'2026-06-30 11:02:24','2026-06-30 11:02:24',NULL),(2,'Reliable Transport','Jane Smith','098-765-4321','info@reliablet.com',NULL,NULL,NULL,1,'2026-06-30 11:02:24','2026-06-30 11:02:24',NULL);
/*!40000 ALTER TABLE `trucking_companies` ENABLE KEYS */;
UNLOCK TABLES;

--
-- Table structure for table `users`
--

DROP TABLE IF EXISTS `users`;
/*!40101 SET @saved_cs_client     = @@character_set_client */;
/*!40101 SET character_set_client = utf8 */;
CREATE TABLE `users` (
  `id` bigint(20) unsigned NOT NULL AUTO_INCREMENT,
  `name` varchar(255) NOT NULL,
  `username` varchar(255) DEFAULT NULL,
  `email` varchar(255) NOT NULL,
  `phone` varchar(20) DEFAULT NULL,
  `whatsapp` varchar(40) DEFAULT NULL,
  `avatar` text DEFAULT NULL,
  `dashboard_appearance` longtext CHARACTER SET utf8mb4 COLLATE utf8mb4_bin DEFAULT NULL CHECK (json_valid(`dashboard_appearance`)),
  `email_verified_at` timestamp NULL DEFAULT NULL,
  `password` varchar(255) NOT NULL,
  `is_active` tinyint(1) NOT NULL DEFAULT 1,
  `can_edit_profile` tinyint(1) NOT NULL DEFAULT 1,
  `two_factor_secret` varchar(255) DEFAULT NULL,
  `two_factor_enabled` tinyint(1) NOT NULL DEFAULT 0,
  `two_factor_confirmed_at` timestamp NULL DEFAULT NULL,
  `last_login_at` timestamp NULL DEFAULT NULL,
  `last_login_ip` varchar(45) DEFAULT NULL,
  `failed_login_count` smallint(5) unsigned NOT NULL DEFAULT 0,
  `locked_until` timestamp NULL DEFAULT NULL,
  `remember_token` varchar(100) DEFAULT NULL,
  `team_role` varchar(255) DEFAULT NULL,
  `crm_role` varchar(255) DEFAULT NULL,
  `created_at` timestamp NULL DEFAULT NULL,
  `updated_at` timestamp NULL DEFAULT NULL,
  `deleted_at` timestamp NULL DEFAULT NULL,
  `notification_sound` varchar(255) DEFAULT '01.mp3',
  PRIMARY KEY (`id`),
  UNIQUE KEY `users_email_unique` (`email`),
  UNIQUE KEY `users_username_unique` (`username`),
  KEY `users_email_index` (`email`),
  KEY `users_is_active_index` (`is_active`)
) ENGINE=InnoDB AUTO_INCREMENT=24 DEFAULT CHARSET=utf8mb4 COLLATE=utf8mb4_unicode_ci;
/*!40101 SET character_set_client = @saved_cs_client */;

--
-- Dumping data for table `users`
--

LOCK TABLES `users` WRITE;
/*!40000 ALTER TABLE `users` DISABLE KEYS */;
INSERT INTO `users` VALUES (1,'KiuQ.com',NULL,'superadmin@dgt.local',NULL,NULL,'avatars/TA2FEI4ZfLCK9VEWRC9a78tAwqDghwXNmgHMlmQX.webp',NULL,'2026-05-23 21:35:43','$2y$12$upnKAw2plKHP8GPY4fdOx.jJwbqyW2K6jrIaNFwvmWXzh0habX/nS',1,1,NULL,0,NULL,'2026-06-30 12:18:14','127.0.0.1',0,NULL,'qW1EHk0BpNC2PrdNkofz8h8MtLnLLkn74fI7yUCmwlFyVUt2At9ZWwUPreaS',NULL,NULL,'2026-05-23 21:35:43','2026-06-30 12:18:14',NULL,'whatsapp_pc.mp3'),(2,'Ms. Somalika (Supervisor)',NULL,'admin@digital',NULL,NULL,'avatars/VJ6GhNhwWaSj5Hecc0kHhqmGc47rlGv09ccVbZXL.webp',NULL,'2026-05-23 21:35:43','$2y$12$rdLs7BBaUapHG.XVPEQgqepqHmb1B9jNnFSHX8fADauYlxOiwaSBa',1,1,NULL,0,NULL,'2026-06-29 23:25:46','127.0.0.1',0,NULL,'p82gDCu46q7zGzqWhsrJmrwkAqdC08GJVYPRwJb474QPcdelDJTpVDbbNI62','Supervisor',NULL,'2026-05-23 21:35:43','2026-06-29 23:25:46',NULL,'01.mp3'),(3,'Mr. Dara',NULL,'sopordara@kiuq.com',NULL,NULL,'avatars/NmlD3I3Qyruct6S7A4uf1eHTS6Xh17z4U0Zpv9m8.webp',NULL,NULL,'$2y$12$NWiufa2x7PVNDOh6MYpxRO5tO7UTjEtbp79PPALijkQSUbT5Likhm',1,0,NULL,0,NULL,'2026-06-05 09:31:41','127.0.0.1',0,NULL,'nWzpsEwB4LULPLqNjdOg4mhdxMfhZP0W79zX7sVWKDy3G11Xmm4xsqtoDCdS',NULL,NULL,'2026-05-25 11:45:32','2026-06-05 17:18:33','2026-06-05 17:18:33','01.mp3'),(4,'Mr. Raksa',NULL,'admin@crm',NULL,NULL,NULL,NULL,NULL,'$2y$12$dFFCwNvJQWv/KMIz3W27.eoAXgGYvZUXae1IJZqT2q9nW/ab4QjT2',1,0,NULL,0,NULL,'2026-06-23 20:19:05','127.0.0.1',0,NULL,NULL,NULL,NULL,'2026-05-28 00:20:27','2026-06-30 01:15:56',NULL,'01.mp3'),(5,'Deniss Tan','deniss','Deniss@CEO.kiuq',NULL,NULL,'avatars/NwVTrfd68sbqqQHvqLLnRIWQqlWZfKy22njpy646.webp',NULL,NULL,'$2y$12$qj/M0VfsPIptIEEBMSTjleKsmy8yu3MxIbMXbytvrAwW2vwb.UGJK',1,0,NULL,0,NULL,'2026-06-26 20:20:20','127.0.0.1',0,NULL,'tZlo6bzcgCgytnOyvlMqS3F7PsOCrnwanXuaJSzbjqpulEaVQhBq7iwYZQ82',NULL,NULL,'2026-05-28 00:21:24','2026-06-26 20:20:20',NULL,'01.mp3'),(6,'Ms. Vouchky','ky','vouchky@digital.kiuq',NULL,NULL,'avatars/SBYR7y4gMwpKVjgjOf0hl7zRRS0YMGkr4kbmHg2x.jpg',NULL,NULL,'$2y$12$0GJuDepodLMKChO4KXTiluWeRjDwWt9nvbVZjjjxH0BeZ.qgdbGbG',1,0,NULL,0,NULL,'2026-06-28 20:57:10','127.0.0.1',0,NULL,'j62fKH2ahTYjBgfEUUIXzbPpWt3fGnZ7dtErgBt543NzAZuTf5FHV68u3aFN',NULL,NULL,'2026-05-28 00:57:40','2026-06-30 01:15:56',NULL,'whatsapp_pc.mp3'),(7,'Mr. Mengly',NULL,'mengly@crm.kiuq',NULL,NULL,'avatars/ZHkuAPz8hvrKEcaPNkrgamY18muMuIvOSZA0fAyc.jpg',NULL,NULL,'$2y$12$4yETeXtoVlzuqrejPwd6TeGLMHEc8Ytdp2LHDsyb05O3CN4M/qFLu',1,0,NULL,0,NULL,'2026-06-04 13:35:30','127.0.0.1',0,NULL,NULL,NULL,NULL,'2026-05-28 01:01:06','2026-06-30 01:15:56',NULL,'01.mp3'),(8,'Supervisor',NULL,'supervisor@kiuq',NULL,NULL,NULL,NULL,NULL,'$2y$12$WapvKeALD2.w6HP47BDG6.DF71g2pSFURxqHe0zN9bhVpf6fQsyGy',1,1,NULL,0,NULL,'2026-05-28 01:38:16','127.0.0.1',0,NULL,NULL,NULL,NULL,'2026-05-28 01:02:18','2026-05-28 10:53:43','2026-05-28 10:53:43','01.mp3'),(9,'Mr. Chhay (Head)','chhay','chhay@digital.kiuq',NULL,NULL,'avatars/6a38edcb282e7.jpg',NULL,NULL,'$2y$12$KG/lR2wte6pxNOziCJkyFeLpRwARJcVk05.6OOjZljr1JjUpFhZdm',1,0,NULL,0,NULL,'2026-06-26 08:32:34','127.0.0.1',0,NULL,'6L1Ig2eGqKoL781YoQJuYi8VYteSIaD6vnw7xDXg7q5lXSLS1UHEZ2FWLBgQ','Listing Head',NULL,'2026-05-28 21:52:29','2026-06-30 01:15:56',NULL,'01.mp3'),(10,'Mr. Samnang','nang','samnang@digital.kiuq',NULL,NULL,'avatars/6a27d6fba0b97.jpg',NULL,NULL,'$2y$12$saTmaVQPU7XpvUPx0Bz4QOppYOhKvDVqI1aDFtvbHtU71meScolv.',1,0,NULL,0,NULL,'2026-06-29 06:56:58','127.0.0.1',0,NULL,NULL,NULL,NULL,'2026-05-29 11:43:32','2026-06-30 01:15:56',NULL,'01.mp3'),(11,'Phanith',NULL,'phanith@kiuq.com',NULL,NULL,NULL,NULL,NULL,'$2y$12$W9UThQ01Tw2VuEGeAV.6JeBBnai8ebKrs0vmheJ9fD8FuEZvLmZoG',1,0,NULL,0,NULL,'2026-06-02 11:44:10','192.168.18.63',0,NULL,NULL,NULL,NULL,'2026-06-02 11:04:28','2026-06-30 01:15:56',NULL,'01.mp3'),(12,'Mr. Dara (QC)','dara','soporadara@kiuq.com','+855766662986','+855883175615','avatars/6a2b6120b431a.jpg',NULL,NULL,'$2y$12$APzhtqJWlFa07FgR0uRmMesIW1BcA7wpivb6Jz34/oXkxUWbLGvze',1,1,NULL,0,NULL,'2026-06-29 23:25:32','127.0.0.1',0,NULL,NULL,'QC',NULL,'2026-06-05 08:39:37','2026-06-29 23:25:32',NULL,'01.mp3'),(13,'Mr. KimOun (Head)','kim','kim@kiuq.com',NULL,NULL,'avatars/6a262e7045a69.jpg',NULL,NULL,'$2y$12$rf1Hxi1WqKvjtmOHWeec1uUCriRSbHTzCCMvVBn2HMJ1yODWB/Cui',1,0,NULL,0,NULL,'2026-06-22 01:56:11','127.0.0.1',0,NULL,NULL,'Graphic Head',NULL,'2026-06-05 17:20:49','2026-06-30 01:15:56',NULL,'01.mp3'),(14,'Sarak Ngin','sarak','sarak@kiuq.com',NULL,NULL,'avatars/6a262f68a9156.jpg',NULL,NULL,'$2y$12$qBCNHZYrp29k5HU7YcbvYOzYyHiJRzx7LHxMPvPz0W8Cr7ZTnHF72',1,0,NULL,0,NULL,'2026-06-06 06:47:42','127.0.0.1',0,NULL,NULL,'Video Head',NULL,'2026-06-05 17:22:03','2026-06-30 01:15:56',NULL,'01.mp3'),(15,'Mr. Pich','pich','pich@kiuq.com',NULL,NULL,NULL,NULL,NULL,'$2y$12$Nh0XVlrZBpFsWwLe8aq/aO149l2Sd4zKyVix7hLaLxdW6VdqENaR6',1,0,NULL,0,NULL,NULL,NULL,0,NULL,NULL,NULL,NULL,'2026-06-05 20:18:41','2026-06-30 01:15:56',NULL,'01.mp3'),(16,'Ms. Sor','sor','sor@kiuq.com',NULL,NULL,NULL,NULL,NULL,'$2y$12$L0tHjj6QKU5xbizLEL0HkunMX/0kVPeJ4qRBObX8W9h1V6X9OwAKa',1,0,NULL,0,NULL,NULL,NULL,0,NULL,NULL,NULL,NULL,'2026-06-05 20:19:52','2026-06-30 01:15:56',NULL,'01.mp3'),(17,'Mr. Hour','hour','hour@kiuq.com',NULL,NULL,'avatars/6a262eeeb7388.jpg',NULL,NULL,'$2y$12$rcaq97/Z4k10LeEabHltA.XBDN3qQ1ijczld0FFTrMqvzM1vUYE1i',1,0,NULL,0,NULL,NULL,NULL,0,NULL,NULL,NULL,NULL,'2026-06-05 20:20:27','2026-06-30 01:15:56',NULL,'01.mp3'),(18,'Mr. Sour','sour','sour@kiuq.com',NULL,NULL,'avatars/6a262ffa92a86.jpg',NULL,NULL,'$2y$12$iUKyE.MpyYHGrmdQqJW9DuOuXg9Sw/1d..BPH2FMI1kharVb6hQkS',1,0,NULL,0,NULL,NULL,NULL,0,NULL,NULL,NULL,NULL,'2026-06-05 20:20:59','2026-06-30 01:15:56',NULL,'01.mp3'),(19,'Ms. SokHeang',NULL,'heang@kiuq.com',NULL,NULL,NULL,NULL,NULL,'$2y$12$72Qa2sIQb5Qf1KVYLPdbKOhAvUw83qd2SF67.6FY4eLG93dmqwfs.',1,0,NULL,0,NULL,NULL,NULL,0,NULL,NULL,NULL,NULL,'2026-06-05 20:21:29','2026-06-30 01:15:56',NULL,'01.mp3'),(20,'Ms. Nalin','Nalin','nalin@kiuq.com',NULL,NULL,'avatars/6a26302575c45.jpg',NULL,NULL,'$2y$12$knf67Rvfb.rc8jWHeFD5CO3wh5OpVX6eDPZooG/ev5Iciel5bn20C',1,0,NULL,0,NULL,NULL,NULL,0,NULL,NULL,NULL,NULL,'2026-06-05 20:22:01','2026-06-30 01:15:56',NULL,'01.mp3'),(21,'Ms. Lin','lin','lin@kiuq.com',NULL,NULL,'avatars/6a262fd9433d0.jpg',NULL,NULL,'$2y$12$Gqr9wN7JQSXIfdbsEytV/e3SW/ycSHZNC4jDv5mCz43e2FifM1Dpa',1,0,NULL,0,NULL,NULL,NULL,0,NULL,NULL,NULL,NULL,'2026-06-05 20:22:40','2026-06-30 01:15:56',NULL,'01.mp3'),(22,'Ms. Lyza',NULL,'lyza@kiuq.com',NULL,NULL,NULL,NULL,NULL,'$2y$12$Y05p0bhu9TcQDnccxxWiX.tBZJSXXCjnqz..NmElKAnW5O3LZ5pPi',1,0,NULL,0,NULL,NULL,NULL,0,NULL,NULL,NULL,NULL,'2026-06-05 20:36:21','2026-06-30 01:15:56',NULL,'01.mp3'),(23,'Ms. Sreypich','sreypich','sreypich@kiuq.com',NULL,NULL,NULL,NULL,NULL,'$2y$12$QX4yJMN0WURze8rJtW4s3.HmKHJwZYit2AXz7FAlEypncHbPmvFHq',1,0,NULL,0,NULL,NULL,NULL,0,NULL,NULL,NULL,NULL,'2026-06-05 20:36:56','2026-06-30 01:15:56',NULL,'01.mp3');
/*!40000 ALTER TABLE `users` ENABLE KEYS */;
UNLOCK TABLES;

--
-- Table structure for table `website_follow_ups`
--

DROP TABLE IF EXISTS `website_follow_ups`;
/*!40101 SET @saved_cs_client     = @@character_set_client */;
/*!40101 SET character_set_client = utf8 */;
CREATE TABLE `website_follow_ups` (
  `id` bigint(20) unsigned NOT NULL AUTO_INCREMENT,
  `website_id` bigint(20) unsigned NOT NULL,
  `type` varchar(255) NOT NULL DEFAULT 'website_page',
  `title` varchar(255) DEFAULT NULL,
  `url` varchar(1000) DEFAULT NULL,
  `google_indexed` varchar(255) NOT NULL DEFAULT 'pending',
  `note` text DEFAULT NULL,
  `assigned_to` bigint(20) unsigned DEFAULT NULL,
  `qc_status` varchar(255) NOT NULL DEFAULT 'pending',
  `qc_checked_by` bigint(20) unsigned DEFAULT NULL,
  `qc_checked_at` timestamp NULL DEFAULT NULL,
  `created_by` bigint(20) unsigned DEFAULT NULL,
  `created_at` timestamp NULL DEFAULT NULL,
  `updated_at` timestamp NULL DEFAULT NULL,
  PRIMARY KEY (`id`),
  KEY `website_follow_ups_website_id_foreign` (`website_id`),
  KEY `website_follow_ups_assigned_to_foreign` (`assigned_to`),
  KEY `website_follow_ups_qc_checked_by_foreign` (`qc_checked_by`),
  KEY `website_follow_ups_created_by_foreign` (`created_by`),
  CONSTRAINT `website_follow_ups_assigned_to_foreign` FOREIGN KEY (`assigned_to`) REFERENCES `users` (`id`) ON DELETE SET NULL,
  CONSTRAINT `website_follow_ups_created_by_foreign` FOREIGN KEY (`created_by`) REFERENCES `users` (`id`) ON DELETE SET NULL,
  CONSTRAINT `website_follow_ups_qc_checked_by_foreign` FOREIGN KEY (`qc_checked_by`) REFERENCES `users` (`id`) ON DELETE SET NULL,
  CONSTRAINT `website_follow_ups_website_id_foreign` FOREIGN KEY (`website_id`) REFERENCES `websites` (`id`) ON DELETE CASCADE
) ENGINE=InnoDB DEFAULT CHARSET=utf8mb4 COLLATE=utf8mb4_unicode_ci;
/*!40101 SET character_set_client = @saved_cs_client */;

--
-- Dumping data for table `website_follow_ups`
--

LOCK TABLES `website_follow_ups` WRITE;
/*!40000 ALTER TABLE `website_follow_ups` DISABLE KEYS */;
/*!40000 ALTER TABLE `website_follow_ups` ENABLE KEYS */;
UNLOCK TABLES;

--
-- Table structure for table `website_maintenance_logs`
--

DROP TABLE IF EXISTS `website_maintenance_logs`;
/*!40101 SET @saved_cs_client     = @@character_set_client */;
/*!40101 SET character_set_client = utf8 */;
CREATE TABLE `website_maintenance_logs` (
  `id` bigint(20) unsigned NOT NULL AUTO_INCREMENT,
  `website_id` bigint(20) unsigned NOT NULL,
  `user_id` bigint(20) unsigned DEFAULT NULL,
  `action` varchar(100) NOT NULL,
  `note` text DEFAULT NULL,
  `old_status` varchar(50) DEFAULT NULL,
  `new_status` varchar(50) DEFAULT NULL,
  `old_progress` tinyint(3) unsigned DEFAULT NULL,
  `new_progress` tinyint(3) unsigned DEFAULT NULL,
  `created_at` timestamp NULL DEFAULT NULL,
  `updated_at` timestamp NULL DEFAULT NULL,
  PRIMARY KEY (`id`),
  KEY `website_maintenance_logs_website_id_foreign` (`website_id`),
  KEY `website_maintenance_logs_user_id_foreign` (`user_id`),
  CONSTRAINT `website_maintenance_logs_user_id_foreign` FOREIGN KEY (`user_id`) REFERENCES `users` (`id`) ON DELETE SET NULL,
  CONSTRAINT `website_maintenance_logs_website_id_foreign` FOREIGN KEY (`website_id`) REFERENCES `websites` (`id`) ON DELETE CASCADE
) ENGINE=InnoDB AUTO_INCREMENT=6 DEFAULT CHARSET=utf8mb4 COLLATE=utf8mb4_unicode_ci;
/*!40101 SET character_set_client = @saved_cs_client */;

--
-- Dumping data for table `website_maintenance_logs`
--

LOCK TABLES `website_maintenance_logs` WRITE;
/*!40000 ALTER TABLE `website_maintenance_logs` DISABLE KEYS */;
INSERT INTO `website_maintenance_logs` VALUES (1,1,1,'created','Website project created.',NULL,'Build Website',NULL,0,'2026-06-30 16:04:47','2026-06-30 16:04:47'),(2,1,1,'progress_updated','Build progress updated to 10%: Build Progress Started','Build Website','Build Progress',0,10,'2026-06-30 16:05:02','2026-06-30 16:05:02'),(3,1,1,'progress_updated','Build progress updated to 100%: dfgdgds','Build Progress','QC Checking',10,100,'2026-06-30 16:05:07','2026-06-30 16:05:07'),(4,1,1,'qc_approved','QC approved. Pending Supervisor approval.','QC Checking','Supervisor Checking',100,100,'2026-06-30 16:05:09','2026-06-30 16:05:09'),(5,1,1,'supervisor_approved','Supervisor approved. Website is now LIVE.','Supervisor Checking','Live',100,100,'2026-06-30 16:05:11','2026-06-30 16:05:11');
/*!40000 ALTER TABLE `website_maintenance_logs` ENABLE KEYS */;
UNLOCK TABLES;

--
-- Table structure for table `website_members`
--

DROP TABLE IF EXISTS `website_members`;
/*!40101 SET @saved_cs_client     = @@character_set_client */;
/*!40101 SET character_set_client = utf8 */;
CREATE TABLE `website_members` (
  `id` bigint(20) unsigned NOT NULL AUTO_INCREMENT,
  `user_id` bigint(20) unsigned NOT NULL,
  `role` varchar(255) NOT NULL DEFAULT 'Developer',
  `created_at` timestamp NULL DEFAULT NULL,
  `updated_at` timestamp NULL DEFAULT NULL,
  PRIMARY KEY (`id`),
  UNIQUE KEY `website_members_user_id_unique` (`user_id`),
  CONSTRAINT `website_members_user_id_foreign` FOREIGN KEY (`user_id`) REFERENCES `users` (`id`) ON DELETE CASCADE
) ENGINE=InnoDB AUTO_INCREMENT=8 DEFAULT CHARSET=utf8mb4 COLLATE=utf8mb4_unicode_ci;
/*!40101 SET character_set_client = @saved_cs_client */;

--
-- Dumping data for table `website_members`
--

LOCK TABLES `website_members` WRITE;
/*!40000 ALTER TABLE `website_members` DISABLE KEYS */;
INSERT INTO `website_members` VALUES (1,12,'QC','2026-06-30 15:41:40','2026-06-30 15:41:46'),(2,10,'Developer','2026-06-30 15:41:40','2026-06-30 15:41:40'),(3,18,'Developer','2026-06-30 15:41:40','2026-06-30 15:41:40'),(4,21,'Developer','2026-06-30 15:41:40','2026-06-30 15:41:40'),(5,19,'Developer','2026-06-30 15:41:40','2026-06-30 15:41:40'),(6,16,'Developer','2026-06-30 15:41:40','2026-06-30 15:41:40'),(7,5,'Viewer','2026-06-30 15:41:51','2026-06-30 15:41:51');
/*!40000 ALTER TABLE `website_members` ENABLE KEYS */;
UNLOCK TABLES;

--
-- Table structure for table `website_progress_logs`
--

DROP TABLE IF EXISTS `website_progress_logs`;
/*!40101 SET @saved_cs_client     = @@character_set_client */;
/*!40101 SET character_set_client = utf8 */;
CREATE TABLE `website_progress_logs` (
  `id` bigint(20) unsigned NOT NULL AUTO_INCREMENT,
  `website_id` bigint(20) unsigned NOT NULL,
  `type` varchar(255) NOT NULL DEFAULT 'build',
  `user_id` bigint(20) unsigned DEFAULT NULL,
  `percent` tinyint(3) unsigned NOT NULL,
  `note` text DEFAULT NULL,
  `created_at` timestamp NOT NULL DEFAULT current_timestamp(),
  PRIMARY KEY (`id`),
  KEY `website_progress_logs_website_id_foreign` (`website_id`),
  KEY `website_progress_logs_user_id_foreign` (`user_id`),
  CONSTRAINT `website_progress_logs_user_id_foreign` FOREIGN KEY (`user_id`) REFERENCES `users` (`id`) ON DELETE SET NULL,
  CONSTRAINT `website_progress_logs_website_id_foreign` FOREIGN KEY (`website_id`) REFERENCES `websites` (`id`) ON DELETE CASCADE
) ENGINE=InnoDB AUTO_INCREMENT=5 DEFAULT CHARSET=utf8mb4 COLLATE=utf8mb4_unicode_ci;
/*!40101 SET character_set_client = @saved_cs_client */;

--
-- Dumping data for table `website_progress_logs`
--

LOCK TABLES `website_progress_logs` WRITE;
/*!40000 ALTER TABLE `website_progress_logs` DISABLE KEYS */;
INSERT INTO `website_progress_logs` VALUES (1,1,'build',1,10,'Build Progress Started','2026-06-30 16:05:02'),(2,1,'build',1,100,'dfgdgds','2026-06-30 16:05:07'),(3,1,'build',1,100,'QC Approved. Pending Supervisor approval.','2026-06-30 16:05:09'),(4,1,'build',1,100,'Supervisor Approved. Website is now LIVE.','2026-06-30 16:05:11');
/*!40000 ALTER TABLE `website_progress_logs` ENABLE KEYS */;
UNLOCK TABLES;

--
-- Table structure for table `website_qc_checks`
--

DROP TABLE IF EXISTS `website_qc_checks`;
/*!40101 SET @saved_cs_client     = @@character_set_client */;
/*!40101 SET character_set_client = utf8 */;
CREATE TABLE `website_qc_checks` (
  `id` bigint(20) unsigned NOT NULL AUTO_INCREMENT,
  `website_id` bigint(20) unsigned NOT NULL,
  `checklist_key` varchar(100) NOT NULL,
  `checklist_label` varchar(200) NOT NULL,
  `is_checked` tinyint(1) NOT NULL DEFAULT 0,
  `checked_by` bigint(20) unsigned DEFAULT NULL,
  `checked_at` timestamp NULL DEFAULT NULL,
  `created_at` timestamp NULL DEFAULT NULL,
  `updated_at` timestamp NULL DEFAULT NULL,
  PRIMARY KEY (`id`),
  UNIQUE KEY `website_qc_checks_website_id_checklist_key_unique` (`website_id`,`checklist_key`),
  KEY `website_qc_checks_checked_by_foreign` (`checked_by`),
  CONSTRAINT `website_qc_checks_checked_by_foreign` FOREIGN KEY (`checked_by`) REFERENCES `users` (`id`) ON DELETE SET NULL,
  CONSTRAINT `website_qc_checks_website_id_foreign` FOREIGN KEY (`website_id`) REFERENCES `websites` (`id`) ON DELETE CASCADE
) ENGINE=InnoDB DEFAULT CHARSET=utf8mb4 COLLATE=utf8mb4_unicode_ci;
/*!40101 SET character_set_client = @saved_cs_client */;

--
-- Dumping data for table `website_qc_checks`
--

LOCK TABLES `website_qc_checks` WRITE;
/*!40000 ALTER TABLE `website_qc_checks` DISABLE KEYS */;
/*!40000 ALTER TABLE `website_qc_checks` ENABLE KEYS */;
UNLOCK TABLES;

--
-- Table structure for table `websites`
--

DROP TABLE IF EXISTS `websites`;
/*!40101 SET @saved_cs_client     = @@character_set_client */;
/*!40101 SET character_set_client = utf8 */;
CREATE TABLE `websites` (
  `id` bigint(20) unsigned NOT NULL AUTO_INCREMENT,
  `name` varchar(255) NOT NULL,
  `url` varchar(255) NOT NULL,
  `category` varchar(255) DEFAULT NULL,
  `logo_path` varchar(255) DEFAULT NULL,
  `handled_by` bigint(20) unsigned DEFAULT NULL,
  `start_date` date DEFAULT NULL,
  `deadline` date DEFAULT NULL,
  `completed_at` timestamp NULL DEFAULT NULL,
  `live_at` timestamp NULL DEFAULT NULL,
  `status` varchar(50) NOT NULL DEFAULT 'Draft',
  `progress_percent` tinyint(3) unsigned NOT NULL DEFAULT 0,
  `maintenance_percent` int(11) NOT NULL DEFAULT 0,
  `notes` text DEFAULT NULL,
  `error_note` text DEFAULT NULL,
  `error_link` varchar(1000) DEFAULT NULL,
  `error_flagged_at` timestamp NULL DEFAULT NULL,
  `created_by` bigint(20) unsigned DEFAULT NULL,
  `updated_by` bigint(20) unsigned DEFAULT NULL,
  `is_archived` tinyint(1) NOT NULL DEFAULT 0,
  `created_at` timestamp NULL DEFAULT NULL,
  `updated_at` timestamp NULL DEFAULT NULL,
  `deleted_at` timestamp NULL DEFAULT NULL,
  `qc_approved_by` bigint(20) unsigned DEFAULT NULL,
  `qc_approved_at` timestamp NULL DEFAULT NULL,
  `maintenance_started_at` timestamp NULL DEFAULT NULL,
  `maintenance_completed_at` timestamp NULL DEFAULT NULL,
  `error_flagged_by` bigint(20) unsigned DEFAULT NULL,
  `error_progress_percent` int(11) NOT NULL DEFAULT 0,
  PRIMARY KEY (`id`),
  KEY `websites_handled_by_foreign` (`handled_by`),
  KEY `websites_created_by_foreign` (`created_by`),
  KEY `websites_updated_by_foreign` (`updated_by`),
  KEY `websites_qc_approved_by_foreign` (`qc_approved_by`),
  KEY `websites_error_flagged_by_foreign` (`error_flagged_by`),
  CONSTRAINT `websites_created_by_foreign` FOREIGN KEY (`created_by`) REFERENCES `users` (`id`) ON DELETE SET NULL,
  CONSTRAINT `websites_error_flagged_by_foreign` FOREIGN KEY (`error_flagged_by`) REFERENCES `users` (`id`) ON DELETE SET NULL,
  CONSTRAINT `websites_handled_by_foreign` FOREIGN KEY (`handled_by`) REFERENCES `users` (`id`) ON DELETE SET NULL,
  CONSTRAINT `websites_qc_approved_by_foreign` FOREIGN KEY (`qc_approved_by`) REFERENCES `users` (`id`) ON DELETE SET NULL,
  CONSTRAINT `websites_updated_by_foreign` FOREIGN KEY (`updated_by`) REFERENCES `users` (`id`) ON DELETE SET NULL
) ENGINE=InnoDB AUTO_INCREMENT=2 DEFAULT CHARSET=utf8mb4 COLLATE=utf8mb4_unicode_ci;
/*!40101 SET character_set_client = @saved_cs_client */;

--
-- Dumping data for table `websites`
--

LOCK TABLES `websites` WRITE;
/*!40000 ALTER TABLE `websites` DISABLE KEYS */;
INSERT INTO `websites` VALUES (1,'Konstructz','https://skidsteer2u.com','2nd class',NULL,10,'2026-04-26','2026-06-30','2026-06-30 16:05:07','2026-06-30 16:05:11','Live',100,0,NULL,NULL,NULL,NULL,1,1,0,'2026-06-30 16:04:47','2026-06-30 16:05:11',NULL,1,'2026-06-30 16:05:09',NULL,NULL,NULL,0);
/*!40000 ALTER TABLE `websites` ENABLE KEYS */;
UNLOCK TABLES;

--
-- Table structure for table `workspace_members`
--

DROP TABLE IF EXISTS `workspace_members`;
/*!40101 SET @saved_cs_client     = @@character_set_client */;
/*!40101 SET character_set_client = utf8 */;
CREATE TABLE `workspace_members` (
  `id` bigint(20) unsigned NOT NULL AUTO_INCREMENT,
  `workspace_id` bigint(20) unsigned NOT NULL,
  `user_id` bigint(20) unsigned NOT NULL,
  `role` enum('owner','admin','member','guest') NOT NULL DEFAULT 'member',
  `joined_at` timestamp NULL DEFAULT NULL,
  `created_at` timestamp NULL DEFAULT NULL,
  `updated_at` timestamp NULL DEFAULT NULL,
  PRIMARY KEY (`id`),
  UNIQUE KEY `workspace_members_workspace_id_user_id_unique` (`workspace_id`,`user_id`),
  KEY `workspace_members_workspace_id_index` (`workspace_id`),
  KEY `workspace_members_user_id_index` (`user_id`),
  CONSTRAINT `workspace_members_user_id_foreign` FOREIGN KEY (`user_id`) REFERENCES `users` (`id`) ON DELETE CASCADE,
  CONSTRAINT `workspace_members_workspace_id_foreign` FOREIGN KEY (`workspace_id`) REFERENCES `workspaces` (`id`) ON DELETE CASCADE
) ENGINE=InnoDB AUTO_INCREMENT=32 DEFAULT CHARSET=utf8mb4 COLLATE=utf8mb4_unicode_ci;
/*!40101 SET character_set_client = @saved_cs_client */;

--
-- Dumping data for table `workspace_members`
--

LOCK TABLES `workspace_members` WRITE;
/*!40000 ALTER TABLE `workspace_members` DISABLE KEYS */;
INSERT INTO `workspace_members` VALUES (1,1,2,'member',NULL,'2026-05-28 14:15:52','2026-05-28 14:15:52'),(2,1,9,'member',NULL,'2026-05-29 00:56:12','2026-05-29 00:56:12'),(3,1,10,'member',NULL,'2026-05-29 16:42:14','2026-05-29 16:42:14'),(4,6,2,'member',NULL,'2026-06-05 19:29:35','2026-06-05 19:29:35'),(5,6,5,'member',NULL,'2026-06-05 19:29:35','2026-06-05 19:29:35'),(6,6,6,'member',NULL,'2026-06-05 19:29:35','2026-06-05 19:29:35'),(7,6,9,'member',NULL,'2026-06-05 19:29:35','2026-06-05 19:29:35'),(8,6,10,'member',NULL,'2026-06-05 19:29:35','2026-06-05 19:29:35'),(9,5,2,'member',NULL,'2026-06-05 20:24:55','2026-06-05 20:24:55'),(10,5,5,'member',NULL,'2026-06-05 20:24:55','2026-06-05 20:24:55'),(11,5,6,'member',NULL,'2026-06-05 20:24:55','2026-06-05 20:24:55'),(12,5,12,'member',NULL,'2026-06-05 20:24:55','2026-06-05 20:24:55'),(13,5,13,'member',NULL,'2026-06-05 20:24:55','2026-06-05 20:24:55'),(14,5,15,'member',NULL,'2026-06-05 20:24:55','2026-06-05 20:24:55'),(15,5,16,'member',NULL,'2026-06-05 20:24:55','2026-06-05 20:24:55'),(16,7,2,'member',NULL,'2026-06-05 20:28:55','2026-06-05 20:28:55'),(17,7,6,'member',NULL,'2026-06-05 20:28:55','2026-06-05 20:28:55'),(18,7,12,'member',NULL,'2026-06-05 20:28:55','2026-06-05 20:28:55'),(19,7,13,'member',NULL,'2026-06-05 20:28:55','2026-06-05 20:28:55'),(20,7,15,'member',NULL,'2026-06-05 20:28:55','2026-06-05 20:28:55'),(21,7,16,'member',NULL,'2026-06-05 20:28:55','2026-06-05 20:28:55'),(22,7,5,'member',NULL,'2026-06-05 20:29:08','2026-06-05 20:29:08'),(23,7,22,'member',NULL,'2026-06-05 21:02:02','2026-06-05 21:02:02'),(24,7,23,'member',NULL,'2026-06-05 21:02:02','2026-06-05 21:02:02'),(25,8,2,'member',NULL,'2026-06-23 23:31:41','2026-06-23 23:31:41'),(26,8,5,'member',NULL,'2026-06-23 23:31:41','2026-06-23 23:31:41'),(27,8,6,'member',NULL,'2026-06-23 23:31:41','2026-06-23 23:31:41'),(28,8,12,'member',NULL,'2026-06-23 23:31:41','2026-06-23 23:31:41'),(29,8,13,'member',NULL,'2026-06-23 23:31:41','2026-06-23 23:31:41'),(30,8,15,'member',NULL,'2026-06-23 23:31:41','2026-06-23 23:31:41'),(31,8,16,'member',NULL,'2026-06-23 23:31:41','2026-06-23 23:31:41');
/*!40000 ALTER TABLE `workspace_members` ENABLE KEYS */;
UNLOCK TABLES;

--
-- Table structure for table `workspaces`
--

DROP TABLE IF EXISTS `workspaces`;
/*!40101 SET @saved_cs_client     = @@character_set_client */;
/*!40101 SET character_set_client = utf8 */;
CREATE TABLE `workspaces` (
  `id` bigint(20) unsigned NOT NULL AUTO_INCREMENT,
  `name` varchar(255) NOT NULL,
  `slug` varchar(255) NOT NULL,
  `description` text DEFAULT NULL,
  `logo` varchar(255) DEFAULT NULL,
  `color` varchar(7) NOT NULL DEFAULT '#6366f1',
  `icon_text` varchar(5) DEFAULT NULL,
  `visibility` enum('private','team','public') NOT NULL DEFAULT 'team',
  `owner_id` bigint(20) unsigned NOT NULL,
  `is_active` tinyint(1) NOT NULL DEFAULT 1,
  `position` int(11) NOT NULL DEFAULT 0,
  `created_at` timestamp NULL DEFAULT NULL,
  `updated_at` timestamp NULL DEFAULT NULL,
  `deleted_at` timestamp NULL DEFAULT NULL,
  PRIMARY KEY (`id`),
  UNIQUE KEY `workspaces_slug_unique` (`slug`),
  KEY `workspaces_slug_index` (`slug`),
  KEY `workspaces_owner_id_index` (`owner_id`),
  KEY `workspaces_visibility_index` (`visibility`),
  CONSTRAINT `workspaces_owner_id_foreign` FOREIGN KEY (`owner_id`) REFERENCES `users` (`id`) ON DELETE CASCADE
) ENGINE=InnoDB AUTO_INCREMENT=9 DEFAULT CHARSET=utf8mb4 COLLATE=utf8mb4_unicode_ci;
/*!40101 SET character_set_client = @saved_cs_client */;

--
-- Dumping data for table `workspaces`
--

LOCK TABLES `workspaces` WRITE;
/*!40000 ALTER TABLE `workspaces` DISABLE KEYS */;
INSERT INTO `workspaces` VALUES (1,'GraphicTeam@KiuQ','infographic-kiuq','Content, design, video production and web projects.',NULL,'#6366f1',NULL,'team',1,1,1,'2026-05-25 12:48:07','2026-06-24 00:13:31',NULL),(5,'Listing-ContenWriter-Team@KiuQ','listing-at-kiuq-gvMP',NULL,NULL,'#6de1f8','L','team',1,1,4,'2026-06-04 11:47:25','2026-06-24 00:14:22',NULL),(6,'VideoTeam@KiuQ','video-team-JtOx',NULL,NULL,'#1a9801','V','team',1,1,2,'2026-06-04 13:02:09','2026-06-24 00:14:19',NULL),(7,'ContentWriterTeam@kiuQ','contentwriterteam-at-kiuq-FMwX',NULL,NULL,'#db7f29','C','team',1,1,0,'2026-06-05 20:28:40','2026-06-23 23:52:02','2026-06-23 23:52:02'),(8,'QC/Technical@kiuQ','qctechnical-at-kiuq-cOF7',NULL,NULL,'#ff674d','Q','team',1,1,3,'2026-06-23 23:31:16','2026-06-24 00:14:22',NULL);
/*!40000 ALTER TABLE `workspaces` ENABLE KEYS */;
UNLOCK TABLES;
/*!40103 SET TIME_ZONE=@OLD_TIME_ZONE */;

/*!40101 SET SQL_MODE=@OLD_SQL_MODE */;
/*!40014 SET FOREIGN_KEY_CHECKS=@OLD_FOREIGN_KEY_CHECKS */;
/*!40014 SET UNIQUE_CHECKS=@OLD_UNIQUE_CHECKS */;
/*!40101 SET CHARACTER_SET_CLIENT=@OLD_CHARACTER_SET_CLIENT */;
/*!40101 SET CHARACTER_SET_RESULTS=@OLD_CHARACTER_SET_RESULTS */;
/*!40101 SET COLLATION_CONNECTION=@OLD_COLLATION_CONNECTION */;
/*!40111 SET SQL_NOTES=@OLD_SQL_NOTES */;

-- Dump completed on 2026-06-30 23:32:50
